"","Gene","test.type","p_value","log2.mean.Cluster_Other","log2.mean.EE","log2fold_change","Auc"
"657","Tm4sf4","hurdle",2.00141118130904e-134,-0.2278547,2.9478834,3.1757381,0.868
"142","Chgb","hurdle",2.40074743040372e-252,-2.829679,4.427552,7.257231,0.831
"253","Fxyd3","hurdle",3.35223518078815e-113,-0.1107253,2.2205176,2.3312429,0.82
"575","Sct","hurdle",1.40609616880679e-305,-1.381453,5.329522,6.710975,0.817
"579","Selm","hurdle",1.32551530670195e-78,0.03301166,1.83987817,1.80686651,0.812
"308","Hepacam2","hurdle",5.8283794969283e-98,-2.2529698,0.7663917,3.0193615,0.78
"141","Chga","hurdle",2.69481766356345e-172,-3.016426,3.266067,6.282493,0.769
"96","Bex2","hurdle",6.01182950768772e-165,-3.1983149,0.8776451,4.07596,0.768
"60","Aplp1","hurdle",1.19855314406008e-158,-2.97248,1.042361,4.014841,0.768
"158","Cpe","hurdle",3.15355841084029e-173,-3.254313,1.696623,4.950936,0.759
"455","Pcsk1n","hurdle",2.0641460143182e-175,-3.28372,1.190184,4.473904,0.754
"422","Neurod1","hurdle",6.21643236509638e-171,-3.2860066,0.3695158,3.6555224,0.754
"185","Ddc","hurdle",1.87141576596946e-62,-1.1550308,0.6871512,1.842182,0.754
"317","Hmgn3","hurdle",5.67495025501375e-139,-3.061752,1.017382,4.079134,0.752
"229","Fam183b","hurdle",4.01551305954401e-158,-1.737435,1.183783,2.921218,0.75
"580","Sepp1","hurdle",4.34105180102243e-44,-0.2469423,1.5122397,1.759182,0.749
"652","Tff3","hurdle",1.52862701059455e-39,2.468122,3.339886,0.871764,0.746
"367","Krt7","hurdle",6.79278536771541e-98,0.1019772,2.1679807,2.0660035,0.743
"264","Gch1","hurdle",1.81701613222306e-100,-2.1608954,0.5295055,2.6904009,0.731
"414","Myl7","hurdle",1.72850392621378e-181,-2.442136,2.724672,5.166808,0.729
"132","Cdkn1a","hurdle",2.2374665688496e-65,-1.110776,1.486467,2.597243,0.727
"268","Gfra3","hurdle",5.4807812634405e-133,-3.2167404,0.1107614,3.3275018,0.725
"293","Gpx3","hurdle",1.29915589956451e-150,-3.253194,1.968324,5.221518,0.724
"571","Scg5","hurdle",2.55313617224123e-157,-3.3067552,0.4302582,3.7370134,0.722
"536","Resp18","hurdle",1.44444453310978e-154,-3.295191,1.315502,4.610693,0.722
"343","Itm2c","hurdle",6.13127389564506e-72,-1.2044667,0.6080924,1.8125591,0.716
"692","Tuba1a","hurdle",4.58338921563904e-80,-2.0987649,0.1637589,2.2625238,0.713
"425","Ngfrap1","hurdle",1.79131983697884e-54,-0.1940403,1.4890654,1.6831057,0.712
"240","Fev","hurdle",4.52476560928412e-138,-3.2802957,0.3119845,3.5922802,0.709
"163","Cryba2","hurdle",2.62881897053116e-115,-3.2178316,-0.2473811,2.9704505,0.707
"707","Vwa5b2","hurdle",1.89331135233955e-130,-3.2768799,-0.2560564,3.0208235,0.706
"560","Rundc3a","hurdle",2.26556890258028e-112,-3.2233001,-0.4614368,2.7618633,0.704
"149","Cldn4","hurdle",1.22925735657036e-42,-1.653834,0.150691,1.804525,0.703
"337","Insm1","hurdle",5.7130006447712e-113,-3.1983149,-0.4121259,2.786189,0.702
"133","Cdkn1c","hurdle",2.83134781640541e-87,-2.859172,1.006543,3.865715,0.697
"454","Pcsk1","hurdle",4.15272656459564e-107,-3.1972383,-0.3458052,2.8514331,0.696
"428","Nkx2-2","hurdle",3.57591140270207e-105,-3.1907958,-0.1073637,3.0834321,0.696
"105","Cacna1a","hurdle",2.07503315950758e-54,-2.2285694,-0.2647842,1.9637852,0.695
"471","Pkm","hurdle",7.6842009268157e-23,0.841778,1.732149,0.890371,0.688
"554","Rph3al","hurdle",6.70303355759749e-60,-2.1246267,-0.1311058,1.9935209,0.686
"111","Camk2n1","hurdle",4.73333035583657e-31,-0.7264443,0.4988955,1.2253398,0.686
"430","Npdc1","hurdle",2.01401057430533e-29,-1.40053042,0.04165362,1.44218404,0.684
"122","Cck","hurdle",3.26713748591884e-110,-2.891892,4.12795,7.019842,0.678
"563","S100a13","hurdle",6.13976644487807e-37,-1.84123577,-0.03839538,1.80284039,0.675
"548","Rimbp2","hurdle",1.48737199634894e-106,-3.28372,-0.71288,2.57084,0.673
"407","Mid1ip1","hurdle",5.0804753446935e-29,-1.32568756,0.05574255,1.38143011,0.673
"16","5330417C22Rik","hurdle",1.93229455930375e-32,-2.0148125,-0.4121259,1.6026866,0.673
"578","Selk","hurdle",1.75327542324848e-16,0.7457573,1.3672581,0.6215008,0.671
"398","Marcksl1","hurdle",5.52327208801443e-31,-0.1777575,1.2918893,1.4696468,0.671
"138","Celf3","hurdle",4.29881069030349e-107,-3.2871515,-0.6774891,2.6096624,0.671
"556","Rprml","hurdle",1.73368662302494e-91,-3.213472,-0.300233,2.913239,0.669
"421","Nenf","hurdle",2.07016203075688e-18,-0.03965809,0.8127575,0.85241559,0.669
"160","Cplx2","hurdle",3.89783365674667e-71,-2.998499,-0.6429457,2.3555533,0.669
"680","Trp53i11","hurdle",3.12336792730097e-36,-1.8551766,-0.2131925,1.6419841,0.665
"609","Smim6","hurdle",6.45207741583615e-18,-0.4787498,0.5295055,1.0082553,0.664
"674","Tph1","hurdle",3.15635599127853e-109,-3.272338,1.721141,4.993479,0.663
"687","Tspan1","hurdle",4.99632342303685e-22,-0.6281464,0.5888433,1.2169897,0.662
"694","Tusc3","hurdle",3.56113281717261e-26,-1.4896475,-0.1715654,1.3180821,0.659
"272","Gip","hurdle",2.45928274141865e-135,-1.801021,5.078175,6.879196,0.659
"223","Fabp5","hurdle",5.9957505205096e-142,-2.203494,2.461814,4.665308,0.658
"89","Bambi","hurdle",5.79660107480362e-42,-2.23352692,-0.05343926,2.18008766,0.657
"492","Prnp","hurdle",4.21530244660928e-82,-3.2189236,-0.4614368,2.7574868,0.656
"256","Gadd45a","hurdle",8.10355442971247e-72,-1.21805,1.017382,2.235432,0.656
"641","Tac1","hurdle",2.45248777321291e-93,-3.21565,1.880023,5.095673,0.653
"242","Ffar2","hurdle",5.23947615233366e-68,-3.1156493,-0.5654223,2.550227,0.653
"506","Pycr2","hurdle",5.49620046850339e-27,-1.38819329,-0.08400598,1.30418731,0.651
"408","Mien1","hurdle",3.98455039040532e-14,0.5695967,1.2186403,0.6490436,0.649
"247","Fos","hurdle",2.37155750218769e-17,-0.8258885,0.335273,1.1611615,0.648
"410","Mtch1","hurdle",7.32464512246795e-23,0.7571871,1.6299159,0.8727288,0.647
"690","Ttr","hurdle",7.7540108352663e-33,-0.8091394,0.9051408,1.7142802,0.646
"439","Olfm1","hurdle",1.3506198767904e-75,-3.239831,-0.7989999,2.4408311,0.644
"528","Rbp4","hurdle",1.25759868100942e-100,-3.067642,2.304039,5.371681,0.642
"501","Ptov1","hurdle",2.58487995513349e-14,-0.1205136,0.7006639,0.8211775,0.641
"286","Gng4","hurdle",2.7351673126575e-88,-3.2974967,-0.9883887,2.309108,0.641
"76","Atp6v0b","hurdle",3.87727202199248e-12,0.3669854,0.984617,0.6176316,0.641
"695","Ubc","hurdle",7.04831369242655e-12,0.7924341,1.4062673,0.6138332,0.639
"562","S100a1","hurdle",1.80376018937283e-22,-0.3451697,0.8086035,1.1537732,0.638
"148","Cited2","hurdle",5.56458249270253e-29,-1.2545366,0.09037444,1.34491104,0.638
"469","Pkdcc","hurdle",1.48539583268701e-20,-1.8696822,-0.5762453,1.2934369,0.637
"386","Maged1","hurdle",2.2381393967198e-25,-1.7682782,-0.3738559,1.3944223,0.637
"638","Syt13","hurdle",1.7661182604081e-87,-3.302119,-1.293073,2.009046,0.636
"572","Scgn","hurdle",6.06956058211478e-89,-3.2963436,-0.1152344,3.1811092,0.636
"56","Anxa5","hurdle",1.23682412527892e-48,-2.917371,-0.7863778,2.1309932,0.636
"424","Neurog3","hurdle",7.14773424734772e-61,-2.863435,1.02814,3.891575,0.635
"702","Upp1","hurdle",1.53136855187271e-30,-1.74410126,0.09037444,1.8344757,0.634
"549","Rnase4","hurdle",3.12716669186714e-11,-0.109459,0.6317981,0.7412571,0.634
"514","Rab3d","hurdle",1.55526010828155e-16,-1.5681883,-0.4715045,1.0966838,0.634
"108","Cacna2d1","hurdle",1.98953769563064e-87,-3.3067552,-0.8245802,2.482175,0.633
"125","Cd24a","hurdle",1.40930765206129e-09,1.964623,2.55651,0.591887,0.632
"570","Scg3","hurdle",1.30998576205713e-87,-3.3102425,-0.9456602,2.3645823,0.631
"79","Atp6v1b2","hurdle",4.75350109376149e-35,-1.5430109,-0.1552451,1.3877658,0.631
"468","PISD","hurdle",3.76611679787929e-20,-0.8823006,0.1702488,1.0525494,0.63
"518","Rap1b","hurdle",3.2954856936036e-13,-0.9616543,-0.06102044,0.90063386,0.628
"254","Fxyd6","hurdle",8.22253337623946e-78,-3.2882973,-0.6891899,2.5991074,0.628
"51","Ambp","hurdle",1.59632785411798e-80,-3.246497,0.569334,3.815831,0.627
"276","Gm15200","hurdle",5.92719921780169e-55,-2.8711408,-0.6658825,2.2052583,0.626
"194","Dnajc12","hurdle",1.12974740833319e-32,-2.769238,-1.047403,1.721835,0.624
"677","Tpst2","hurdle",4.05986463634577e-34,-1.8336881,-0.4514388,1.3822493,0.621
"258","Gadd45g","hurdle",1.34186839195436e-20,-1.877421,-0.1552451,1.7221759,0.62
"288","Gnptg","hurdle",2.25833308090996e-15,-1.9296554,-0.8506224,1.079033,0.619
"427","Nisch","hurdle",1.88530716075286e-09,-0.3717949,0.2581687,0.6299636,0.618
"417","Ndrg1","hurdle",2.5441532909554e-16,-1.8412358,-0.5762453,1.2649905,0.618
"267","Gdi1","hurdle",1.17010587549047e-16,-1.931892,-0.7863778,1.1455142,0.618
"533","Reep5","hurdle",1.35939761077561e-20,-1.180866,-0.392864,0.788002,0.617
"341","Isl1","hurdle",1.53360199939405e-70,-3.28257732,-0.04589771,3.23667961,0.615
"244","Fgd2","hurdle",8.03935717136621e-48,-3.175874,-1.240478,1.935396,0.614
"553","Rogdi","hurdle",1.0264233005996e-38,-2.6356372,-0.9041608,1.7314764,0.613
"598","Slc25a4","hurdle",1.53486712095461e-09,-0.5740452,0.245932,0.8199772,0.61
"452","Pax6","hurdle",1.52786344293554e-71,-3.309079,-1.002917,2.306162,0.608
"304","H1fx","hurdle",6.7577324164703e-20,-2.3376181,-0.8117334,1.5258847,0.608
"37","Adgrg4","hurdle",1.33946720533192e-70,-3.310243,-1.077841,2.232402,0.608
"596","Slc18a1","hurdle",1.59958653222304e-49,-3.205873,-1.257798,1.948075,0.607
"489","Prkar1a","hurdle",1.26009132926388e-07,-0.3265113,0.2273801,0.5538914,0.607
"345","Junb","hurdle",8.06259899228999e-12,-0.84346569,0.09037444,0.93384013,0.607
"57","Anxa6","hurdle",6.88328967374964e-58,-3.274607,-1.293073,1.981534,0.607
"714","Ypel3","hurdle",2.20769452854585e-10,-0.9933043,-0.1391074,0.8541969,0.606
"640","Syt7","hurdle",6.06988518084065e-42,-3.152733,-1.257798,1.894935,0.606
"275","Gm14964","hurdle",9.15035257669878e-74,-3.318412,-1.293073,2.025339,0.606
"547","Riiad1","hurdle",4.13515095002359e-61,-3.290592,-1.206451,2.084141,0.605
"100","Btg2","hurdle",3.41070881354618e-14,-1.1750262,-0.1073637,1.0676625,0.605
"627","Stard10","hurdle",5.68003426278662e-09,0.9425893,1.4838646,0.5412753,0.603
"167","Ctsl","hurdle",2.04183865006519e-17,-2.403135,-1.077841,1.325294,0.603
"103","C2cd4b","hurdle",5.30335262443432e-34,-3.049071,-1.156869,1.892202,0.603
"66","Arl3","hurdle",1.36923874366906e-19,-2.1793775,-0.9178617,1.2615158,0.603
"577","Sdccag8","hurdle",4.72451028921772e-10,-0.96234,-0.1471537,0.8151863,0.602
"175","Cyp4b1","hurdle",1.10975797626943e-20,-2.4737226,-0.7863778,1.6873448,0.602
"508","Qpct","hurdle",3.70319551542068e-66,-3.312572,-1.017594,2.294978,0.601
"539","Rfx6","hurdle",3.65608476233128e-62,-3.306755,-1.56758,1.739175,0.6
"1","1110008P14Rik","hurdle",1.44861793500161e-08,-1.2303852,-0.4614368,0.7689484,0.599
"473","Pla2g2f","hurdle",3.42499086575811e-34,-3.117685,-1.40439,1.713295,0.597
"340","Isg20","hurdle",8.1645285320301e-28,-3.032656,-1.52502,1.507636,0.596
"54","Ang","hurdle",5.32697640977738e-08,-0.9627973,-0.1797952,0.7830021,0.596
"669","Tnfrsf12a","hurdle",7.5079131884857e-13,-1.7750889,-0.6429457,1.1321432,0.595
"390","Map1lc3a","hurdle",6.31395374194288e-09,-1.5495218,-0.7248725,0.8246493,0.595
"239","Fbxo9","hurdle",6.90071735190679e-16,-1.4318429,-0.4316485,1.0001944,0.595
"110","Camk2b","hurdle",1.84153846369259e-26,-2.999437,-1.483679,1.515758,0.595
"597","Slc25a35","hurdle",8.53319220750751e-24,-2.90238,-1.463445,1.438935,0.593
"513","Rab3c","hurdle",2.93232039960728e-63,-3.316073,-1.40439,1.911683,0.593
"147","Cirbp","hurdle",1.21685271364349e-06,-0.1045309,0.4410327,0.5455636,0.593
"328","Ifi27","hurdle",2.19471359467561e-06,0.1794468,0.7273154,0.5478686,0.592
"98","Bnip3","hurdle",1.061437854628e-24,-2.984502,-1.52502,1.459482,0.592
"569","Scg2","hurdle",4.08743244736111e-63,-3.3172425,-0.2560564,3.0611861,0.591
"565","S100a6","hurdle",2.70968432853837e-20,-1.077463,1.212365,2.289828,0.591
"520","Rap1gap2","hurdle",7.89882031298928e-18,-2.269281,-1.077841,1.19144,0.591
"206","Egr1","hurdle",7.26680343044574e-14,-2.0852587,-0.8905888,1.1946699,0.591
"502","Ptprn","hurdle",3.94675242863131e-56,-3.305595,-1.293073,2.012522,0.59
"397","Marcks","hurdle",2.42973076371984e-08,-0.7612211,-0.05343926,0.70778184,0.59
"248","Fosb","hurdle",1.19256333506687e-19,-2.711996,-1.223364,1.488632,0.59
"301","Gstt1","hurdle",2.62173829003972e-33,-0.9662317,0.5594795,1.5257112,0.589
"296","Grina","hurdle",1.36501551300033e-09,-1.795309,-1.047403,0.747906,0.589
"102","C1qtnf4","hurdle",8.57181589872893e-18,-2.691387,-1.40439,1.286997,0.589
"611","Snap25","hurdle",9.97011415483773e-59,-3.316073,-1.679822,1.636251,0.588
"266","Gdap1l1","hurdle",1.61329673573083e-59,-3.316073,-1.679822,1.636251,0.588
"72","Asph","hurdle",2.92977593272777e-08,-1.6942696,-0.8771433,0.8171263,0.588
"466","Pim2","hurdle",1.1379918696358e-31,-3.136134,-1.546143,1.589991,0.587
"10","1810043G02Rik","hurdle",1.18931540186602e-14,-2.613927,-1.463445,1.150482,0.587
"666","Tmigd3","hurdle",1.62516695771045e-56,-3.313738,-1.366322,1.947416,0.586
"458","Pdk3","hurdle",8.04683806573182e-14,-2.0832685,-0.9597629,1.1235056,0.586
"325","Id2","hurdle",5.23622196977399e-12,-0.9273329,0.1241944,1.0515273,0.586
"4","1500009L16Rik","hurdle",7.72751882038263e-21,-2.834692,-1.257798,1.576894,0.586
"708","Wbp2","hurdle",4.62123511893492e-07,-1.0595,-0.4024628,0.6570372,0.585
"679","Trim35","hurdle",6.74715796565368e-21,-2.876301,-1.483679,1.392622,0.585
"546","Rhoc","hurdle",2.82300008298795e-07,-1.1684181,-0.4121259,0.7562922,0.585
"87","Baiap2l2","hurdle",1.13501720414371e-06,-0.2045478,0.3581916,0.5627394,0.585
"6","1700023F06Rik","hurdle",1.34331517001382e-43,-3.281436,-1.776359,1.505077,0.585
"636","Syp","hurdle",2.79776245580544e-42,-3.275743,-1.727283,1.54846,0.584
"633","Suox","hurdle",4.10210453110101e-14,-2.567284,-1.463445,1.103839,0.584
"531","Rcn1","hurdle",1.16112032787149e-17,-2.370611,-1.047403,1.323208,0.584
"326","Id3","hurdle",7.83312404011722e-14,0.4857788,1.389678,0.9038992,0.584
"92","Bcam","hurdle",3.80323980577983e-36,-3.048101,-1.257798,1.790303,0.584
"594","Sis","hurdle",2.32167284551947e-11,-1.0730129,-0.4715045,0.6015084,0.583
"404","Mgll","hurdle",1.45365087394181e-29,-3.141301,-1.52502,1.616281,0.583
"389","Map1b","hurdle",2.35236139962413e-53,-3.311407,-1.633872,1.677535,0.583
"7","1700086L19Rik","hurdle",1.29938712882633e-52,-3.306755,-1.463445,1.84331,0.583
"327","Ids","hurdle",5.0559367007448e-26,-3.056861,-1.504201,1.55266,0.582
"318","Hpcal1","hurdle",2.86044051963679e-09,-1.0599892,-0.3274032,0.732586,0.582
"153","Cmip","hurdle",9.56080791092836e-06,-0.965315,-0.3833286,0.5819864,0.582
"44","AI413582","hurdle",1.78777696320307e-08,-1.962203,-1.124736,0.837467,0.582
"701","Upb1","hurdle",1.00484424713702e-16,-2.618243,-1.366322,1.251921,0.581
"470","Pkib","hurdle",7.97282212510308e-52,-3.3114068,-0.7369656,2.5744412,0.581
"709","Wdr6","hurdle",1.5534742353448e-12,-2.352521,-1.257798,1.094723,0.58
"451","Pax4","hurdle",6.32760115305818e-47,-3.29289,-1.44349,1.8494,0.58
"134","Ceacam10","hurdle",1.76616511590774e-05,-0.1016324,0.627088,0.7287204,0.58
"704","Vamp2","hurdle",1.92400819825903e-09,-1.954452,-1.062541,0.891911,0.579
"595","Slc16a11","hurdle",1.6597958916289e-11,-2.512697,-1.504201,1.008496,0.579
"534","Reg4","hurdle",7.34961589753883e-28,-0.8126386,3.5516714,4.36431,0.579
"524","Rasd1","hurdle",9.77067906034787e-29,-3.125855,-1.40439,1.721465,0.579
"449","Papss1","hurdle",3.28953861816975e-08,-1.4683882,-0.6891899,0.7791983,0.579
"11","2210013O21Rik","hurdle",5.21231083736725e-06,-1.2218763,-0.5654223,0.656454,0.579
"568","Scarb1","hurdle",2.13123929381182e-28,-2.825514,-1.366322,1.459192,0.578
"541","Rgs2","hurdle",9.12536011431919e-21,-2.7541192,-0.8117334,1.9423858,0.578
"375","Lmx1a","hurdle",2.74572188823947e-52,-3.314905,-1.366322,1.948583,0.578
"265","Gck","hurdle",2.80795305469694e-52,-3.316073,-1.853253,1.46282,0.578
"173","Cyp2c68","hurdle",2.56065328757417e-10,-2.299575,-1.275328,1.024247,0.578
"80","Atxn10","hurdle",2.01614537501547e-06,-1.531772,-0.8245802,0.7071918,0.578
"672","Tox3","hurdle",3.97235756402825e-13,-1.7595119,-0.6891899,1.070322,0.577
"332","Igsf8","hurdle",6.39632903991585e-16,-1.607334,-0.60921,0.998124,0.577
"587","Serpinf2","hurdle",4.46777695110613e-34,-3.249841,-1.656664,1.593177,0.576
"706","Vim","hurdle",6.6718038857223e-43,-3.278018,-0.392864,2.885154,0.575
"693","Tubb3","hurdle",4.14019981172474e-46,-3.303276,-1.347658,1.955618,0.575
"564","S100a14","hurdle",9.7003894119327e-20,-2.994753,-1.589341,1.405412,0.575
"164","Crybb1","hurdle",3.48731735817765e-48,-3.310243,-1.483679,1.826564,0.575
"374","Llgl2","hurdle",1.85585962474835e-05,-1.4548162,-0.8638219,0.5909943,0.574
"312","Hist1h1c","hurdle",3.35593138686272e-08,-1.2216026,-0.2047704,1.0168322,0.574
"109","Cacnb3","hurdle",8.36627813573459e-11,-2.565894,-1.589341,0.976553,0.574
"584","Serpina1c","hurdle",2.12122632234698e-46,-3.304435,-0.8638219,2.4406131,0.573
"460","Peg3","hurdle",9.70550479913815e-46,-3.311407,-1.633872,1.677535,0.573
"423","Neurod2","hurdle",1.98892400095816e-42,-3.299806,-1.504201,1.795605,0.573
"279","Gm43861","hurdle",4.16477353876344e-48,-3.316073,-1.656664,1.659409,0.573
"270","Ghrl","hurdle",2.30819398242671e-52,-3.115649,2.967579,6.083228,0.573
"118","Cbfa2t3","hurdle",2.11865141872959e-16,-2.89538,-1.56758,1.3278,0.573
"29","Acly","hurdle",1.79027425972365e-07,-1.7378263,-0.9041608,0.8336655,0.573
"696","Ubqln2","hurdle",5.2602042826691e-14,-2.352521,-1.275328,1.077193,0.572
"559","Rtn2","hurdle",3.22472316944694e-40,-3.298651,-1.879822,1.418829,0.572
"545","Rhob","hurdle",9.29172234457727e-11,-2.518064,-1.504201,1.013863,0.572
"26","Abcc8","hurdle",8.44013817726929e-40,-3.29289,-1.703357,1.589533,0.572
"590","Sez6l2","hurdle",7.17843045670316e-30,-3.246497,-1.934476,1.312021,0.571
"542","Rgs4","hurdle",2.57404297011305e-48,-3.3160735,-0.5546799,2.7613936,0.571
"372","Lhx1os","hurdle",6.1686412399668e-46,-3.314905,-1.934476,1.380429,0.571
"214","Etnk1","hurdle",3.67181811527608e-06,-1.6479392,-0.9456602,0.702279,0.571
"172","Cxxc5","hurdle",2.00940742011253e-11,-2.61034,-1.504201,1.106139,0.571
"52","Amigo2","hurdle",4.37245866581909e-50,-3.320755,-1.463445,1.85731,0.571
"639","Syt5","hurdle",1.05279182825193e-39,-3.302119,-1.906891,1.395228,0.57
"509","Rab15","hurdle",1.00174818859962e-06,-1.832016,-1.017594,0.814422,0.57
"305","Hap1","hurdle",1.5054916370201e-15,-2.951453,-1.776359,1.175094,0.57
"336","Impdh1","hurdle",1.06888394792557e-10,-2.606048,-1.589341,1.016707,0.569
"269","Ghr","hurdle",7.06301071378177e-08,-2.317593,-1.504201,0.813392,0.569
"177","Cyth2","hurdle",1.41398718557852e-05,-1.1461744,-0.5334322,0.6127422,0.569
"112","Camk2n2","hurdle",1.65383637562159e-25,-3.197238,-1.827163,1.370075,0.569
"527","Rbp1","hurdle",7.98843419707861e-21,-3.094449,-1.751612,1.342837,0.568
"444","Ovol2","hurdle",1.40133198139872e-05,-1.684054,-1.002917,0.681137,0.568
"324","Ica1","hurdle",2.73046216311096e-13,-2.413724,-1.31104,1.102684,0.568
"85","Bace1","hurdle",1.85022841196578e-14,-2.923589,-1.801538,1.122051,0.568
"344","Itpr3","hurdle",6.21213390531258e-09,-0.8691677,-0.1880723,0.6810954,0.567
"316","Hmgcr","hurdle",6.54441194392287e-08,-2.1277,-1.240478,0.887222,0.567
"300","Gse1","hurdle",7.59890156689812e-07,-1.911003,-1.093304,0.817699,0.567
"273","Gm11992","hurdle",5.27908822706183e-37,-3.286007,-1.56758,1.718427,0.567
"682","Trp53inp2","hurdle",1.85830803018881e-10,-2.650294,-1.589341,1.060953,0.566
"630","Stxbp1","hurdle",1.47402994360031e-19,-3.111587,-1.801538,1.310049,0.566
"612","Snx15","hurdle",4.14203028810149e-08,-1.4073611,-0.7009863,0.7063748,0.566
"373","Limd2","hurdle",1.1446669932492e-09,-2.187372,-1.240478,0.946894,0.566
"338","Ip6k2","hurdle",2.96509889790427e-05,-1.30844,-0.71288,0.59556,0.566
"691","Ttyh1","hurdle",7.10395511234913e-25,-3.20804,-1.853253,1.354787,0.565
"676","Tpst1","hurdle",1.25501576326162e-26,-3.16531,-1.633872,1.531438,0.565
"507","Pyy","hurdle",1.624891629625e-41,-3.310243,1.411755,4.721998,0.565
"461","Pfkl","hurdle",0.000179100622630588,-1.441052,-0.8771433,0.5639087,0.565
"83","B9d1","hurdle",2.34104659440089e-06,-1.864973,-1.108934,0.756039,0.565
"215","Ets1","hurdle",2.76050664097079e-30,-3.271205,-1.879822,1.391383,0.564
"603","Slc6a19","hurdle",2.28755182530804e-06,-1.6343982,-0.8506224,0.7837758,0.563
"416","Myt1","hurdle",6.2749070759137e-38,-3.306755,-1.934476,1.372279,0.563
"283","Gnao1","hurdle",3.49201303877799e-38,-3.311407,-2.050418,1.260989,0.563
"241","Ffar1","hurdle",2.21631916927265e-38,-3.309079,-1.656664,1.652415,0.563
"32","Adcy1","hurdle",1.26907440171554e-25,-3.23651,-1.934476,1.302034,0.563
"15","4933407L21Rik","hurdle",9.06648758306875e-39,-3.310243,-1.611435,1.698808,0.563
"629","Stx1a","hurdle",3.58968127835924e-23,-3.197238,-1.879822,1.317416,0.562
"532","Rcor2","hurdle",4.5173384794947e-17,-3.063712,-1.827163,1.236549,0.562
"503","Ptprn2","hurdle",5.23662103803543e-30,-3.281436,-1.991283,1.290153,0.562
"357","Kdm7a","hurdle",3.34729005498973e-09,-2.19541,-1.275328,0.920082,0.562
"321","Hspa4l","hurdle",1.36848800826957e-05,-2.002537,-1.293073,0.709464,0.562
"667","Tmprss7","hurdle",2.3445704561569e-21,-3.180122,-1.827163,1.352959,0.561
"606","Slco2a1","hurdle",3.52131942686842e-10,-2.745438,-1.751612,0.993826,0.561
"290","Golim4","hurdle",4.51151471339543e-05,-1.718391,-1.077841,0.64055,0.561
"115","Card19","hurdle",2.02707423129338e-05,-1.2776762,-0.6316126,0.6460636,0.561
"635","Syn2","hurdle",5.39001785719027e-33,-3.299806,-1.853253,1.446553,0.56
"392","Mapk15","hurdle",6.2283355497001e-37,-3.312572,-2.112081,1.200491,0.56
"362","Klc3","hurdle",7.49144592329949e-16,-3.097459,-1.991283,1.106176,0.56
"187","Disp2","hurdle",2.23595390231605e-34,-3.305595,-2.020547,1.285048,0.56
"168","Ctxn1","hurdle",1.10781711386045e-09,-2.731345,-1.751612,0.979733,0.56
"140","Chd3","hurdle",0.000223155513967949,-1.723032,-1.140713,0.582319,0.56
"88","Baiap3","hurdle",2.79548530859853e-36,-3.309079,-1.776359,1.53272,0.56
"69","Arx","hurdle",2.13993083292672e-37,-3.309079,-1.827163,1.481916,0.56
"681","Trp53i13","hurdle",2.33106407746363e-10,-2.823852,-1.827163,0.996689,0.559
"662","Tmem199","hurdle",5.35434367914764e-05,-2.008661,-1.366322,0.642339,0.559
"653","Tgfb1","hurdle",1.89773350120175e-23,-3.194013,-1.727283,1.46673,0.559
"576","Sdcbp2","hurdle",0.000396410603704163,-1.414537,-0.8245802,0.5899568,0.559
"472","Pla2g2d","hurdle",5.10742662873769e-26,-3.267811,-2.020547,1.247264,0.559
"311","Hid1","hurdle",3.31314965721819e-08,-2.637826,-1.751612,0.886214,0.559
"218","Eva1b","hurdle",4.31743939295704e-16,-3.125855,-2.08092,1.044935,0.559
"161","Cpn1","hurdle",1.50876746325897e-08,-2.697463,-1.801538,0.895925,0.559
"493","Prodh2","hurdle",2.89378206249062e-14,-3.043256,-1.934476,1.10878,0.558
"485","Ppp1r14c","hurdle",5.14948407296283e-20,-3.098463,-2.050418,1.048045,0.558
"463","Phf21b","hurdle",1.96516201031694e-09,-2.799959,-1.934476,0.865483,0.558
"368","Lcorl","hurdle",1.5170335081877e-05,-2.184702,-1.463445,0.721257,0.558
"322","Hspb1","hurdle",5.95384707823655e-38,-3.316073,-1.423808,1.892265,0.558
"315","Hk2","hurdle",1.12148091506296e-05,-1.5307546,-0.8506224,0.6801322,0.558
"200","Dusp1","hurdle",3.84713725879574e-10,-2.767639,-1.656664,1.110975,0.557
"685","Trpm2","hurdle",4.47399871158418e-39,-3.320755,-1.827163,1.493592,0.556
"631","Stxbp5","hurdle",7.33561266888568e-06,-2.378521,-1.656664,0.721857,0.556
"496","Prrg2","hurdle",0.000182169724436904,-1.4503204,-0.8771433,0.5731771,0.556
"354","Kctd12","hurdle",1.34924088311169e-09,-2.304783,-1.329233,0.97555,0.556
"204","Ece1","hurdle",0.000118753577622729,-1.704176,-1.077841,0.626335,0.556
"82","B630019K06Rik","hurdle",2.42169978899831e-21,-3.196163,-1.934476,1.261687,0.556
"65","Arhgef2","hurdle",4.32191235155335e-07,-2.558272,-1.801538,0.756734,0.556
"5","1500011B03Rik","hurdle",1.12449619250119e-05,-1.869682,-1.189733,0.679949,0.556
"712","Wnt3","hurdle",1.13323384644278e-08,-2.653244,-1.504201,1.149043,0.555
"522","Rasa4","hurdle",9.71109068684013e-07,-2.543148,-1.727283,0.815865,0.555
"441","Osbpl2","hurdle",8.4770427599608e-06,-2.394472,-1.656664,0.737808,0.555
"432","Nr4a2","hurdle",7.78782166418687e-14,-2.900627,-1.827163,1.073464,0.555
"370","Lhfpl2","hurdle",1.62272474744216e-19,-3.217832,-2.050418,1.167414,0.555
"309","Hexb","hurdle",3.33990324939808e-05,-1.6019815,-0.9456602,0.6563213,0.555
"284","Gnaz","hurdle",4.54477059941519e-29,-3.299806,-2.176498,1.123308,0.555
"227","Fam134b","hurdle",1.12667691318751e-07,-2.105818,-1.275328,0.83049,0.555
"197","Dnmt3a","hurdle",0.000398802925716551,-1.865401,-1.329233,0.536168,0.555
"183","Dctn6","hurdle",0.000171016576608921,-1.1613152,-0.6203678,0.5409474,0.555
"107","Cacna1h","hurdle",4.06293995645656e-36,-3.317242,-2.112081,1.205161,0.555
"99","Btbd17","hurdle",8.27084015187101e-29,-3.296344,-1.934476,1.361868,0.555
"213","Esyt1","hurdle",1.86507427187002e-07,-2.648822,-1.801538,0.847284,0.554
"207","Eid1","hurdle",1.17541027378243e-07,-2.534285,-1.633872,0.900413,0.554
"53","Amotl2","hurdle",9.67792534387084e-16,-3.062732,-1.879822,1.18291,0.554
"387","Maged2","hurdle",7.77842826529525e-10,-2.672563,-1.44349,1.229073,0.553
"377","Lrp11","hurdle",6.69856414109721e-32,-3.312572,-2.176498,1.136074,0.553
"219","Evpl","hurdle",8.88859110819957e-09,-2.857471,-1.9626,0.894871,0.553
"198","Dst","hurdle",1.56857026262998e-07,-2.623295,-1.751612,0.871683,0.553
"154","Cnot6l","hurdle",0.000301275701887126,-1.3434418,-0.7863778,0.557064,0.553
"136","Cela1","hurdle",3.23441390164635e-05,-1.5008938,-0.8771433,0.6237505,0.553
"116","Cartpt","hurdle",8.07228831514505e-33,-3.3079167,-0.1963972,3.1115195,0.553
"77","Atp6v0d1","hurdle",9.6594727447293e-07,-1.5088855,-0.8905888,0.6182967,0.553
"703","Usp18","hurdle",5.54905354128703e-07,-2.561731,-1.611435,0.950296,0.552
"688","Ttc39a","hurdle",1.26906997815853e-08,-2.808975,-1.991283,0.817692,0.552
"613","Sox4","hurdle",0.00217005578261897,0.844917,1.51224,0.667323,0.552
"445","Oxr1","hurdle",5.61497002169909e-06,-2.242383,-1.483679,0.758704,0.552
"388","Mageh1","hurdle",1.53061364374143e-13,-2.821362,-1.727283,1.094079,0.552
"360","Klc1","hurdle",0.000369084593680859,-1.988966,-1.385231,0.603735,0.552
"21","Abca7","hurdle",3.96985804706907e-09,-2.872859,-1.934476,0.938383,0.552
"644","Tbx3","hurdle",0.000224671518180665,-1.810867,-1.173208,0.637659,0.551
"586","Serpina1e","hurdle",7.61374445392366e-38,-3.321928,-1.423808,1.89812,0.551
"355","Kdm1a","hurdle",0.000871114388445865,-1.5159147,-0.9740048,0.5419099,0.551
"184","Ddah2","hurdle",3.80680567942473e-11,-3.034578,-2.112081,0.922497,0.551
"73","Ass1","hurdle",5.31057272675289e-10,-2.441498,-1.52502,0.916478,0.551
"28","Acadsb","hurdle",8.50572773163325e-07,-2.249618,-1.483679,0.765939,0.551
"24","Abcc3","hurdle",0.00051089983097285,-2.002066,-1.423808,0.578258,0.551
"675","Tppp3","hurdle",1.392067065001e-10,-2.927154,-1.934476,0.992678,0.55
"561","Runx1t1","hurdle",1.84291223070194e-29,-3.309079,-2.112081,1.196998,0.55
"464","Phip","hurdle",0.000240059844216759,-1.278245,-0.71288,0.565365,0.55
"411","Mtmr7","hurdle",3.33051238257421e-05,-2.447886,-1.776359,0.671527,0.55
"364","Klhdc8b","hurdle",9.4904932096131e-10,-2.837205,-1.853253,0.983952,0.55
"347","Kcnb2","hurdle",1.75745233211183e-29,-3.310243,-2.278859,1.031384,0.55
"302","Gtf2f2","hurdle",6.82756775804154e-05,-1.504218,-0.931694,0.572524,0.55
"271","Gimd1","hurdle",0.000315156328304626,-1.873976,-1.173208,0.700768,0.55
"181","Dbn1","hurdle",6.32244791000237e-30,-3.309079,-2.08092,1.228159,0.55
"178","D930028M14Rik","hurdle",5.58368572347322e-33,-3.317242,-1.727283,1.589959,0.55
"170","Cwh43","hurdle",8.06897932724426e-19,-3.211297,-1.727283,1.484014,0.55
"139","Celsr3","hurdle",1.60728648561615e-26,-3.303276,-2.31466,0.988616,0.55
"124","Cd1d1","hurdle",3.82807872303425e-13,-3.017375,-1.934476,1.082899,0.55
"93","Bco1","hurdle",1.34742487233866e-16,-3.21565,-2.243926,0.971724,0.55
"86","Bace2","hurdle",7.44749815852247e-11,-2.842245,-1.56758,1.274665,0.55
"41","Afp","hurdle",2.30751983896214e-29,-3.290592,1.372896,4.663488,0.55
"623","St18","hurdle",3.02549499779157e-23,-3.284863,-2.14393,1.140933,0.549
"632","Stxbp5l","hurdle",2.36260895469686e-27,-3.307917,-2.14393,1.163987,0.548
"448","Pam","hurdle",3.94750838726426e-12,-3.099469,-2.112081,0.987388,0.548
"409","Mmgt2","hurdle",0.000268378956003182,-2.245161,-1.679822,0.565339,0.548
"348","Kcnc1","hurdle",7.82382923383928e-32,-3.318412,-2.112081,1.206331,0.548
"274","Gm13373","hurdle",2.24995931208047e-32,-3.318412,-1.991283,1.327129,0.548
"196","Dner","hurdle",5.4220930215342e-36,-3.321928,-2.278859,1.043069,0.548
"131","Cdk8","hurdle",0.00308498091271264,-1.612706,-1.108934,0.503772,0.548
"480","Plxnb1","hurdle",2.4419949377816e-07,-2.829679,-1.991283,0.838396,0.547
"429","Noct","hurdle",1.50692995924718e-06,-2.569372,-1.801538,0.767834,0.547
"412","Muc3a","hurdle",0.000159671196533176,-1.3017714,-0.7248725,0.5768989,0.547
"379","Lrrc42","hurdle",1.58864247290796e-05,-1.745674,-1.108934,0.63674,0.547
"195","Dnase2a","hurdle",0.000188598751426917,-2.379742,-1.751612,0.62813,0.547
"719","Zfp579","hurdle",0.000644914463626381,-1.924747,-1.366322,0.558425,0.546
"713","Xpnpep2","hurdle",1.39335446095601e-06,-2.770838,-1.991283,0.779555,0.546
"342","Itfg1","hurdle",0.00296255180647915,-1.867112,-1.366322,0.50079,0.546
"230","Fam20c","hurdle",4.89035576247936e-08,-2.92448,-2.08092,0.84356,0.546
"225","Fam105a","hurdle",1.252473075633e-10,-3.047131,-2.050418,0.996713,0.546
"123","Cd177","hurdle",5.0747340716334e-08,-2.153568,-1.257798,0.89577,0.546
"13","2610524H06Rik","hurdle",9.11721313490829e-07,-2.74151,-1.906891,0.834619,0.546
"710","Whrn","hurdle",0.000163368582452433,-2.443411,-1.801538,0.641873,0.545
"697","Ucn3","hurdle",1.02205547240346e-31,-3.320755,-1.703357,1.617398,0.545
"601","Slc38a11","hurdle",1.38461566121862e-30,-3.318412,-2.050418,1.267994,0.545
"583","Serpina1b","hurdle",5.398569389998e-17,-3.230991,-1.934476,1.296515,0.545
"573","Scn3a","hurdle",5.58151043214852e-29,-3.317242,-2.31466,1.002582,0.545
"558","Rsph9","hurdle",5.41534333221236e-16,-3.23651,-2.31466,0.92185,0.545
"465","Phldb2","hurdle",1.31395927086643e-07,-2.915599,-2.176498,0.739101,0.545
"152","Cln3","hurdle",0.000205754530886433,-2.388316,-1.751612,0.636704,0.545
"36","Adgrg1","hurdle",0.000196468833751301,-2.325217,-1.679822,0.645395,0.545
"655","Tle2","hurdle",1.66995364797456e-20,-3.288297,-2.31466,0.973637,0.544
"654","Th","hurdle",3.9868383739946e-21,-3.264424,-2.08092,1.183504,0.544
"550","Rnf145","hurdle",0.00156549201534027,-2.15409,-1.611435,0.542655,0.544
"530","Rcan3","hurdle",2.12222760053339e-06,-2.80487,-2.020547,0.784323,0.544
"356","Kdm6b","hurdle",0.00244567169157594,-2.063516,-1.546143,0.517373,0.544
"250","Foxa2","hurdle",5.05288569403862e-05,-2.297843,-1.589341,0.708502,0.544
"234","Fam43a","hurdle",4.3060720703936e-17,-3.262171,-2.278859,0.983312,0.544
"120","Ccdc68","hurdle",5.48037074920352e-06,-2.760466,-2.020547,0.739919,0.544
"68","Arrdc4","hurdle",0.000473736793634792,-1.804706,-1.257798,0.546908,0.544
"43","Agtrap","hurdle",0.00195631293528524,-2.091746,-1.546143,0.545603,0.544
"39","Adprm","hurdle",0.000732390250884342,-2.304783,-1.751612,0.553171,0.544
"673","Tpbg","hurdle",3.53691336385469e-10,-2.722799,-1.853253,0.869546,0.543
"628","Stx18","hurdle",0.00309996327198414,-2.085259,-1.56758,0.517679,0.543
"604","Slc6a7","hurdle",2.77343993047454e-07,-2.92181,-2.112081,0.809729,0.543
"394","Mapk8ip2","hurdle",4.63137291251599e-28,-3.318412,-2.31466,1.003752,0.543
"280","Gm609","hurdle",1.34451990775471e-10,-3.101481,-2.176498,0.924983,0.543
"278","Gm43194","hurdle",2.71407354785072e-32,-3.321928,-2.351372,0.970556,0.543
"130","Cdk5r2","hurdle",7.72150269728609e-30,-3.320755,-2.351372,0.969383,0.543
"71","Asic5","hurdle",2.52036613579452e-29,-3.3184125,-0.1073637,3.2110488,0.543
"64","Arhgdig","hurdle",1.97728531170961e-08,-2.500695,-1.633872,0.866823,0.543
"23","Abcb9","hurdle",5.73284429366947e-06,-2.793436,-2.050418,0.743018,0.543
"12","2310022B05Rik","hurdle",6.41953591435517e-05,-2.486159,-1.801538,0.684621,0.543
"9","1810041L15Rik","hurdle",1.0005028755864e-26,-3.316073,-2.278859,1.037214,0.543
"711","Wipi1","hurdle",0.00218394137540148,-1.562286,-1.032421,0.529865,0.542
"617","Sqle","hurdle",0.00182299342371564,-2.164573,-1.589341,0.575232,0.542
"567","Sbk1","hurdle",7.91750193952562e-06,-2.783708,-2.050418,0.73329,0.542
"566","Samd14","hurdle",6.54493055534875e-13,-3.169526,-2.278859,0.890667,0.542
"537","Ret","hurdle",7.91549025713822e-23,-3.304435,-2.243926,1.060509,0.542
"512","Rab3b","hurdle",1.99132016662843e-21,-3.298651,-2.209818,1.088833,0.542
"487","Ppp2r5b","hurdle",6.05709716518219e-06,-2.767639,-2.020547,0.747092,0.542
"406","Mical2","hurdle",2.34239657926254e-06,-2.774848,-1.991283,0.783565,0.542
"192","Dnaja4","hurdle",1.77594697716062e-11,-3.156913,-2.243926,0.912987,0.542
"74","Atp2a3","hurdle",8.96508603899792e-06,-2.290936,-1.751612,0.539324,0.542
"63","Arg1","hurdle",1.14357769737774e-20,-3.140266,-1.679822,1.460444,0.542
"40","Adrbk2","hurdle",0.0016788905772768,-2.246831,-1.679822,0.567009,0.542
"665","Tmem53","hurdle",0.000570887651659816,-2.178315,-1.589341,0.588974,0.541
"656","Tle6","hurdle",2.12408510363441e-16,-3.257675,-2.209818,1.047857,0.541
"459","Pdlim7","hurdle",3.7580402624588e-11,-3.183316,-2.351372,0.831944,0.541
"433","Nrp1","hurdle",1.47003339378125e-10,-3.049071,-2.08092,0.968151,0.541
"382","Lypd1","hurdle",1.29912657667637e-16,-3.259921,-2.176498,1.083423,0.541
"251","Fsd1l","hurdle",0.00138854510474043,-2.256329,-1.679822,0.576507,0.541
"143","Chordc1","hurdle",0.0034843808122875,-2.21271,-1.703357,0.509353,0.541
"45","AI467606","hurdle",3.03932021770497e-10,-3.129958,-2.243926,0.886032,0.541
"22","Abcb10","hurdle",0.000456050243815104,-2.403755,-1.776359,0.627396,0.541
"607","Smad6","hurdle",2.20766692625338e-06,-2.79425,-2.020547,0.773703,0.54
"605","Slc7a4","hurdle",0.000514297299930952,-2.263072,-1.679822,0.58325,0.54
"529","Rbpms","hurdle",4.45704926989719e-14,-3.225493,-2.243926,0.981567,0.54
"446","Pabpc1l","hurdle",1.62958779235108e-08,-3.030737,-2.209818,0.820919,0.54
"292","Gpsm1","hurdle",5.92330251691833e-10,-3.156913,-2.351372,0.805541,0.54
"208","Eif4e3","hurdle",7.01162125465453e-10,-3.093447,-2.112081,0.981366,0.54
"171","Cxxc4","hurdle",4.94350992007007e-20,-3.297497,-2.278859,1.018638,0.54
"84","B9d2","hurdle",0.000589286818088185,-2.521428,-1.934476,0.586952,0.54
"55","Ank","hurdle",0.000429476631409767,-2.392623,-1.703357,0.689266,0.54
"581","Serinc1","hurdle",3.59040423482376e-06,-1.732748,-1.140713,0.592035,0.539
"329","Ift57","hurdle",9.89598688067614e-17,-3.281436,-2.389042,0.892394,0.539
"263","Gcg","hurdle",5.31398268881669e-27,-3.279156,1.924848,5.204004,0.539
"203","Dync2li1","hurdle",4.04046545660759e-07,-2.956909,-2.176498,0.780411,0.539
"186","Dfna5","hurdle",1.02543826503051e-08,-2.757289,-1.827163,0.930126,0.539
"180","Dapp1","hurdle",0.00085479420239284,-2.520081,-1.9626,0.557481,0.539
"649","Tecpr1","hurdle",0.00649499650835277,-2.110371,-1.589341,0.52103,0.538
"474","Pla2g7","hurdle",1.33663941984542e-28,-3.321928,-1.879822,1.442106,0.538
"395","Mapre3","hurdle",2.3616140170899e-10,-3.181186,-2.351372,0.829814,0.538
"384","Madd","hurdle",0.00420258493229477,-2.287495,-1.776359,0.511136,0.538
"295","Grik5","hurdle",1.30619111429671e-07,-3.060772,-2.31466,0.746112,0.538
"220","F2","hurdle",2.27225859775172e-22,-3.313738,-2.389042,0.924696,0.538
"199","Dtx3","hurdle",1.28116927986818e-09,-3.173755,-2.427723,0.746032,0.538
"159","Cplx1","hurdle",1.29473039333402e-22,-3.314905,-2.389042,0.925863,0.538
"101","Btg3","hurdle",4.336435517288e-05,-2.801594,-2.112081,0.689513,0.538
"626","Stam2","hurdle",0.000461814973664794,-2.20945,-1.656664,0.552786,0.537
"620","Sst","hurdle",1.8983996018914e-44,-3.139232,3.258473,6.397705,0.537
"602","Slc39a2","hurdle",1.44320417164098e-13,-3.204791,-1.934476,1.270315,0.537
"589","Serpini1","hurdle",2.53736523632522e-12,-3.217832,-2.389042,0.82879,0.537
"526","Rbfox2","hurdle",0.0048040489974468,-2.130266,-1.611435,0.518831,0.537
"519","Rap1gap","hurdle",1.42185247367591e-05,-2.833019,-2.112081,0.720938,0.537
"491","Prmt2","hurdle",2.1750584512325e-05,-2.898876,-2.209818,0.689058,0.537
"477","Pld3","hurdle",0.0023609135171184,-2.312922,-1.776359,0.536563,0.537
"358","Kif12","hurdle",0.000470599127674311,-2.458165,-1.853253,0.604912,0.537
"281","Gm8773","hurdle",1.22486711326007e-16,-3.270073,-2.176498,1.093575,0.537
"261","Gatm","hurdle",2.87623315078103e-20,-3.304435,-2.243926,1.060509,0.537
"236","Fars2","hurdle",6.16906050581102e-09,-0.9468774,-0.3274032,0.6194742,0.537
"201","Dusp18","hurdle",2.31919684750941e-05,-2.891892,-2.209818,0.682074,0.537
"176","Cyth1","hurdle",0.00110384297013437,-2.537006,-1.9626,0.574406,0.537
"144","Chpf","hurdle",9.29237727357796e-07,-3.01358,-2.351372,0.662208,0.537
"59","Apbb1","hurdle",2.33149951721323e-20,-3.307917,-2.427723,0.880194,0.537
"664","Tmem44","hurdle",6.52000303596791e-13,-3.253194,-2.389042,0.864152,0.536
"619","Ssfa2","hurdle",4.79926288932188e-09,-2.653982,-1.801538,0.852444,0.536
"442","Osbpl5","hurdle",2.14124404613776e-08,-3.138198,-2.427723,0.710475,0.536
"287","Gnpda2","hurdle",0.00276414262342011,-2.325805,-1.776359,0.549446,0.536
"282","Gmpr","hurdle",2.69585521080957e-09,-3.160056,-2.278859,0.881197,0.536
"262","Gatsl2","hurdle",6.14159213571956e-06,-2.92181,-2.31466,0.60715,0.536
"224","Fam101a","hurdle",4.84204149952094e-14,-3.256554,-2.243926,1.012628,0.536
"212","Epb42","hurdle",7.56702304520398e-15,-3.27688,-2.427723,0.849157,0.536
"91","BC048546","hurdle",4.27005507203226e-14,-3.255433,-2.112081,1.143352,0.536
"683","Trpa1","hurdle",1.17649166322124e-21,-3.314905,-2.14393,1.170975,0.535
"625","St8sia3","hurdle",9.32835821931904e-27,-3.321928,-2.389042,0.932886,0.535
"621","Sstr1","hurdle",1.78605094091303e-23,-3.319583,-2.508341,0.811242,0.535
"551","Rnf19b","hurdle",0.00458559734235075,-2.39756,-1.879822,0.517738,0.535
"540","Rgs17","hurdle",8.35637374537205e-18,-3.300962,-2.31466,0.986302,0.535
"525","Rasgrf1","hurdle",1.67487567072229e-24,-3.320755,-2.31466,1.006095,0.535
"495","Prps1","hurdle",0.000522738001758213,-1.859002,-1.329233,0.529769,0.535
"371","Lhx1","hurdle",9.11172566858678e-24,-3.318412,-2.467469,0.850943,0.535
"361","Klc2","hurdle",9.82567784958658e-05,-2.816394,-2.243926,0.572468,0.535
"299","Gsdma","hurdle",3.1814665332738e-22,-3.314905,-1.9626,1.352305,0.535
"291","Gpr119","hurdle",7.97785522840544e-23,-3.318412,-2.427723,0.890689,0.535
"277","Gm42637","hurdle",9.32835821926961e-27,-3.321928,-1.546143,1.775785,0.535
"257","Gadd45b","hurdle",0.0016681177461044,-2.563811,-2.020547,0.543264,0.535
"237","Fbxl16","hurdle",1.24892877946808e-19,-3.311407,-2.508341,0.803066,0.535
"226","Fam117a","hurdle",2.26174016818763e-06,-3.031696,-2.31466,0.717036,0.535
"150","Cldn6","hurdle",6.20227335951832e-21,-3.314905,-2.508341,0.806564,0.535
"78","Atp6v0e2","hurdle",0.000575554330533182,-2.715845,-2.112081,0.603764,0.535
"75","Atp6v0a1","hurdle",0.0010637755001992,-2.624741,-2.112081,0.51266,0.535
"67","Arl8a","hurdle",0.00553579686640776,-2.341776,-1.827163,0.514613,0.535
"58","Ap3b2","hurdle",5.60265586910809e-22,-3.317242,-2.550405,0.766837,0.535
"31","Acvrl1","hurdle",4.98779966652326e-20,-3.312572,-2.508341,0.804231,0.535
"684","Trpc1","hurdle",3.8184915805749e-15,-3.27688,-2.427723,0.849157,0.534
"484","Pomgnt2","hurdle",0.000480148208597869,-2.680063,-2.176498,0.503565,0.534
"483","Pomc","hurdle",5.26960249576788e-06,-3.014528,-2.31466,0.699868,0.534
"426","Nipal2","hurdle",0.00333799572107494,-2.139542,-1.611435,0.528107,0.534
"231","Fam216a","hurdle",0.000257011598338292,-2.448526,-1.853253,0.595273,0.534
"205","Efcab1","hurdle",2.13904136615212e-05,-2.954179,-2.278859,0.67532,0.534
"705","Vgf","hurdle",2.26476959355575e-20,-3.316073,-1.703357,1.612716,0.533
"661","Tmem163","hurdle",9.4820066504314e-22,-3.319583,-2.508341,0.811242,0.533
"622","Sstr5","hurdle",1.68375600242157e-23,-3.318412,-2.593733,0.724679,0.533
"615","Spock2","hurdle",5.45263796832667e-20,-3.316073,-2.467469,0.848604,0.533
"400","Mcf2l","hurdle",0.00117933483320804,-2.57216,-1.9626,0.60956,0.533
"369","Lefty1","hurdle",6.68963036509926e-06,-3.037465,-2.351372,0.686093,0.533
"191","Dnah9","hurdle",1.16809878816082e-22,-3.320755,-2.467469,0.853286,0.533
"129","Cdc42ep3","hurdle",2.21852496921132e-11,-3.248726,-2.467469,0.781257,0.533
"90","BC023829","hurdle",0.000817999401927874,-2.504019,-1.934476,0.569543,0.533
"33","Adcy2","hurdle",1.04311407286971e-21,-3.319583,-2.550405,0.769178,0.533
"19","9530053A07Rik","hurdle",2.45693286595912e-12,-3.252075,-2.389042,0.863033,0.533
"2","1110017D15Rik","hurdle",3.25814688928137e-12,-3.262171,-2.467469,0.794702,0.533
"716","Zbtb4","hurdle",0.000308166953138647,-2.838883,-2.209818,0.629065,0.532
"699","Unc13a","hurdle",2.29920890831587e-13,-3.289444,-2.593733,0.695711,0.532
"591","Sh2d3c","hurdle",0.000101062450820513,-2.90238,-2.243926,0.658454,0.532
"511","Rab37","hurdle",1.58391692471147e-13,-3.286007,-2.508341,0.777666,0.532
"504","Ptprs","hurdle",0.00233784972980387,-2.671815,-2.14393,0.527885,0.532
"482","Pnmal2","hurdle",2.27505821100548e-09,-3.21456,-2.427723,0.786837,0.532
"419","Nefl","hurdle",8.29746303329498e-19,-3.309079,-2.176498,1.132581,0.532
"385","Maff","hurdle",5.83988735488436e-05,-2.955088,-2.351372,0.603716,0.532
"381","Lynx1","hurdle",2.83262987196156e-15,-3.299806,-2.550405,0.749401,0.532
"323","Iapp","hurdle",1.73770324262641e-25,-3.282577,1.438884,4.721461,0.532
"249","Foxa1","hurdle",3.3293869421321e-06,-2.269846,-1.633872,0.635974,0.532
"233","Fam222a","hurdle",0.00506199737773287,-2.388316,-1.879822,0.508494,0.532
"189","Dll4","hurdle",0.000896704897342981,-2.725901,-2.08092,0.644981,0.532
"166","Ctsf","hurdle",5.03339734902346e-10,-3.235404,-2.508341,0.727063,0.532
"146","Cidea","hurdle",1.10513228279067e-12,-3.2343,-2.31466,0.91964,0.532
"114","Capsl","hurdle",9.51483596354363e-06,-3.004136,-2.243926,0.76021,0.532
"678","Trf","hurdle",4.73967301369278e-07,-3.068626,-2.31466,0.753966,0.531
"646","Tceal1","hurdle",3.41887045321872e-05,-2.992884,-2.351372,0.641512,0.531
"643","Tbc1d8","hurdle",0.0001687132809665,-2.943308,-2.351372,0.591936,0.531
"642","Tbc1d16","hurdle",1.57924027029665e-08,-3.206956,-2.508341,0.698615,0.531
"478","Plekhg6","hurdle",0.00165621352358376,-2.695181,-2.08092,0.614261,0.531
"319","Hpd","hurdle",0.000511599831369164,-2.708157,-2.112081,0.596076,0.531
"193","Dnajb9","hurdle",0.000761247649904254,-2.20945,-1.656664,0.552786,0.531
"698","Unc119","hurdle",0.00211168935292047,-2.753328,-2.243926,0.509402,0.53
"689","Ttll7","hurdle",3.58786335420678e-07,-3.167416,-2.508341,0.659075,0.53
"637","Syt11","hurdle",4.10099760069216e-06,-3.023087,-2.351372,0.671715,0.53
"592","Sh3kbp1","hurdle",5.27024903128243e-09,-3.22989,-2.508341,0.721549,0.53
"552","Rnf217","hurdle",0.00204800419195602,-2.788564,-2.278859,0.509705,0.53
"494","Prox1","hurdle",5.10724623172015e-07,-3.094449,-2.31466,0.779789,0.53
"486","Ppp1r15a","hurdle",0.000191237074879933,-2.854922,-2.243926,0.610996,0.53
"479","Plk5","hurdle",2.84515426076976e-14,-3.303276,-2.638402,0.664874,0.53
"476","Plcxd3","hurdle",5.39257957467726e-20,-3.319583,-2.550405,0.769178,0.53
"475","Plcb4","hurdle",0.000541872292916123,-2.850684,-2.243926,0.606758,0.53
"457","Pde2a","hurdle",9.29758781810471e-07,-3.139232,-2.389042,0.75019,0.53
"420","Nefm","hurdle",1.17059584982278e-17,-3.312572,-2.351372,0.9612,0.53
"363","Klf2","hurdle",1.3334721467565e-11,-3.232093,-2.31466,0.917433,0.53
"351","Kcnj3","hurdle",2.23508463875511e-19,-3.318412,-2.427723,0.890689,0.53
"334","Il11ra1","hurdle",0.000916761476311869,-2.374256,-1.801538,0.572718,0.53
"232","Fam221a","hurdle",0.00299445881244257,-2.672563,-2.112081,0.560482,0.53
"157","Col27a1","hurdle",1.60926483446334e-14,-3.302119,-2.550405,0.751714,0.53
"113","Capn2","hurdle",1.11108117111357e-08,-3.220016,-2.593733,0.626283,0.53
"18","9330020H09Rik","hurdle",0.00310085334277926,-2.74151,-2.209818,0.531692,0.53
"3","1110032F04Rik","hurdle",5.36494603939552e-20,-3.319583,-2.467469,0.852114,0.53
"718","Zfp512b","hurdle",0.000207254381702713,-2.95327,-2.351372,0.601898,0.529
"700","Unc5a","hurdle",1.91864411971037e-07,-3.196163,-2.508341,0.687822,0.529
"647","Tceal8","hurdle",5.54958740071173e-05,-3.031696,-2.389042,0.642654,0.529
"610","Smox","hurdle",0.00149314410347535,-2.325217,-1.751612,0.573605,0.529
"600","Slc35g2","hurdle",3.46457350839306e-05,-2.891021,-2.209818,0.681203,0.529
"555","Rpp25","hurdle",1.48927378609373e-19,-2.937005,-1.801538,1.135467,0.529
"523","Rasal2","hurdle",1.22462710726103e-08,-2.946923,-2.14393,0.802993,0.529
"521","Rapgef4","hurdle",2.80067881636674e-10,-3.134072,-2.427723,0.706349,0.529
"393","Mapk8ip1","hurdle",2.23609512304358e-12,-3.287152,-2.508341,0.778811,0.529
"391","Map3k15","hurdle",1.52060495982297e-05,-3.083467,-2.427723,0.655744,0.529
"245","Fkbp1b","hurdle",4.97854492287545e-11,-3.278018,-2.593733,0.684285,0.529
"238","Fbxo44","hurdle",2.51129726655525e-05,-3.061752,-2.508341,0.553411,0.529
"126","Cd59a","hurdle",0.000132481439990298,-3.01358,-2.427723,0.585857,0.529
"27","Abhd8","hurdle",2.07989106337495e-06,-3.149606,-2.508341,0.641265,0.529
"25","Abcc5","hurdle",0.00166913003762799,-2.839723,-2.31466,0.525063,0.529
"538","Rev3l","hurdle",0.00520236188151808,-2.559655,-2.050418,0.509237,0.528
"497","Prrx2","hurdle",2.66895120381934e-18,-3.319583,-2.427723,0.89186,0.528
"453","Pclo","hurdle",1.49679879233981e-16,-3.316073,-2.550405,0.765668,0.528
"436","Ntrk1","hurdle",4.89164886580856e-19,-3.320755,-2.638402,0.682353,0.528
"434","Nrxn2","hurdle",3.36201164096119e-18,-3.319583,-2.593733,0.72585,0.528
"418","Necab2","hurdle",2.27952848884316e-18,-3.318412,-2.593733,0.724679,0.528
"403","Mfng","hurdle",8.65464853621078e-12,-3.254313,-2.389042,0.865271,0.528
"366","Klhl7","hurdle",9.96083268740463e-05,-3.039393,-2.427723,0.61167,0.528
"211","Epb41l1","hurdle",0.000217631508250936,-2.981719,-2.389042,0.592677,0.528
"81","Azin2","hurdle",2.04042738692225e-09,-3.248726,-2.550405,0.698321,0.528
"50","Alpl","hurdle",2.01969607331537e-18,-3.319583,-2.278859,1.040724,0.528
"17","6430573F11Rik","hurdle",0.000492848668295468,-2.857471,-2.278859,0.578612,0.528
"715","Zbtb37","hurdle",0.000587098508641543,-2.903258,-2.31466,0.588598,0.527
"658","Tmeff1","hurdle",0.000558125407439118,-2.841404,-2.278859,0.562545,0.527
"543","Rgs7","hurdle",4.52584657085388e-15,-3.312572,-2.684498,0.628074,0.527
"456","Pde1c","hurdle",2.15159496768814e-14,-3.310243,-2.684498,0.625745,0.527
"440","Ooep","hurdle",1.20029613715951e-15,-3.297497,-1.611435,1.686062,0.527
"405","Miat","hurdle",1.87304626638615e-15,-3.311407,-2.550405,0.761002,0.527
"376","Lrfn4","hurdle",0.00454539880214447,-2.732124,-2.209818,0.522306,0.527
"350","Kcnh3","hurdle",5.52774356754062e-11,-3.289444,-2.684498,0.604946,0.527
"121","Ccdc92","hurdle",2.50127330256935e-07,-3.21674,-2.593733,0.623007,0.527
"104","C2cd4c","hurdle",3.93785635410992e-11,-3.290592,-2.684498,0.606094,0.527
"46","Ak1","hurdle",6.20915014312726e-06,-3.15796,-2.550405,0.607555,0.527
"663","Tmem27","hurdle",5.53483475638685e-11,-3.266681,-2.427723,0.838958,0.526
"624","St6galnac4","hurdle",5.5433531711845e-10,-3.275743,-2.593733,0.68201,0.526
"510","Rab27a","hurdle",0.000105133425610826,-3.032656,-2.508341,0.524315,0.526
"498","Prss30","hurdle",0.00279587017656081,-2.818876,-2.209818,0.609058,0.526
"438","Nucb2","hurdle",0.00507481228174684,-2.74151,-2.209818,0.531692,0.526
"353","Kctd11","hurdle",2.11051312736648e-06,-3.197238,-2.593733,0.603505,0.526
"339","Iqsec1","hurdle",1.83119015929646e-05,-2.715074,-2.112081,0.602993,0.526
"217","Etv5","hurdle",0.000253164412934247,-3.055885,-2.508341,0.547544,0.526
"190","Dmwd","hurdle",0.000106458820132089,-3.061752,-2.550405,0.511347,0.526
"127","Cd83","hurdle",0.000516323042368981,-2.817221,-2.209818,0.607403,0.526
"650","Tekt2","hurdle",5.31770721941717e-16,-3.318412,-2.593733,0.724679,0.525
"634","Sybu","hurdle",3.06857133019296e-11,-3.300962,-2.684498,0.616464,0.525
"608","Smim13","hurdle",0.00050032766747699,-2.308847,-1.801538,0.507309,0.525
"599","Slc26a4","hurdle",1.63279623507631e-16,-3.319583,-2.638402,0.681181,0.525
"588","Serping1","hurdle",2.46320384426938e-12,-3.303276,-2.638402,0.664874,0.525
"574","Scrn1","hurdle",2.14992671246837e-19,-3.321928,-2.508341,0.813587,0.525
"396","March4","hurdle",3.0964573859445e-17,-3.320755,-2.732116,0.588639,0.525
"365","Klhl32","hurdle",1.59325056748016e-07,-3.244271,-2.638402,0.605869,0.525
"349","Kcnh2","hurdle",5.49231044047468e-12,-3.304435,-2.732116,0.572319,0.525
"298","Grm4","hurdle",4.57682850868136e-06,-3.177996,-2.550405,0.627591,0.525
"216","Etv1","hurdle",2.52772095359956e-17,-3.320755,-2.593733,0.727022,0.525
"209","Enho","hurdle",3.81575093257802e-15,-3.314905,-2.732116,0.582789,0.525
"156","Cntnap2","hurdle",2.94263297778605e-17,-3.320755,-2.684498,0.636257,0.525
"155","Cnr1","hurdle",5.03957796634319e-12,-3.304435,-2.638402,0.666033,0.525
"117","Cbarp","hurdle",2.15948285257014e-07,-3.233196,-2.684498,0.548698,0.525
"97","Bmi1","hurdle",0.000799118896779649,-2.594663,-2.08092,0.513743,0.525
"30","Acsl6","hurdle",2.31590983808012e-12,-3.306755,-2.638402,0.668353,0.525
"20","9930012K11Rik","hurdle",5.21302121183888e-06,-3.170582,-2.550405,0.620177,0.525
"618","Ssbp2","hurdle",1.90934182635949e-05,-3.148565,-2.550405,0.59816,0.524
"535","Rem2","hurdle",4.69140264926374e-09,-3.278018,-2.638402,0.639616,0.524
"435","Nt5e","hurdle",4.40387173532522e-09,-3.212384,-2.467469,0.744915,0.524
"399","Mboat4","hurdle",1.03497518199859e-11,-3.29174,-2.550405,0.741335,0.524
"380","Ltk","hurdle",2.67319754678298e-09,-3.284863,-2.684498,0.600365,0.524
"378","Lrp8","hurdle",8.42755880151825e-06,-3.20047,-2.638402,0.562068,0.524
"297","Grk5","hurdle",3.19625781998272e-05,-3.15169,-2.638402,0.513288,0.524
"294","Grasp","hurdle",0.00184602474872207,-2.884942,-2.351372,0.53357,0.524
"259","Gamt","hurdle",0.000218204289525056,-2.711227,-2.112081,0.599146,0.524
"128","Cdc14b","hurdle",0.00264825951376161,-2.620406,-2.112081,0.508325,0.524
"614","Sphkap","hurdle",1.84485638464535e-15,-3.320755,-2.78136,0.539395,0.523
"557","Rptoros","hurdle",7.21244640934386e-10,-3.267811,-2.638402,0.629409,0.523
"515","Rabl2","hurdle",0.000575743796520753,-2.753328,-2.243926,0.509402,0.523
"499","Prune2","hurdle",1.08899823367542e-07,-3.266681,-2.732116,0.534565,0.523
"450","Parvb","hurdle",1.48292704103362e-17,-3.321928,-2.78136,0.540568,0.523
"415","Mylip","hurdle",3.33511635707205e-07,-3.256554,-2.684498,0.572056,0.523
"413","Mum1l1","hurdle",7.09036781571414e-15,-3.319583,-2.638402,0.681181,0.523
"346","Kazald1","hurdle",5.05263913629221e-09,-3.264424,-2.550405,0.714019,0.523
"313","Hist1h4h","hurdle",0.000110765494175599,-2.701273,-1.9626,0.738673,0.523
"310","Hhex","hurdle",2.49191718170913e-14,-3.316073,-1.934476,1.381597,0.523
"303","Gxylt2","hurdle",2.29147035454978e-05,-3.189725,-2.638402,0.551323,0.523
"289","Golga7b","hurdle",1.09606409002199e-10,-3.133042,-2.427723,0.705319,0.523
"243","Ffar4","hurdle",0.00738267193296837,-2.605333,-2.08092,0.524413,0.523
"235","Far1","hurdle",3.80188952187146e-06,-3.180122,-2.550405,0.629717,0.523
"221","Fabp3","hurdle",1.48292704104195e-17,-3.321928,-2.243926,1.078002,0.523
"182","Dbpht2","hurdle",1.00388072667344e-14,-3.319583,-2.732116,0.587467,0.523
"135","Ceacam20","hurdle",0.032390296587402,-2.511359,-1.991283,0.520076,0.523
"720","Zfyve16","hurdle",0.00138590757604249,-3.016426,-2.508341,0.508085,0.522
"668","Tmprss9","hurdle",7.89511910410348e-13,-3.311407,-2.550405,0.761002,0.522
"651","Tenm4","hurdle",3.47448159117079e-09,-3.297497,-2.78136,0.516137,0.522
"544","Rhbdl3","hurdle",1.34235594575621e-09,-3.297497,-2.78136,0.516137,0.522
"505","Ptpru","hurdle",2.24860906174521e-09,-3.29404,-2.732116,0.561924,0.522
"488","Prex1","hurdle",2.94562692738705e-06,-3.24316,-2.732116,0.511044,0.522
"467","Pirt","hurdle",0.000141209399632775,-3.15796,-2.638402,0.519558,0.522
"359","Kif19a","hurdle",2.82768766269393e-10,-3.300962,-2.78136,0.519602,0.522
"307","Hdc","hurdle",7.17776819046237e-12,-3.305595,-2.467469,0.838126,0.522
"285","Gng2","hurdle",1.23680888182232e-11,-3.310243,-2.732116,0.578127,0.522
"202","Dusp4","hurdle",0.000261281720907163,-3.148565,-2.638402,0.510163,0.522
"145","Chst8","hurdle",6.68069833525011e-09,-3.295191,-2.78136,0.513831,0.522
"137","Celf2","hurdle",2.61561072792265e-08,-3.287152,-2.732116,0.555036,0.522
"70","Asgr1","hurdle",1.68771962199728e-08,-3.14441,-2.427723,0.716687,0.522
"48","Akr1c14","hurdle",0.000144998166826208,-2.836367,-2.31466,0.521707,0.522
"8","1700088E04Rik","hurdle",0.000261281720907658,-3.148565,-2.638402,0.510163,0.522
"670","Tnfrsf21","hurdle",3.11681688038228e-05,-2.989153,-2.427723,0.56143,0.521
"645","Tbx3os2","hurdle",3.69519761951412e-07,-3.270073,-2.684498,0.585575,0.521
"314","Hivep3","hurdle",0.000241553956783478,-3.130985,-2.593733,0.537252,0.521
"106","Cacna1c","hurdle",1.2767404759198e-08,-3.282577,-2.684498,0.598079,0.521
"47","Akap17b","hurdle",5.16503808152267e-05,-3.201549,-2.684498,0.517051,0.521
"14","4732419C18Rik","hurdle",3.78870650085976e-05,-3.119723,-2.508341,0.611382,0.521
"686","Tshz2","hurdle",1.25002498433072e-10,-3.312572,-2.78136,0.531212,0.52
"659","Tmem108","hurdle",2.90563717742119e-11,-3.304435,-2.638402,0.666033,0.52
"516","Rai2","hurdle",6.15195024049935e-10,-3.309079,-2.78136,0.527719,0.52
"500","Ptger3","hurdle",1.48657506025143e-12,-3.318412,-2.732116,0.586296,0.52
"431","Nptx1","hurdle",1.66507332256306e-10,-3.305595,-2.684498,0.621097,0.52
"331","Igfbp7","hurdle",1.02278322666318e-15,-3.321928,-2.593733,0.728195,0.52
"320","Hrh3","hurdle",2.5684055311732e-12,-3.317242,-2.684498,0.632744,0.52
"260","Gata5os","hurdle",1.53017685754249e-06,-3.230991,-2.684498,0.546493,0.52
"95","Bex1","hurdle",0.00042856948278806,-2.920033,-2.14393,0.776103,0.52
"62","Apom","hurdle",1.4564561888822e-09,-3.306755,-2.78136,0.525395,0.52
"34","Adcy8","hurdle",1.4697738112901e-08,-3.300962,-2.78136,0.519602,0.52
"517","Ramp2","hurdle",2.81783483808156e-08,-3.298651,-2.78136,0.517291,0.519
"490","Prkar1b","hurdle",1.92321237225538e-08,-3.278018,-2.684498,0.59352,0.519
"255","Fyn","hurdle",0.000323339903467307,-3.076522,-2.508341,0.568181,0.519
"246","Fmo2","hurdle",2.70989998429073e-07,-3.288297,-2.78136,0.506937,0.519
"165","Cspg5","hurdle",4.62379229038013e-08,-3.290592,-2.732116,0.558476,0.519
"38","Adgrl1","hurdle",8.16100423819412e-05,-3.127905,-2.593733,0.534172,0.519
"671","Tnnc1","hurdle",2.19038255074777e-07,-3.262171,-2.684498,0.577673,0.518
"585","Serpina1d","hurdle",1.58362105723299e-11,-3.319583,-2.732116,0.587467,0.518
"481","Pnmal1","hurdle",8.65369385543933e-11,-3.318412,-2.78136,0.537052,0.518
"447","Pak3","hurdle",2.63336635026153e-11,-3.318412,-2.78136,0.537052,0.518
"402","Meg3","hurdle",7.5717371257713e-12,-3.317242,-1.801538,1.515704,0.518
"335","Il17re","hurdle",2.45041873710786e-05,-3.096455,-2.550405,0.54605,0.518
"210","Enpp2","hurdle",4.51435473712464e-12,-3.320755,-2.684498,0.636257,0.518
"169","Cutal","hurdle",0.00121583489862895,-3.160056,-2.638402,0.521654,0.518
"94","Bdnf","hurdle",2.1410985763506e-11,-3.319583,-2.78136,0.538223,0.518
"61","Apoa2","hurdle",7.96174740206641e-06,-3.052961,-2.467469,0.585492,0.518
"35","Adgrf5","hurdle",7.06404600581467e-14,-3.321928,-2.732116,0.589812,0.518
"462","Pfn2","hurdle",2.35738842220015e-05,-3.24094,-2.732116,0.508824,0.517
"228","Fam167a","hurdle",7.99562437127887e-09,-3.299806,-2.593733,0.706073,0.517
"162","Crip2","hurdle",0.000309590385076681,-3.15169,-2.638402,0.513288,0.517
"660","Tmem158","hurdle",0.0025883372996295,-2.661386,-2.14393,0.517456,0.516
"333","Ikzf4","hurdle",1.90667348176635e-06,-3.278018,-2.732116,0.545902,0.516
"717","Zcchc12","hurdle",1.35087466161772e-09,-3.317242,-2.638402,0.67884,0.515
"593","Shisa9","hurdle",4.89634930650869e-12,-3.321928,-2.732116,0.589812,0.515
"443","Otop3","hurdle",0.0209313639013764,-2.929834,-2.389042,0.540792,0.515
"179","Dapl1","hurdle",4.89634930650657e-12,-3.321928,-2.351372,0.970556,0.515
"119","Ccdc184","hurdle",6.52226593181769e-10,-3.319583,-2.78136,0.538223,0.515
"49","Alb","hurdle",6.78644065222386e-10,-3.319583,-2.684498,0.635085,0.515
"437","Nts","hurdle",6.4841532304343e-13,-3.3021185,0.6735107,3.9756292,0.514
"383","Lyzl4","hurdle",7.26283314523541e-07,-3.289444,-2.638402,0.651042,0.514
"330","Igfbp2","hurdle",2.03702116947406e-08,-3.29174,-2.684498,0.607242,0.514
"151","Cldn9","hurdle",3.4481399105301e-06,-3.296344,-2.78136,0.514984,0.514
"648","Tdo2","hurdle",7.01944496121027e-09,-3.320755,-2.684498,0.636257,0.513
"582","Serpina1a","hurdle",1.40200580025646e-08,-3.320755,-2.732116,0.588639,0.513
"401","Mdk","hurdle",2.08361358070557e-09,-3.189725,-2.427723,0.762002,0.513
"252","Fxyd2","hurdle",5.80450672680633e-08,-3.318412,-2.684498,0.633914,0.513
"42","Agr3","hurdle",0.000309823977196417,-1.637315,-1.047403,0.589912,0.513
"352","Kcnk2","hurdle",2.4162078309024e-08,-3.321928,-2.732116,0.589812,0.51
"188","Dlk1","hurdle",0.000126705547587804,-3.296344,-2.732116,0.564228,0.509
"174","Cyp2j5","hurdle",1.74984289725928e-06,-3.321928,-2.684498,0.63743,0.508
"306","Hbb-bs","hurdle",2.71295222659248e-08,-3.312572,-1.483679,1.828893,0.507
"222","Fabp4","hurdle",0.000474554544748288,-3.320755,-1.9626,1.358155,0.505
"616","Sprr1a","hurdle",0.208597270085901,-3.181186,-2.389042,0.792144,0.503
