"","Gene","test.type","p_value","log2.mean.Cluster_Other","log2.mean.Ent","log2fold_change","Auc"
"192","Crip1","hurdle",0,3.602811,5.687772,2.084961,0.911
"275","Fabp2","hurdle",0,2.067843,5.269298,3.201455,0.899
"97","Apoc3","hurdle",0,0.09870425,4.30409088,4.20538663,0.884
"10","2200002D01Rik","hurdle",0,1.416897,3.744142,2.327245,0.883
"93","Apoa4","hurdle",0,0.6117678,5.0253805,4.4136127,0.881
"92","Apoa1","hurdle",0,1.875024,5.992644,4.11762,0.881
"578","Rbp2","hurdle",0,2.058558,5.707835,3.649277,0.88
"695","Smim24","hurdle",0,2.022689,3.965716,1.943027,0.878
"274","Fabp1","hurdle",0,2.481218,5.660818,3.1796,0.877
"565","Prap1","hurdle",0,3.215876,4.757774,1.541898,0.873
"351","Guca2b","hurdle",0,1.154234,4.662656,3.508422,0.873
"704","Spink1","hurdle",0,-0.386984,3.250872,3.637856,0.865
"314","Ggt1","hurdle",0,-1.915024,1.718749,3.633773,0.861
"159","Ces2e","hurdle",0,-0.0776209,2.5712288,2.6488497,0.861
"148","Cdhr5","hurdle",0,-0.1003538,2.3250252,2.425379,0.86
"649","Slc27a4","hurdle",0,-1.579249,1.582627,3.161876,0.859
"218","Cyp4f14","hurdle",0,-0.989858,2.052599,3.042457,0.859
"408","Lct","hurdle",0,-1.88511,2.029513,3.914623,0.855
"94","Apob","hurdle",0,-0.7637166,2.0968161,2.8605327,0.855
"39","Ace","hurdle",0,-2.02619,1.579702,3.605892,0.855
"713","St3gal4","hurdle",0,0.2046177,2.6807651,2.4761474,0.854
"162","Cgref1","hurdle",0,-1.042868,1.630654,2.673522,0.849
"440","Mep1b","hurdle",0,-1.709245,1.573415,3.28266,0.847
"228","Dgat1","hurdle",0,0.1853911,2.3312492,2.1458581,0.846
"176","Clec2h","hurdle",0,-1.226852,1.983466,3.210318,0.846
"40","Ace2","hurdle",0,-2.15059,1.401882,3.552472,0.845
"147","Cdhr2","hurdle",0,-1.006886,1.722542,2.729428,0.844
"680","Slc5a1","hurdle",0,-0.4631577,2.328265,2.7914227,0.843
"412","Lgals3","hurdle",0,-0.6201189,2.3297579,2.9498768,0.843
"410","Leap2","hurdle",0,-1.684498,1.992919,3.677417,0.84
"472","Mttp","hurdle",0,-0.608434,2.006673,2.615107,0.839
"182","Cndp2","hurdle",0,-1.071993,1.804638,2.876631,0.836
"48","Acsl5","hurdle",0,-0.04549182,2.25525199,2.30074381,0.836
"692","Slc9a3r1","hurdle",0,-0.01034194,2.05560951,2.06595145,0.832
"404","Krt20","hurdle",0,-1.196503,1.741733,2.938236,0.832
"241","Dpep1","hurdle",0,-2.068787,1.14747,3.216257,0.832
"58","Adh6a","hurdle",0,-0.7190542,2.3099771,3.0290313,0.831
"791","Vil1","hurdle",0,0.4459994,2.3255241,1.8795247,0.83
"86","Anpep","hurdle",0,0.4444109,3.1839419,2.739531,0.829
"760","Treh","hurdle",0,-2.408437,1.035441,3.443878,0.827
"170","Ckmt1","hurdle",0,0.8879378,3.024697,2.1367592,0.827
"459","Mogat2","hurdle",0,-1.346305,1.445224,2.791529,0.826
"79","Alpi","hurdle",0,-1.434334,1.532514,2.966848,0.825
"512","P4hb","hurdle",0,1.316881,2.852954,1.536073,0.821
"481","Myo1a","hurdle",0,-0.3015581,1.7111322,2.0126903,0.82
"187","Cox7a1","hurdle",0,-0.7583266,2.0547071,2.8130337,0.82
"49","Actb","hurdle",1.2240979038105e-314,2.320401,3.569082,1.248681,0.82
"210","Cyp2d26","hurdle",0,-1.946061,1.158153,3.104214,0.818
"464","Ms4a10","hurdle",0,-0.04470426,2.15242809,2.19713235,0.817
"191","Creb3l3","hurdle",0,-1.637034,1.195206,2.83224,0.816
"621","Sepp1","hurdle",0,-0.859031,2.018138,2.877169,0.815
"648","Slc26a6","hurdle",0,-1.845709,1.085196,2.930905,0.814
"551","Pls1","hurdle",0,-0.7071663,1.5729947,2.280161,0.814
"479","Myo15b","hurdle",0,-1.197086,1.133862,2.330948,0.81
"374","Ifi27l2b","hurdle",8.54722365949891e-270,2.753945,3.845373,1.091428,0.808
"311","Gda","hurdle",0,-2.3149478,0.9921024,3.3070502,0.803
"77","Aldob","hurdle",0,1.590718,3.176633,1.585915,0.801
"267","Ephx2","hurdle",0,-1.401027,1.129869,2.530896,0.8
"686","Slc6a8","hurdle",0,-1.7433407,0.9186111,2.6619518,0.799
"566","Prdx5","hurdle",0,0.8493392,2.387762,1.5384228,0.799
"399","Khk","hurdle",0,0.7149675,2.5596127,1.8446452,0.799
"87","Anxa2","hurdle",5.48931635811917e-319,0.1212201,1.9368808,1.8156607,0.799
"238","Dnase1","hurdle",0,-2.374396,1.177628,3.552024,0.797
"694","Smim22","hurdle",0,0.5270756,2.071163,1.5440874,0.795
"673","Slc43a2","hurdle",0,-2.0827316,0.8488301,2.9315617,0.795
"529","Pepd","hurdle",0,-1.06692,1.233459,2.300379,0.795
"27","Abhd11os","hurdle",5.27656949166232e-273,0.9870289,2.3167682,1.3297393,0.793
"204","Cyp2b10","hurdle",0,-2.8189788,0.7900348,3.6090136,0.792
"62","Agpat2","hurdle",1.68881519061455e-319,-0.3125759,1.4415461,1.754122,0.792
"684","Slc6a19","hurdle",0,-2.4097886,0.7467338,3.1565224,0.79
"429","Maoa","hurdle",0,-0.4906013,1.7122772,2.2028785,0.789
"47","Acox1","hurdle",0,-1.189813,1.045167,2.23498,0.789
"738","Tm6sf2","hurdle",0,-1.147487,1.079883,2.22737,0.787
"214","Cyp3a13","hurdle",0,-2.1802669,0.8383803,3.0186472,0.787
"195","Cst6","hurdle",0,-1.4141896,0.9073239,2.3215135,0.787
"737","Tm4sf5","hurdle",2.96933453150589e-320,1.701457,3.18229,1.480833,0.786
"200","Cyb5r3","hurdle",0,0.008245806,1.682596665,1.674350859,0.784
"353","H2-Q2","hurdle",0,-0.7435537,1.2238562,1.9674099,0.782
"158","Ces2a","hurdle",0,-1.139897,1.170425,2.310322,0.781
"473","Muc13","hurdle",4.68418693256326e-228,2.068085,3.06738,0.999295,0.779
"258","Enpep","hurdle",0,-1.9504799,0.8306687,2.7811486,0.779
"609","Scp2","hurdle",0,1.129094,2.53113,1.402036,0.778
"270","Espn","hurdle",0,-1.4610546,0.6623595,2.1234141,0.778
"342","Gsdmd","hurdle",0,-1.4638594,0.7864152,2.2502746,0.776
"799","Xdh","hurdle",0,-2.0230836,0.5936044,2.616688,0.775
"630","Sis","hurdle",0,-1.70219,1.116669,2.818859,0.775
"343","Gsta1","hurdle",0,-0.8284362,2.5388953,3.3673315,0.775
"229","Dgat2","hurdle",0,-2.192427,0.4545591,2.6469861,0.774
"144","Cda","hurdle",5.932881223713e-299,0.7270849,2.1827584,1.4556735,0.774
"105","Arg2","hurdle",3.26957093804549e-299,-0.5291866,1.6818175,2.2110041,0.774
"446","Mgam","hurdle",0,0.1071151,1.7683999,1.6612848,0.773
"536","Phgr1","hurdle",9.08228474792777e-217,2.494734,3.483595,0.988861,0.772
"743","Tmem120a","hurdle",1.90092073000979e-297,-0.7973708,1.1270095,1.9243803,0.771
"474","Muc3","hurdle",3.34591269160033e-277,-0.2867387,1.5181816,1.8049203,0.771
"494","Npc1l1","hurdle",0,-2.0360693,0.5861289,2.6221982,0.77
"325","Gna11","hurdle",3.23706110026586e-257,0.2346624,1.7015548,1.4668924,0.768
"167","Cideb","hurdle",0,-1.4274739,0.7437505,2.1712244,0.767
"337","Gpt","hurdle",0,-2.3315014,0.4306424,2.7621438,0.766
"312","Gde1","hurdle",0,-1.86134,0.581959,2.443299,0.766
"338","Gpx4","hurdle",3.3161338880813e-254,1.569829,2.711819,1.14199,0.762
"113","Atp1a1","hurdle",1.4664241877438e-287,1.68525,2.965748,1.280498,0.762
"70","Aldh1a1","hurdle",0,-2.0496995,0.8999731,2.9496726,0.762
"232","Dhrs1","hurdle",4.94065645841247e-324,-0.5113055,1.2738287,1.7851342,0.761
"729","Tcn2","hurdle",2.39937180893179e-298,-1.0007635,0.7943663,1.7951298,0.76
"719","Sult1b1","hurdle",8.54993157557048e-299,-1.2960806,0.8592048,2.1552854,0.758
"428","Mall","hurdle",3.15805820397412e-313,-1.7682599,0.3959087,2.1641686,0.758
"283","Fam213b","hurdle",1.56988612159268e-264,-0.3727473,1.2603232,1.6330705,0.758
"678","Slc51b","hurdle",0,-2.3586497,0.3863758,2.7450255,0.757
"317","Glod5","hurdle",7.30910261900696e-258,0.1581729,1.7808232,1.6226503,0.755
"580","Rdh7","hurdle",0,-1.751885,0.7586054,2.5104904,0.754
"298","Fmo5","hurdle",0,-2.0256714,0.4025444,2.4282158,0.754
"88","Aoc1","hurdle",8.0541990205891e-269,-0.8940666,0.8824481,1.7765147,0.754
"611","Sec14l2","hurdle",0,-2.4111413,0.2288787,2.64002,0.751
"677","Slc51a","hurdle",0,-1.9568864,0.3978077,2.3546941,0.75
"659","Slc35c2","hurdle",2.02891409344388e-313,-1.4586049,0.5727426,2.0313475,0.75
"590","Rfk","hurdle",1.72108580062153e-267,-0.2974871,1.2377058,1.5351929,0.75
"720","Sult2b1","hurdle",3.33378201083703e-281,-1.2811624,0.6416742,1.9228366,0.749
"331","Gpd1","hurdle",4.39934154200393e-303,-0.9186267,0.9939867,1.9126134,0.749
"555","Pnp2","hurdle",7.41123085620523e-256,-1.2379118,0.5144231,1.7523349,0.747
"586","Reg3a","hurdle",0,-1.017149,2.335714,3.352863,0.746
"450","Mgst3","hurdle",1.86650873620707e-193,2.48772,3.58771,1.09999,0.745
"272","Exoc3l4","hurdle",8.15978492211289e-283,-1.6670206,0.4063226,2.0733432,0.743
"468","mt-Nd1","hurdle",1.32041391577618e-153,3.88354,4.654737,0.771197,0.742
"310","Gchfr","hurdle",0,-2.2627291,0.1789535,2.4416826,0.742
"66","Akr1b7","hurdle",0,-2.7369656,0.2246053,2.9615709,0.74
"346","Gstm3","hurdle",7.40309805802878e-314,-0.9411674,1.2670917,2.2082591,0.738
"213","Cyp3a11","hurdle",0,-3.0086771,0.3228279,3.331505,0.738
"128","Bpnt1","hurdle",2.5595197644626e-223,0.1138322,1.5234098,1.4095776,0.738
"15","AA467197","hurdle",4.27184869941994e-255,-1.2960806,0.7105212,2.0066018,0.737
"646","Slc25a45","hurdle",2.96439387504748e-323,-2.2070382,0.1656403,2.3726785,0.736
"593","Rhoc","hurdle",5.0163286018638e-250,-1.4940016,0.4654653,1.9594669,0.735
"490","Nat8","hurdle",0,-2.5214961,0.1215039,2.643,0.732
"504","Ogdh","hurdle",9.10371725191522e-208,-0.1081488,1.1847946,1.2929434,0.731
"456","Mme","hurdle",1.43771072329998e-316,-2.1659231,0.2363268,2.4022499,0.731
"350","Guca2a","hurdle",1.62556489968433e-262,0.2864848,1.6783063,1.3918215,0.731
"199","Cyb5b","hurdle",3.57423661208648e-189,0.5792687,1.7164679,1.1371992,0.731
"463","Mpp1","hurdle",1.92154981379037e-286,-1.9261012,0.2761018,2.202203,0.73
"432","Marc2","hurdle",1.67091649119543e-193,1.754265,2.840616,1.086351,0.729
"85","Ano6","hurdle",1.98631056119016e-255,-1.2457346,0.5549825,1.8007171,0.729
"38","Acbd4","hurdle",1.43569206036081e-218,-1.1901029,0.4708876,1.6609905,0.729
"528","Pdzk1","hurdle",0,-2.88511008,0.04237729,2.92748737,0.728
"438","Mdh2","hurdle",4.97310869173594e-177,2.361308,3.435758,1.07445,0.728
"98","Apol10a","hurdle",4.07431644882838e-308,-2.1088346,0.1712024,2.280037,0.728
"549","Plin3","hurdle",2.97561398466359e-219,-0.3928184,0.9908448,1.3836632,0.727
"696","Smlr1","hurdle",7.68158319266417e-274,-1.9677934,0.2373877,2.2051811,0.726
"470","mt-Nd4","hurdle",1.34314383244791e-125,3.921842,4.583733,0.661891,0.726
"282","Fam213a","hurdle",5.202306166598e-241,-1.4568577,0.5038822,1.9607399,0.726
"418","Lpgat1","hurdle",3.1244410031286e-262,-1.2436243,0.5836284,1.8272527,0.725
"388","Iqgap2","hurdle",1.69592608868803e-258,-1.6429818,0.2945666,1.9375484,0.725
"220","Cyp4v3","hurdle",1.20893800826344e-282,-1.5372875,0.4753906,2.0126781,0.725
"489","Naprt","hurdle",4.44347451046798e-239,-0.8026871,0.7028611,1.5055482,0.724
"544","Plac8","hurdle",9.87756018863335e-145,4.20548,5.086963,0.881483,0.723
"700","Soat2","hurdle",1.49853054640816e-282,-2.19300861,-0.03108669,2.16192192,0.722
"81","Amn","hurdle",3.99139573175576e-260,-1.1693526,0.5919465,1.7612991,0.722
"685","Slc6a20a","hurdle",7.22068623759726e-286,-2.1785381,0.1329503,2.3114884,0.721
"513","Papss2","hurdle",7.70113479190081e-304,-2.002037,0.7652406,2.7672776,0.721
"625","Sgpl1","hurdle",4.52184391427274e-245,-1.4649126,0.3738882,1.8388008,0.72
"688","Slc7a7","hurdle",3.43322705236221e-253,-1.205277,0.6035119,1.8087889,0.719
"449","Mgst2","hurdle",2.11144330909104e-223,-0.08989005,1.43739762,1.52728767,0.719
"140","Cbr1","hurdle",1.23580786658214e-270,0.1746105,1.651099,1.4764885,0.718
"437","Mdh1","hurdle",2.07081638082456e-165,1.622261,2.563636,0.941375,0.717
"623","Serpinb6a","hurdle",1.67864763040234e-172,-0.02347149,1.28053438,1.30400587,0.716
"542","Pkm","hurdle",1.98792703445299e-174,0.7236221,1.7822777,1.0586556,0.715
"394","Itpk1","hurdle",1.4150825253246e-185,-1.139617,0.3426809,1.4822979,0.713
"150","Cdkn1a","hurdle",8.01038404187934e-200,-1.2475459,0.3515264,1.5990723,0.713
"273","Ezr","hurdle",4.93058537791846e-176,-0.08853667,1.10276583,1.1913025,0.711
"587","Reg3b","hurdle",5.99350457880682e-142,2.676978,4.3383,1.661322,0.71
"752","Tmem37","hurdle",3.79932989627456e-212,-1.312734,0.368088,1.680822,0.709
"242","Dpp4","hurdle",3.45483898282347e-213,-0.8608782,0.6568195,1.5176977,0.709
"690","Slc7a9","hurdle",6.76072867816692e-205,-1.70924484,0.04116279,1.75040763,0.708
"524","Pcyt2","hurdle",7.4285049088114e-175,-0.8057973,0.5144231,1.3202204,0.708
"327","Gng12","hurdle",1.81469147819563e-159,0.1478752,1.2738287,1.1259535,0.708
"550","Plpp1","hurdle",1.81586767744095e-246,-2.02101671,0.04843446,2.06945117,0.707
"561","Ppp1r14d","hurdle",2.0711308876812e-161,0.8110578,1.7566089,0.9455511,0.706
"365","Hkdc1","hurdle",2.11995669099298e-227,-1.97527757,-0.04005631,1.93522126,0.706
"26","Abcg8","hurdle",1.79520142719311e-240,-2.06345969,-0.03108669,2.032373,0.706
"451","Mical1","hurdle",7.74461474133297e-262,-2.3327827,-0.1648395,2.1679432,0.705
"8","2010106E10Rik","hurdle",4.94065645841247e-324,-2.7259816,-0.2089534,2.5170282,0.704
"733","Tgfbi","hurdle",3.2194020287299e-255,-2.2590705,-0.1017698,2.1573007,0.703
"96","Apoc2","hurdle",3.69101798740568e-160,-3.106093,-1.124213,1.98188,0.702
"6","2010003K11Rik","hurdle",2.44271630735912e-314,-2.6918777,-0.3107202,2.3811575,0.702
"477","Myh14","hurdle",3.38621962496888e-141,-0.4431284,0.6912942,1.1344226,0.7
"735","Tkfc","hurdle",1.05094640565878e-179,-0.6326881,0.7733089,1.405997,0.698
"156","Ces1f","hurdle",8.44626641281971e-227,-1.872943,0.26678,2.139723,0.698
"381","Igsf9","hurdle",3.41034009751189e-227,-2.1647817,-0.1860166,1.9787651,0.697
"172","Clca4b","hurdle",5.49580507600689e-180,-0.7693437,0.7489672,1.5183109,0.696
"247","Edf1","hurdle",1.60900714279243e-104,2.090035,2.734538,0.644503,0.695
"269","Erich4","hurdle",1.33059425027484e-257,-2.508407,-0.3580053,2.1504017,0.694
"739","Tmbim6","hurdle",5.4287496227321e-99,2.126532,2.768693,0.642161,0.69
"632","Slc13a2","hurdle",0,-3.057622,-0.4695622,2.5880598,0.689
"532","Pfkp","hurdle",1.94110109416443e-170,-1.6617781,-0.01079172,1.65098638,0.688
"371","Hsd17b6","hurdle",4.63299598448347e-291,-2.7009487,-0.1439689,2.5569798,0.688
"650","Slc28a1","hurdle",1.48219693752374e-323,-2.9633215,-0.4869779,2.4763436,0.686
"482","Myo5b","hurdle",8.73839988394492e-186,-1.3083162,0.2213919,1.5297081,0.685
"754","Tmem86b","hurdle",1.55300296431669e-227,-2.3963305,-0.3216156,2.0747149,0.684
"721","Surf4","hurdle",2.77294544962613e-119,0.2075954,1.1514154,0.94382,0.684
"584","Reep6","hurdle",4.4859168929182e-154,-0.8279844,0.4816714,1.3096558,0.684
"177","Clic5","hurdle",1.65383690769546e-235,-2.4726595,-0.3389049,2.1337546,0.683
"25","Abcg5","hurdle",1.51760141090932e-220,-2.3796825,-0.3612134,2.0184691,0.683
"681","Slc5a11","hurdle",5.1881695045084e-306,-2.9232033,-0.5478148,2.3753885,0.682
"129","Bst1","hurdle",0,-2.9944131,-0.4068928,2.5875203,0.682
"614","Sec23a","hurdle",9.91846272317179e-178,-1.8808869,-0.1945752,1.6863117,0.681
"291","Fbln1","hurdle",1.034285385886e-178,-1.206451,0.26678,1.473231,0.681
"56","Adh1","hurdle",5.29092266502157e-112,0.06723563,1.225461,1.15822537,0.68
"541","Pklr","hurdle",1.48637179683388e-163,-1.7835082,-0.1732731,1.6102351,0.679
"215","Cyp3a25","hurdle",1.71717241886207e-305,-2.9367771,-0.4712944,2.4654827,0.679
"492","Neat1","hurdle",6.83129679975162e-128,-0.8606472,0.4444889,1.3051361,0.678
"409","Ldha","hurdle",2.03531638190722e-80,2.861171,3.431013,0.569842,0.678
"466","Ms4a8a","hurdle",4.2993652389069e-118,-0.9056984,0.282283,1.1879814,0.677
"146","Cdh17","hurdle",6.41034887378197e-105,0.6660953,1.4797004,0.8136051,0.677
"475","Mvp","hurdle",5.49941585632364e-115,-0.7793534,0.3367537,1.1161071,0.675
"51","Acy1","hurdle",5.66180661350624e-177,-1.8627278,-0.1138945,1.7488333,0.675
"618","Sectm1b","hurdle",9.1553204930939e-150,-1.204984,0.346619,1.551603,0.674
"357","Hagh","hurdle",2.77787940938958e-143,-0.8452515,0.4744912,1.3197427,0.673
"753","Tmem86a","hurdle",4.42885669170519e-148,-1.7050908,-0.1746835,1.5304073,0.672
"543","Pla2g12b","hurdle",8.02081091377217e-137,-1.52259222,-0.08708784,1.43550438,0.672
"467","mt-Co1","hurdle",1.01605336117625e-107,0.470538,1.337051,0.866513,0.671
"354","H2-T23","hurdle",2.27597366290514e-122,-0.6842937,0.4834609,1.1677546,0.671
"165","Chka","hurdle",1.72825679501151e-131,-1.078427,0.209548,1.287975,0.671
"89","Ap2a2","hurdle",2.22794558598944e-130,-1.23042974,0.06286875,1.29329849,0.67
"23","Abcd3","hurdle",1.94905726043546e-136,-0.8120379,0.4545591,1.266597,0.67
"689","Slc7a8","hurdle",8.51115492281427e-151,-1.78132,-0.1917167,1.5896033,0.669
"497","Nr1i3","hurdle",1.807842390798e-194,-2.4336466,-0.5904738,1.8431728,0.669
"406","Lap3","hurdle",3.21486758748449e-136,-0.3377583,0.8072835,1.1450418,0.669
"670","Slc3a1","hurdle",1.69368377190158e-182,-2.2948315,-0.5010634,1.7937681,0.668
"545","Plec","hurdle",1.06427662998461e-144,-1.5872543,-0.1004289,1.4868254,0.668
"341","Grina","hurdle",1.57838949555391e-174,-2.0507533,-0.3564039,1.6943494,0.668
"268","Eps8l2","hurdle",2.88880094617899e-132,-1.0752063,0.1656403,1.2408466,0.668
"252","Ehd1","hurdle",9.29814343890792e-140,-1.6003105,-0.2017464,1.3985641,0.668
"233","Dhrs11","hurdle",1.00205126802875e-114,-1.13905647,0.08425296,1.22330943,0.667
"211","Cyp2j6","hurdle",3.43412750877664e-141,-1.2938954,0.0759745,1.3698699,0.666
"169","Ckb","hurdle",1.69701312959853e-102,1.147129,2.065201,0.918072,0.666
"785","Upp1","hurdle",3.7607320951572e-150,-1.9367771,-0.3278787,1.6088984,0.665
"486","Naaladl1","hurdle",3.25363459767817e-239,-2.7861384,-0.5999167,2.1862217,0.665
"622","Serpinb1a","hurdle",1.16315686503145e-89,0.7432114,1.6637807,0.9205693,0.664
"417","Lpcat3","hurdle",1.62979142245756e-105,-0.5337838,0.4888162,1.0226,0.664
"155","Ceacam20","hurdle",3.59791268470063e-252,-2.9002269,-0.7474215,2.1528054,0.662
"585","Reg1","hurdle",6.48791828124598e-137,0.3051393,2.9002746,2.5951353,0.661
"326","Gnb1","hurdle",1.23741956550096e-82,0.7932555,1.4979632,0.7047077,0.661
"186","Coro2a","hurdle",2.09379109612147e-102,-1.016377,0.1329503,1.1493273,0.661
"634","Slc16a10","hurdle",2.52619286194452e-140,-1.5424664,-0.1508923,1.3915741,0.659
"453","Misp","hurdle",1.2948601028177e-82,0.1683975,0.9461243,0.7777268,0.659
"304","Gal3st2","hurdle",1.00490477124308e-199,-2.6134859,-0.6520053,1.9614806,0.659
"64","Ahnak","hurdle",3.48749082063026e-193,-2.5458055,-0.5662074,1.9795981,0.659
"789","Vat1","hurdle",6.30769700176575e-136,-1.9964422,-0.5260488,1.4703934,0.658
"557","Por","hurdle",1.07519190761499e-134,-1.7171706,-0.2514792,1.4656914,0.658
"469","mt-Nd2","hurdle",1.6129471304236e-64,2.4962,3.00178,0.50558,0.658
"368","Hsd17b11","hurdle",8.5649154527952e-101,-0.8729433,0.2256748,1.0986181,0.658
"143","Cd82","hurdle",5.72104219627125e-102,-0.7606957,0.2771339,1.0378296,0.658
"257","Eno1","hurdle",7.13311981338126e-108,0.2138616,1.0934219,0.8795603,0.657
"671","Slc3a2","hurdle",4.84015263792675e-108,-0.5813412,0.4807759,1.0621171,0.656
"356","Hadh","hurdle",8.5077520468029e-85,1.257617,1.941119,0.683502,0.656
"246","Eci3","hurdle",4.85470696039332e-232,-2.859031,-0.7621882,2.0968428,0.656
"198","Cyb5a","hurdle",1.97090440155534e-107,1.856524,2.583169,0.726645,0.655
"55","Adap1","hurdle",1.86075254904344e-154,-2.2029321,-0.5699142,1.6330179,0.655
"712","Srxn1","hurdle",1.99286082331226e-139,-2.0313809,-0.4404297,1.5909512,0.653
"29","Abhd17a","hurdle",2.00490489483023e-99,0.09917941,0.98011086,0.88093145,0.653
"732","Tfg","hurdle",2.80298279395243e-92,-0.03868047,0.84535524,0.88403571,0.652
"138","Casp7","hurdle",2.31392901048075e-96,-0.7323083,0.3037111,1.0360194,0.652
"34","Abr","hurdle",1.39071680277354e-106,-1.3576713,-0.1329601,1.2247112,0.651
"598","Rmdn3","hurdle",2.17048383056824e-114,-1.36617313,-0.09107723,1.2750959,0.65
"352","H2-Q1","hurdle",3.84069214965356e-221,-2.8757419,-0.8008686,2.0748733,0.65
"285","Fam234a","hurdle",1.16116800539801e-97,-1.16535227,-0.02853415,1.13681812,0.65
"235","Dlst","hurdle",7.19965874570955e-93,-0.6503511,0.3416948,0.9920459,0.649
"109","Asah2","hurdle",9.05322972629432e-228,-2.9348301,-0.8791858,2.0556443,0.649
"617","Sec31a","hurdle",2.97046596064641e-94,-0.6409965,0.3288126,0.9698091,0.648
"384","Il18","hurdle",1.77741774912817e-141,-1.9702838,-0.1193162,1.8509676,0.647
"194","Cs","hurdle",1.09858448655977e-74,0.3245719,1.0360507,0.7114788,0.647
"50","Actn4","hurdle",2.07518383606703e-72,0.05736622,0.80012156,0.74275534,0.647
"476","Mxd1","hurdle",5.8126563470006e-155,-2.2700742,-0.3216156,1.9484586,0.646
"807","Zzef1","hurdle",2.08980377080888e-99,-1.5402446,-0.3247437,1.2155009,0.645
"345","Gstk1","hurdle",1.78197524932418e-150,-2.2842577,-0.5923574,1.6919003,0.645
"59","Adipor2","hurdle",3.1579008039176e-89,-0.6904398,0.3188243,1.0092641,0.644
"2","1700019G17Rik","hurdle",5.73331281727594e-134,-2.2029321,-0.6441688,1.5587633,0.644
"652","Slc2a2","hurdle",6.11619323819948e-233,-3.0210167,-0.8907293,2.1302874,0.642
"518","Pbld2","hurdle",2.46206838149416e-99,-1.3177993,-0.1370785,1.1807208,0.642
"276","Fahd1","hurdle",1.33028264680025e-105,-0.1812764,0.8831261,1.0644025,0.642
"42","Aco2","hurdle",1.21765264308397e-84,0.5149293,1.24669,0.7317607,0.642
"573","Ptprh","hurdle",1.4016248052437e-140,-2.4131728,-0.8052312,1.6079416,0.64
"63","Agpat9","hurdle",1.70408815083695e-169,-2.6918777,-0.9070469,1.7848308,0.64
"801","Xpnpep1","hurdle",5.2728861830835e-87,-1.01998437,0.01418199,1.03416636,0.639
"152","Cdr2","hurdle",9.83742535824579e-152,-2.4832911,-0.7453242,1.7379669,0.639
"278","Fam132a","hurdle",3.51746164369e-91,-0.8757419,0.2521587,1.1279006,0.638
"683","Slc5a4b","hurdle",7.76366736266377e-240,-3.082193,-0.900031,2.182162,0.637
"539","Pitpna","hurdle",1.51518864227658e-63,0.3448485,1.0366603,0.6918118,0.637
"715","Stap2","hurdle",4.99138612466213e-86,-1.447459,-0.3200541,1.1274049,0.636
"667","Slc39a4","hurdle",2.67861417875243e-99,-1.477966,-0.241099,1.236867,0.636
"653","Slc2a5","hurdle",4.06707714233193e-176,-2.7896529,-0.9047045,1.8849484,0.636
"633","Slc15a1","hurdle",2.04294625101793e-232,-3.084349,-0.986561,2.097788,0.636
"426","Maf","hurdle",1.16311556717994e-177,-2.7686933,-0.9426473,1.826046,0.636
"307","Gapdh","hurdle",1.33119883377085e-56,2.179477,2.757829,0.578352,0.636
"21","Abcc2","hurdle",1.55258070320866e-145,-2.5011863,-0.8074174,1.6937689,0.636
"401","Klc4","hurdle",2.56950833235653e-86,-1.4481531,-0.3452436,1.1029095,0.635
"344","Gsta4","hurdle",5.1431188005522e-121,-1.78394622,-0.03877152,1.7451747,0.635
"216","Cyp4b1","hurdle",9.5275863821794e-172,-2.7437668,-0.8609062,1.8828606,0.635
"219","Cyp4f16","hurdle",3.94473645088831e-117,-1.7497442,-0.2861212,1.463623,0.633
"16","Aamdc","hurdle",2.23875617276899e-65,0.09442078,0.8299656,0.73554482,0.633
"507","Optn","hurdle",1.79556156951311e-123,-2.3327827,-0.8316872,1.5010955,0.632
"742","Tmem106a","hurdle",2.48058138077799e-128,-2.4179241,-0.8586375,1.5592866,0.631
"705","Spint1","hurdle",2.15184804960231e-66,-0.5446916,0.2678188,0.8125104,0.631
"616","Sec24d","hurdle",1.98615347854652e-154,-2.6959938,-0.9474611,1.7485327,0.631
"364","Hist1h2bc","hurdle",1.74887081744576e-56,0.9440321,1.462565,0.5185329,0.631
"379","Igsf23","hurdle",9.04008395604172e-85,-1.3257498,-0.2103991,1.1153507,0.63
"151","Cdkn2b","hurdle",2.14563647881608e-114,-1.9040309,-0.5496435,1.3543874,0.63
"13","4931406C07Rik","hurdle",1.43417387391771e-84,-1.08975465,-0.05296757,1.03678708,0.629
"208","Cyp2c68","hurdle",8.10941143733336e-133,-2.5280854,-0.9117432,1.6163422,0.628
"776","Uap1l1","hurdle",1.86516105926279e-97,-1.9568864,-0.6678071,1.2890793,0.627
"724","Synpo","hurdle",4.61718920761396e-201,-3.049173,-1.162879,1.886294,0.627
"567","Prkcd","hurdle",1.05356440396891e-72,-1.353114,-0.3580053,0.9951087,0.627
"206","Cyp2c65","hurdle",1.03098517084446e-107,-2.0832706,-0.6697946,1.413476,0.627
"180","Cml5","hurdle",8.17590406124653e-185,-2.9309441,-0.9644371,1.966507,0.627
"72","Aldh1l1","hurdle",1.02362356743641e-111,-2.2283417,-0.8117999,1.4165418,0.627
"574","Pxdc1","hurdle",1.75095461345902e-167,-2.872012,-1.042114,1.829898,0.625
"577","Rab3gap2","hurdle",1.58348735390012e-107,-2.1376562,-0.6898212,1.447835,0.624
"294","Fcgrt","hurdle",3.22958724121123e-80,-1.7510283,-0.6018128,1.1492155,0.624
"271","Esrra","hurdle",1.0295803343502e-56,-0.4348499,0.3288126,0.7636625,0.624
"149","Cdk18","hurdle",1.2650664255447e-98,-2.1517204,-0.8383777,1.3133427,0.623
"139","Cat","hurdle",1.46629840322257e-77,-0.6652037,0.2224639,0.8876676,0.622
"35","Acaa1a","hurdle",2.20227651676131e-65,0.1398148,0.839778,0.6999632,0.622
"548","Plekhg6","hurdle",3.83926770534136e-173,-2.970284,-1.211267,1.759017,0.621
"355","H2-T3","hurdle",2.08205651412028e-66,-1.2132193,-0.2529682,0.9602511,0.621
"315","Gimd1","hurdle",3.6548285824504e-94,-2.052863,-0.701972,1.350891,0.621
"306","Galnt6","hurdle",2.52456843871784e-67,-1.4593044,-0.4765033,0.9828011,0.621
"133","C2cd2l","hurdle",1.93642457176495e-135,-2.686954,-1.081257,1.605697,0.621
"780","Ugdh","hurdle",5.54187515713785e-78,-1.5830554,-0.4269212,1.1561342,0.62
"84","Anks4b","hurdle",9.64948274711283e-94,-2.188942,-0.900031,1.288911,0.62
"189","Crat","hurdle",4.68727386790852e-108,-2.3430739,-0.9450522,1.3980217,0.619
"135","C77080","hurdle",8.99420197830833e-59,-1.1636412,-0.2709572,0.892684,0.619
"316","Gk","hurdle",1.03956717683818e-153,-2.88605,-1.157291,1.728759,0.618
"286","Fam3b","hurdle",6.12857188797381e-145,-2.791413,-1.214165,1.577248,0.618
"358","Hdhd3","hurdle",1.1203108831244e-64,-0.85511341,0.07716005,0.93227346,0.617
"99","Apol7a","hurdle",4.90150992665892e-130,-2.661778,-1.036975,1.624803,0.617
"679","Slc52a2","hurdle",8.24050785720436e-77,-1.7323083,-0.6209115,1.1113968,0.616
"589","Retsat","hurdle",7.44759088537455e-80,-1.4250805,-0.3029879,1.1220926,0.616
"348","Gstm6","hurdle",3.55554924826886e-79,-1.4635085,-0.3484235,1.115085,0.616
"117","AU040320","hurdle",6.83812185151651e-66,-1.4243974,-0.4404297,0.9839677,0.616
"674","Slc46a1","hurdle",2.56652997813973e-144,-2.830697,-1.073343,1.757354,0.615
"454","Mkrn2os","hurdle",3.1734427667456e-59,-1.022567,-0.127487,0.89508,0.615
"175","Clec2e","hurdle",9.13346969545e-155,-2.905937,-1.234612,1.671325,0.615
"132","Btnl2","hurdle",3.64289677111996e-113,-2.522227,-1.039542,1.482685,0.615
"668","Slc39a5","hurdle",6.71655282841043e-48,-0.3568564,0.3573934,0.7142498,0.613
"484","Myo7b","hurdle",2.96526105208171e-47,-0.5417254,0.1756367,0.7173621,0.613
"277","Fam109a","hurdle",4.21854692975093e-70,-1.5800094,-0.5423424,1.037667,0.612
"251","Ehbp1l1","hurdle",3.94639984451623e-136,-2.856265,-1.258341,1.597924,0.612
"153","Cds1","hurdle",2.55975830684552e-46,-0.6771562,0.0544663,0.7316225,0.612
"636","Slc16a5","hurdle",6.50923509041988e-122,-2.732731,-1.202609,1.530122,0.611
"583","Reep3","hurdle",2.31588527819277e-65,-1.0749383,-0.1453509,0.9295874,0.611
"478","Mylk","hurdle",4.32712873506099e-74,-1.9833037,-0.8206049,1.1626988,0.611
"386","Ilvbl","hurdle",9.34877696975073e-61,-1.4815137,-0.5387057,0.942808,0.611
"751","Tmem253","hurdle",1.16202943419041e-105,-2.545806,-1.086557,1.459249,0.61
"610","Sdcbp2","hurdle",9.49167666782401e-63,-1.5588651,-0.3986289,1.1602362,0.61
"293","Fbxo25","hurdle",1.08430744080706e-80,-2.1802669,-0.9717741,1.2084928,0.61
"173","Clcn2","hurdle",1.52788160082587e-82,-2.0682536,-0.8228145,1.2454391,0.61
"788","Vamp5","hurdle",7.79603992279841e-143,-2.941656,-1.325683,1.615973,0.609
"781","Ugt2a3","hurdle",1.89386730289916e-98,-2.4172444,-0.9378495,1.4793949,0.609
"770","Tspan13","hurdle",3.02308679355624e-38,-0.1538419,0.4398881,0.59373,0.609
"664","Slc36a1","hurdle",4.15910860572935e-114,-2.677156,-1.194003,1.483153,0.609
"638","Slc22a18","hurdle",3.7589846537164e-76,-1.941656,-0.7643101,1.1773459,0.609
"505","Oit1","hurdle",8.11876518486164e-51,-0.2604414,0.4600225,0.7204639,0.609
"115","Atp6v0a2","hurdle",6.32786487797026e-58,-1.4274739,-0.4834779,0.943996,0.609
"687","Slc7a15","hurdle",9.77460882924977e-192,-3.164211,-1.288562,1.875649,0.608
"407","Lasp1","hurdle",1.96749429022422e-43,-0.3228826,0.3188243,0.6417069,0.608
"226","Ddc","hurdle",1.16985382537574e-59,-1.2132193,-0.2815553,0.931664,0.608
"22","Abcd1","hurdle",1.11446095386508e-111,-2.608046,-1.132412,1.475634,0.608
"750","Tmem252","hurdle",1.34481539856969e-72,-1.9969499,-0.7986923,1.1982576,0.607
"658","Slc35b1","hurdle",3.49222577882704e-40,-0.5288194,0.1510777,0.6798971,0.607
"491","Ndfip1","hurdle",7.05290849199666e-70,-1.8535034,-0.7537316,1.0997718,0.607
"764","Trim31","hurdle",9.71712173362931e-55,-1.5849625,-0.6579107,0.9270518,0.606
"313","Gdpd2","hurdle",1.19584443392137e-191,-3.184887,-1.386485,1.798402,0.606
"287","Fam3c","hurdle",2.06423649169952e-61,-1.5667579,-0.5867138,0.9800441,0.606
"166","Chp2","hurdle",1.17502085989466e-104,-2.615823,-1.219977,1.395846,0.606
"608","Scin","hurdle",1.08890730762032e-125,-2.700122,-1.20549,1.494632,0.605
"520","Pck1","hurdle",6.07581111439836e-173,-3.11709,-1.243465,1.873625,0.605
"183","Cobl","hurdle",4.70028662887799e-73,-2.1093835,-0.9547121,1.1546714,0.605
"54","Adamtsl5","hurdle",1.3515418717385e-126,-2.876676,-1.32882,1.547856,0.605
"37","Acad11","hurdle",9.53558554049566e-86,-2.345658,-1.044691,1.300967,0.605
"775","Tubal3","hurdle",4.59447687482289e-89,-2.450933,-1.116061,1.334872,0.604
"604","Sar1b","hurdle",3.50528820448227e-56,0.4530797,1.0781078,0.6250281,0.604
"36","Acaa1b","hurdle",1.5104990561128e-162,-3.081116,-1.338273,1.742843,0.604
"425","Ltc4s","hurdle",3.61986548250969e-97,-1.5910821,-0.9742281,0.616854,0.603
"370","Hsd17b4","hurdle",2.12678436940961e-53,-0.519124,0.2127878,0.7319118,0.603
"11","2210016F16Rik","hurdle",2.18675798226884e-40,-0.3315014,0.2945666,0.626068,0.603
"367","Hpgd","hurdle",5.67191974122098e-54,-1.1825753,-0.2891733,0.893402,0.602
"137","Car4","hurdle",8.06890513099934e-59,-1.18662371,-0.09908925,1.08753446,0.602
"375","Ifi35","hurdle",1.18696088154901e-36,-0.1997141,0.3796652,0.5793793,0.601
"32","Abhd6","hurdle",3.04600843688685e-85,-2.354089,-1.047272,1.306817,0.601
"4","1810055G02Rik","hurdle",1.75122686311998e-99,-2.664195,-1.261335,1.40286,0.601
"804","Zbtb7b","hurdle",3.72414506474926e-49,-1.5417254,-0.6777719,0.8639535,0.6
"606","Scamp5","hurdle",1.68529000226406e-57,-1.779135,-0.8008686,0.9782664,0.6
"373","Idh1","hurdle",7.27212030034167e-63,-1.6739051,-0.5680596,1.1058455,0.6
"145","Cdc42ep2","hurdle",2.41531592431037e-120,-2.888874,-1.363785,1.525089,0.6
"101","Aqp11","hurdle",4.51822429068804e-53,-1.0233422,-0.1775084,0.8458338,0.6
"717","Stom","hurdle",9.27465375759698e-114,-2.847997,-1.32882,1.519177,0.598
"691","Slc9a2","hurdle",5.03796935443298e-75,-2.352789,-1.140657,1.212132,0.598
"657","Slc34a2","hurdle",1.24713067774399e-157,-3.007654,-1.176943,1.830711,0.598
"643","Slc25a15","hurdle",1.16738507304561e-38,-0.71320228,-0.04262934,0.67057294,0.598
"305","Galm","hurdle",3.54586319943748e-45,-0.9504799,-0.1960066,0.7544733,0.598
"119","B4galt5","hurdle",2.00523242987514e-64,-2.0811157,-0.9668786,1.1142371,0.598
"67","Akr1c19","hurdle",8.50803516245567e-64,-1.9116693,-0.6618611,1.2498082,0.598
"803","Zbp1","hurdle",8.12727869435442e-63,-1.9959346,-0.8406148,1.1553198,0.597
"782","Ugt2b34","hurdle",4.09685331019323e-43,-1.1630713,-0.3806134,0.7824579,0.597
"530","Pex16","hurdle",2.55227779404328e-43,-0.9482688,-0.2118463,0.7364225,0.597
"420","Lrp1","hurdle",1.67533404463912e-49,-1.7493164,-0.8631785,0.8861379,0.597
"255","Emc9","hurdle",8.23517815872845e-60,-1.8636535,-0.7771076,1.0865459,0.597
"41","Aco1","hurdle",5.6930474696918e-55,-1.298582,-0.4252415,0.8733405,0.597
"414","Lipe","hurdle",1.91070780022413e-90,-2.64497,-1.322553,1.322417,0.596
"741","Tmed4","hurdle",1.92478328791016e-46,-0.4121567,0.2352651,0.6474218,0.595
"745","Tmem139","hurdle",3.32090307472302e-93,-2.698469,-1.313203,1.385266,0.594
"261","Entpd5","hurdle",7.74883273475092e-58,-2.050226,-1.001501,1.048725,0.594
"793","Vmp1","hurdle",7.497178056224e-45,-0.2074788,0.4444889,0.6519677,0.593
"774","Ttyh2","hurdle",9.44379122431157e-73,-2.4309,-1.237557,1.193343,0.593
"718","Sulf2","hurdle",8.24289353494847e-113,-2.947533,-1.51636,1.431173,0.593
"300","Fuca2","hurdle",4.46281292871846e-49,-1.6030132,-0.7183339,0.8846793,0.593
"448","Mgat4a","hurdle",4.60313901099359e-31,-0.63644076,-0.09240948,0.54403128,0.592
"349","Gstt1","hurdle",1.93965891292951e-43,-1.015348,-0.2425773,0.7727707,0.592
"221","D5Ertd579e","hurdle",4.1853677347794e-48,-1.7673934,-0.8791858,0.8882076,0.592
"588","Reg3g","hurdle",1.14948011537564e-29,2.541395,3.372706,0.831311,0.591
"523","Pcyt1a","hurdle",1.88083045631572e-71,-2.427474,-1.237557,1.189917,0.591
"697","Smpdl3b","hurdle",1.85019082297349e-48,-1.8198768,-0.9023658,0.917511,0.59
"197","Cx3cl1","hurdle",1.25068375948072e-78,-2.628355,-1.38322,1.245135,0.59
"154","Ceacam18","hurdle",7.03139484369637e-109,-2.916464,-1.331964,1.5845,0.59
"663","Slc35f5","hurdle",5.54497487811891e-49,-1.8069097,-0.8861008,0.9208089,0.589
"647","Slc26a3","hurdle",4.6345874928363e-59,-2.236113,-1.126941,1.109172,0.589
"642","Slc25a10","hurdle",3.61150957436089e-28,-0.6918777,-0.1550623,0.5368154,0.589
"546","Plekhb2","hurdle",1.13963741166677e-29,-0.7874554,-0.214745,0.5727104,0.589
"769","Trpm4","hurdle",3.19423315972144e-46,-1.557741,-0.714226,0.843515,0.588
"728","Tbx3","hurdle",7.58580723450788e-60,-1.9431229,-0.8428554,1.1002675,0.588
"554","Pnp","hurdle",9.68693173722666e-37,-0.3045403,0.2709305,0.5754708,0.588
"427","Mafb","hurdle",3.00685048325294e-144,-3.155116,-1.597266,1.55785,0.588
"122","BC025446","hurdle",1.20596703856038e-66,-2.468429,-1.338273,1.130156,0.588
"110","Aspa","hurdle",1.11457527422403e-96,-2.853503,-1.436364,1.417139,0.588
"795","Vwa1","hurdle",2.44568099581355e-135,-3.137096,-1.597266,1.53983,0.587
"787","Ush1c","hurdle",4.53360980471893e-29,-0.7613425,-0.1831749,0.5781676,0.587
"571","Prss30","hurdle",6.7008072386118e-119,-3.015862,-1.589721,1.426141,0.587
"656","Slc31a1","hurdle",5.25358323662151e-33,-0.5469203,0.05205659,0.59897689,0.586
"436","Mcu","hurdle",3.10352385741988e-34,-1.3334237,-0.6151553,0.7182684,0.586
"296","Flnb","hurdle",6.83974175052675e-37,-1.5040703,-0.7286551,0.7754152,0.586
"209","Cyp2d22","hurdle",4.65171095452727e-137,-3.161932,-1.663048,1.498884,0.586
"779","Ube4b","hurdle",1.16691991802175e-33,-1.1066412,-0.4286029,0.6780383,0.585
"594","Rhod","hurdle",1.07744404210573e-108,-2.970284,-1.338273,1.632011,0.585
"526","Pdlim2","hurdle",1.13297778747008e-74,-2.628355,-1.3101,1.318255,0.584
"509","Ormdl3","hurdle",1.49003614724072e-50,-2.03868,-1.070714,0.967966,0.584
"537","Phlpp2","hurdle",1.23975356739907e-71,-2.666617,-1.49506,1.171557,0.583
"527","Pdzd3","hurdle",1.254311403077e-68,-2.629929,-1.463688,1.166241,0.583
"510","Osgin1","hurdle",1.76596839635518e-108,-3.042868,-1.627849,1.415019,0.583
"383","Il17rc","hurdle",8.59850388000915e-30,-1.255118,-0.609422,0.645696,0.583
"168","Cidec","hurdle",1.77689266936406e-103,-2.960348,-1.376713,1.583635,0.583
"531","Pfkfb4","hurdle",8.63955295163696e-62,-2.505514,-1.363785,1.141729,0.582
"413","Lipa","hurdle",8.98840161325972e-93,-2.922239,-1.571028,1.351211,0.582
"185","Coro1c","hurdle",2.30814668439243e-24,-0.7270342,-0.2220174,0.5050168,0.582
"90","Apeh","hurdle",3.13110722273089e-37,-1.5887842,-0.8139961,0.7747881,0.582
"607","Sccpdh","hurdle",8.3357833466772e-64,-2.501907,-1.341437,1.16047,0.581
"519","Pccb","hurdle",1.07133898879037e-49,-1,-0.0594668,0.9405332,0.581
"74","Aldh3b1","hurdle",2.70265866070169e-84,-2.827984,-1.519941,1.308043,0.581
"499","Nudt4","hurdle",2.32250444278181e-27,-0.56167898,0.02405167,0.58573065,0.58
"369","Hsd17b2","hurdle",8.37826103289287e-59,-2.39165,-1.273373,1.118277,0.58
"284","Fam214b","hurdle",6.3325586118402e-83,-2.867362,-1.559928,1.307434,0.58
"250","Egln3","hurdle",2.6275285686947e-119,-3.125947,-1.699128,1.426819,0.58
"20","Abcb1a","hurdle",1.75875837691555e-50,-2.266397,-1.255354,1.011043,0.58
"324","Gmppb","hurdle",4.59378218272638e-31,-1.417584,-0.708086,0.709498,0.579
"798","Wsb2","hurdle",2.74919185558362e-30,-1.4533695,-0.7643101,0.6890594,0.578
"740","Tmc5","hurdle",5.39785805746851e-46,-2.100627,-1.162879,0.937748,0.578
"707","Spns3","hurdle",1.301931060647e-99,-3.007654,-1.541614,1.46604,0.578
"624","Sgk1","hurdle",3.16458775070592e-92,-2.912627,-1.44655,1.466077,0.578
"620","Sema6a","hurdle",9.74543917367584e-84,-2.921275,-1.663048,1.258227,0.578
"329","Gosr2","hurdle",3.03860016502299e-38,-1.867826,-1.047272,0.820554,0.578
"263","Entpd8","hurdle",1.38534250700771e-31,-1.5324951,-0.8074174,0.7250777,0.578
"179","Cmbl","hurdle",1.8186480817945e-23,-0.380676,0.1667544,0.5474304,0.578
"747","Tmem19","hurdle",1.54430316167496e-40,-1.923203,-1.049858,0.873345,0.577
"547","Plekhf1","hurdle",9.09621776518402e-88,-2.960348,-1.659095,1.301253,0.577
"525","Pde9a","hurdle",8.98787298112149e-42,-2.106093,-1.222893,0.8832,0.577
"76","Aldh9a1","hurdle",4.05319912547119e-28,-0.2343156,0.2925266,0.5268422,0.577
"361","Heph","hurdle",6.85145655837417e-46,-2.120958,-1.165681,0.955277,0.576
"288","Fam73b","hurdle",3.91686602054151e-48,-2.332783,-1.363785,0.968998,0.576
"190","Creb3l2","hurdle",1.15934511597964e-70,-2.781757,-1.593489,1.188268,0.576
"131","Btnl1","hurdle",9.10060989352052e-66,-2.755747,-1.639487,1.11626,0.576
"802","Xpnpep2","hurdle",8.03955961178025e-87,-2.947533,-1.597266,1.350267,0.575
"661","Slc35e1","hurdle",4.05593463378525e-34,-1.882762,-1.105262,0.7775,0.575
"462","Mpi","hurdle",3.83698344216601e-31,-1.6955817,-0.9522911,0.7432906,0.575
"378","Ift172","hurdle",4.22618385665058e-36,-1.936777,-1.118773,0.818004,0.575
"488","Naip5","hurdle",5.77861631349421e-53,-2.388982,-1.344608,1.044374,0.574
"759","Tprn","hurdle",1.13554368777944e-27,-1.6154336,-0.9522911,0.6631425,0.573
"382","Ihh","hurdle",1.04086579717417e-38,-2.151155,-1.279429,0.871726,0.573
"363","Hexb","hurdle",7.48594170295258e-29,-1.6702563,-0.9668786,0.7033777,0.573
"731","Tep1","hurdle",1.54627351659855e-28,-1.6751234,-0.9766862,0.6984372,0.572
"635","Slc16a3","hurdle",9.21900931425857e-91,-3.008677,-1.786996,1.221681,0.572
"562","Ppp1r16a","hurdle",6.04438282225047e-35,-1.817184,-1.029299,0.787885,0.572
"461","Mov10","hurdle",3.03722272244773e-45,-2.320656,-1.37347,0.947186,0.572
"395","Iyd","hurdle",1.73666793433422e-75,-2.921275,-1.703193,1.218082,0.572
"104","Aqp8","hurdle",9.38569416070989e-127,-3.181421,-1.322553,1.858868,0.572
"756","Tor1aip2","hurdle",7.9190297969617e-24,-1.0048425,-0.4557795,0.549063,0.571
"706","Spns2","hurdle",4.1713224798453e-102,-3.133743,-1.866822,1.266921,0.571
"390","Isg15","hurdle",7.58763132959131e-20,-0.2000063,0.4435699,0.6435762,0.571
"332","Gpr107","hurdle",5.50534556534327e-36,-2.084889,-1.264335,0.820554,0.571
"319","Gm11127","hurdle",1.01422193929122e-129,-3.249964,-1.866822,1.383142,0.571
"52","Acy3","hurdle",2.69562766161638e-52,-2.551015,-1.523531,1.027484,0.571
"794","Vnn1","hurdle",4.50368695454845e-62,-2.655352,-1.409547,1.245805,0.57
"773","Ttc39c","hurdle",7.48273501335318e-83,-3.017922,-1.76134,1.256582,0.57
"612","Sec16b","hurdle",7.47641890800168e-44,-2.419284,-1.491541,0.927743,0.57
"736","Tlcd2","hurdle",5.99119973484996e-66,-2.83523,-1.639487,1.195743,0.569
"591","Rhbg","hurdle",3.90738077770086e-86,-3.073599,-1.857731,1.215868,0.569
"493","Neurl3","hurdle",4.02796170563006e-22,-0.9838068,-0.4185422,0.5652646,0.569
"471","Mtmr4","hurdle",7.13213103936224e-50,-2.537657,-1.530737,1.00692,0.569
"465","Ms4a18","hurdle",1.73893309912107e-43,-2.0784266,-0.9547121,1.1237145,0.569
"655","Slc30a10","hurdle",3.02894713036111e-108,-3.195337,-1.894443,1.300894,0.568
"644","Slc25a22","hurdle",9.96419973416805e-49,-2.35474,-1.313203,1.041537,0.568
"402","Klf4","hurdle",7.12343259202151e-34,-1.958369,-1.02675,0.931619,0.568
"223","Dao","hurdle",1.46879325236261e-62,-2.834322,-1.691032,1.14329,0.568
"455","Mlx","hurdle",6.66703509215501e-19,-1.0290425,-0.5260488,0.5029937,0.567
"330","Got1","hurdle",8.39175021938491e-24,-1.5841994,-0.9450522,0.6391472,0.567
"163","Chd3","hurdle",1.02713646719451e-26,-1.790973,-1.102575,0.688398,0.567
"125","Bche","hurdle",7.4500550788351e-38,-2.130397,-1.234612,0.895785,0.567
"397","Kbtbd11","hurdle",1.42063082431348e-54,-2.780883,-1.744486,1.036397,0.566
"320","Gm44386","hurdle",2.15933600812865e-50,-2.660973,-1.612477,1.048496,0.566
"303","G6pc","hurdle",8.21856119828083e-102,-3.189522,-1.932113,1.257409,0.566
"243","Dpyd","hurdle",1.19225762120849e-35,-2.200591,-1.350972,0.849619,0.566
"100","Apol9a","hurdle",6.47660770762202e-35,-2.009701,-1.075976,0.933725,0.566
"80","Amdhd2","hurdle",2.48748805112803e-26,-1.6453677,-0.9766862,0.6686815,0.566
"71","Aldh1a7","hurdle",5.89902599337518e-74,-2.997458,-1.769842,1.227616,0.566
"709","Sprr2a3","hurdle",2.05133890209558e-85,-2.917425,-1.011548,1.905877,0.565
"628","Sidt2","hurdle",2.15422189058203e-24,-1.6481563,-0.9915238,0.6566325,0.565
"615","Sec24c","hurdle",1.33658698735272e-20,-0.982298,-0.4404297,0.5418683,0.565
"495","Nr1h3","hurdle",5.31414178278835e-25,-1.700535,-1.039542,0.660993,0.565
"441","Mertk","hurdle",3.30791658854683e-46,-2.642585,-1.678972,0.963613,0.565
"433","March8","hurdle",6.57997764721616e-26,-1.77739,-1.102575,0.674815,0.565
"231","Dgkq","hurdle",4.5204477228797e-50,-2.724299,-1.723692,1.000607,0.565
"126","Bco2","hurdle",8.43102342887646e-47,-2.578109,-1.559928,1.018181,0.565
"73","Aldh3a2","hurdle",4.02465996792791e-23,-1.474426,-0.8450994,0.6293266,0.565
"666","Slc39a14","hurdle",4.5184716249832e-28,-1.845252,-1.110651,0.734601,0.564
"629","Sipa1l3","hurdle",1.36395984028629e-26,-1.99695,-1.307004,0.689946,0.564
"535","Pgrmc2","hurdle",8.41179235516723e-26,-1.349219,-0.726585,0.622634,0.564
"405","Ksr1","hurdle",1.09501533961453e-36,-2.435022,-1.589721,0.845301,0.564
"207","Cyp2c66","hurdle",2.03588497031051e-90,-3.15059,-1.913155,1.237435,0.564
"806","Zfp36","hurdle",4.16113590396933e-23,-1.5644984,-0.8745941,0.6899043,0.563
"447","Mgat3","hurdle",2.71179089662319e-31,-2.220612,-1.436364,0.784248,0.563
"244","Dst","hurdle",6.61032159698255e-50,-2.734423,-1.719569,1.014854,0.563
"82","Ank","hurdle",7.76693614960174e-40,-2.495436,-1.559928,0.935508,0.563
"68","Alas1","hurdle",1.58550061519672e-25,-1.4593044,-0.8272441,0.6320603,0.563
"24","Abcg2","hurdle",8.93429274852441e-28,-1.862728,-1.135155,0.727573,0.563
"7","2010103J01Rik","hurdle",3.06462924371986e-68,-2.990363,-1.848697,1.141666,0.563
"266","Epha2","hurdle",1.28572525413837e-44,-2.640997,-1.631718,1.009279,0.562
"262","Entpd7","hurdle",2.2843203294451e-36,-2.460704,-1.608659,0.852045,0.562
"259","Enpp3","hurdle",7.89372704426781e-93,-3.137096,-1.541614,1.595482,0.562
"225","Dcxr","hurdle",6.07457866789695e-20,-1.3032839,-0.7474215,0.5558624,0.562
"222","Dab1","hurdle",4.8697888169059e-29,-2.122619,-1.367006,0.755613,0.562
"184","Copb2","hurdle",2.53252499602478e-20,-1.0717258,-0.5423424,0.5293834,0.562
"83","Ankrd9","hurdle",2.59853974195793e-26,-1.870615,-1.154506,0.716109,0.562
"805","Zdhhc7","hurdle",1.99342174172315e-20,-1.655352,-1.070714,0.584638,0.561
"772","Ttc22","hurdle",8.0780964092062e-58,-2.917425,-1.844201,1.073224,0.561
"716","Stat3","hurdle",1.34269991258679e-21,-1.723459,-1.102575,0.620884,0.561
"391","Itga3","hurdle",1.10026278376332e-26,-2.059212,-1.335115,0.724097,0.561
"387","Insl6","hurdle",1.86363873611757e-26,-1.7506,-1.055044,0.695556,0.561
"240","Dok4","hurdle",2.59252118821651e-31,-2.306112,-1.51636,0.789752,0.561
"196","Cubn","hurdle",9.73981868187853e-96,-3.17107,-1.711357,1.459713,0.561
"161","Cfb","hurdle",2.31147587212146e-20,-1.594536,-1.024205,0.570331,0.561
"1","1600014C10Rik","hurdle",8.81277787609653e-31,-2.164211,-1.370234,0.793977,0.561
"601","Rxra","hurdle",6.36334065596415e-24,-1.960348,-1.288562,0.671786,0.56
"534","Pgpep1","hurdle",4.34672110430124e-23,-1.737814,-1.105262,0.632552,0.56
"521","Pcsk5","hurdle",4.45790798819485e-29,-2.229534,-1.44655,0.782984,0.56
"249","Efr3b","hurdle",5.20748293937954e-81,-3.139337,-1.980628,1.158709,0.56
"188","Cpt2","hurdle",5.55225901667974e-18,-1.0433926,-0.5387057,0.5046869,0.56
"178","Clrn3","hurdle",1.73482105359616e-23,-1.3076862,-0.7183339,0.5893523,0.56
"112","Atg9a","hurdle",9.31533912560184e-34,-2.375055,-1.545258,0.829797,0.56
"61","Agmo","hurdle",7.75010517827518e-33,-2.345658,-1.527129,0.818529,0.56
"792","Vipr1","hurdle",1.80587864904299e-17,-1.1938815,-0.6697946,0.5240869,0.559
"669","Slc39a9","hurdle",1.78305439831518e-19,-1.660169,-1.094544,0.565625,0.559
"511","Otop3","hurdle",5.98278021539588e-84,-3.111581,-1.765585,1.345996,0.559
"503","Odf3b","hurdle",1.65143109568606e-39,-2.62051,-1.715457,0.905053,0.559
"366","Hnf4aos","hurdle",3.40369144830479e-83,-3.15852,-1.965901,1.192619,0.559
"299","Frmd8","hurdle",9.95771109355675e-26,-2.14439,-1.443147,0.701243,0.559
"253","Ehhadh","hurdle",3.02093200313399e-32,-2.147205,-1.357364,0.789841,0.559
"28","Abhd12","hurdle",3.30722500527373e-24,-1.5758315,-0.9595664,0.6162651,0.559
"786","Urgcp","hurdle",9.06520026992679e-27,-2.182575,-1.453381,0.729194,0.558
"761","Trim12a","hurdle",6.80274556477063e-34,-2.474073,-1.623991,0.850082,0.558
"693","Slco2a1","hurdle",8.25257244293834e-49,-2.846166,-1.871389,0.974777,0.558
"637","Slc16a6","hurdle",2.10989341069539e-31,-2.354089,-1.523531,0.830558,0.558
"575","Rab11fip3","hurdle",1.3903293542727e-52,-2.916464,-1.936892,0.979572,0.558
"538","Pink1","hurdle",6.16048940102769e-18,-1.4395007,-0.8953726,0.5441281,0.558
"516","Parp14","hurdle",3.50174235695574e-20,-1.73527,-1.107954,0.627316,0.558
"393","Itgb5","hurdle",3.30195423811408e-51,-2.894539,-1.903769,0.99077,0.558
"328","Gnpda1","hurdle",2.22013534601581e-46,-2.810922,-1.853207,0.957715,0.558
"308","Gatsl2","hurdle",9.27448631455847e-66,-3.053391,-1.961026,1.092365,0.558
"290","Fas","hurdle",1.89572840608146e-57,-2.971281,-1.913155,1.058126,0.558
"123","BC030870","hurdle",6.75401707927696e-18,-1.5517609,-0.9940116,0.5577493,0.558
"702","Sp100","hurdle",5.01327452060228e-23,-2.058152,-1.40623,0.651922,0.557
"443","Mfsd2a","hurdle",1.42245113374693e-55,-2.971281,-1.92735,1.043931,0.557
"107","Arl8a","hurdle",4.31986267708766e-31,-2.428843,-1.620143,0.8087,0.557
"69","Aldh16a1","hurdle",1.49026137078506e-17,-1.4433014,-0.9117432,0.5315582,0.557
"483","Myo7a","hurdle",1.11480117641105e-40,-2.740362,-1.808731,0.931631,0.556
"295","Fez2","hurdle",3.38671171164605e-26,-2.275608,-1.552574,0.723034,0.556
"256","Emp1","hurdle",3.21869102759498e-58,-3.011752,-1.99053,1.021222,0.556
"205","Cyp2c55","hurdle",2.79550700542188e-64,-3.072528,-1.975702,1.096826,0.556
"14","9030617O03Rik","hurdle",3.91877769882963e-32,-2.440536,-1.620143,0.820393,0.556
"619","Sema4a","hurdle",1.22469140068372e-15,-1.4261057,-0.9211818,0.5049239,0.555
"560","Ppm1j","hurdle",1.74083814724633e-69,-3.125947,-2.072291,1.053656,0.555
"452","Micu1","hurdle",5.5379309090686e-19,-1.3956609,-0.8450994,0.5505615,0.555
"227","Ddhd2","hurdle",2.32335215456523e-22,-2.12984,-1.47407,0.65577,0.555
"771","Tstd3","hurdle",5.48853854840319e-41,-2.810029,-1.908454,0.901575,0.554
"734","Ticam1","hurdle",8.3878680167951e-28,-2.454415,-1.703193,0.751222,0.554
"701","Sowaha","hurdle",9.21359966100341e-47,-2.886991,-1.913155,0.973836,0.554
"522","Pcx","hurdle",3.73490708789648e-49,-2.956393,-2.030831,0.925562,0.554
"392","Itgb4","hurdle",1.64930282647775e-19,-1.763933,-1.160082,0.603851,0.554
"359","Hectd3","hurdle",1.11994767587277e-20,-2.077889,-1.453381,0.624508,0.554
"217","Cyp4f13","hurdle",3.72130353807332e-22,-2.051281,-1.389757,0.661524,0.554
"102","Aqp3","hurdle",6.39266562506667e-98,-3.26334,-2.098821,1.164519,0.554
"749","Tmem243","hurdle",1.30428637647545e-17,-1.2630344,-0.7621882,0.5008462,0.553
"665","Slc37a4","hurdle",2.6328226486995e-22,-1.5914654,-0.9940116,0.5974538,0.553
"559","Ppfia3","hurdle",5.22451375074045e-61,-3.082193,-2.015586,1.066607,0.553
"377","Ifit1bl2","hurdle",4.4981469890594e-75,-3.177962,-2.098821,1.079141,0.553
"236","Dnaaf1","hurdle",1.1244177406698e-67,-3.130397,-2.02065,1.109747,0.553
"164","Chdh","hurdle",1.91689040051128e-16,-1.548408,-1.011548,0.53686,0.553
"134","C530008M17Rik","hurdle",2.31289692656175e-67,-3.129283,-2.067043,1.06224,0.553
"106","Arhgef2","hurdle",2.93810309869429e-32,-2.637826,-1.83972,0.798106,0.553
"778","Ube2l6","hurdle",1.41724852932719e-17,-1.905937,-1.335115,0.570822,0.552
"570","Prrc1","hurdle",1.62761356063701e-19,-1.940679,-1.335115,0.605564,0.552
"419","Lpin3","hurdle",7.93060396464355e-33,-2.680415,-1.87597,0.804445,0.552
"411","Leng9","hurdle",2.2142686265313e-21,-2.165923,-1.484527,0.681396,0.552
"340","Gramd3","hurdle",1.38831624628367e-18,-1.919348,-1.322553,0.596795,0.552
"297","Fmo4","hurdle",1.35937056742205e-45,-2.888874,-1.922603,0.966271,0.552
"757","Tpcn1","hurdle",1.82067414243848e-26,-2.483291,-1.748681,0.73461,0.551
"755","Tom1l2","hurdle",1.93369281949805e-31,-2.626783,-1.826357,0.800426,0.551
"645","Slc25a24","hurdle",1.19960376446371e-24,-2.407762,-1.691032,0.71673,0.551
"596","Rhou","hurdle",1.38460591966377e-14,-1.592616,-1.083904,0.508712,0.551
"480","Myo18a","hurdle",1.24910689352101e-19,-2.090296,-1.456809,0.633487,0.551
"416","Lmbr1l","hurdle",1.54481068982371e-26,-2.468429,-1.736132,0.732297,0.551
"360","Helz2","hurdle",1.00197680354365e-17,-1.976779,-1.393036,0.583743,0.551
"265","Epha1","hurdle",6.96358626357106e-28,-2.520766,-1.765585,0.755181,0.551
"230","Dgka","hurdle",3.94620214993201e-33,-2.652149,-1.817517,0.834632,0.551
"30","Abhd2","hurdle",1.86431007870021e-39,-2.551761,-1.416205,1.135556,0.551
"748","Tmem236","hurdle",1.46289249686811e-23,-2.216468,-1.509225,0.707243,0.55
"727","Tbc1d24","hurdle",3.19147926760782e-28,-2.575831,-1.82193,0.753901,0.55
"699","Snx25","hurdle",3.09862979187021e-28,-2.602627,-1.862269,0.740358,0.55
"496","Nr1i2","hurdle",1.36931034628672e-17,-1.755747,-1.188294,0.567453,0.55
"442","Mettl7b","hurdle",6.06576100260668e-24,-2.355391,-1.635598,0.719793,0.55
"321","Gm766","hurdle",4.27992313795119e-62,-3.025153,-1.748681,1.276472,0.55
"302","G630090E17Rik","hurdle",6.19345315097624e-61,-3.125947,-2.158965,0.966982,0.55
"193","Crot","hurdle",1.09164409168901e-17,-1.729352,-1.165681,0.563671,0.55
"103","Aqp7","hurdle",1.79465205268295e-91,-3.270688,-2.170175,1.100513,0.55
"514","Paqr7","hurdle",5.94277840027356e-44,-2.953433,-2.041085,0.912348,0.549
"124","BC089597","hurdle",5.06604546409936e-79,-3.235513,-2.125849,1.109664,0.549
"118","B4galt1","hurdle",9.19374097355399e-18,-2.056563,-1.467141,0.589422,0.549
"57","Adh4","hurdle",1.62602435598373e-56,-3.086509,-1.98557,1.100939,0.549
"654","Slc2a9","hurdle",1.37052191987365e-44,-2.989353,-2.067043,0.92231,0.548
"639","Slc22a4","hurdle",1.06995609017919e-53,-3.099536,-2.181473,0.918063,0.548
"564","Ppp2r5d","hurdle",1.51570734166509e-16,-2.032942,-1.463688,0.569254,0.548
"508","Orai1","hurdle",1.81688107196857e-16,-1.681639,-1.151725,0.529914,0.548
"403","Klf6","hurdle",1.45233058499747e-13,-1.3540894,-0.7537316,0.6003578,0.548
"703","Sphk1","hurdle",1.00363800743208e-45,-3.021017,-2.114977,0.90604,0.547
"603","Samd8","hurdle",7.34229089654583e-34,-2.788773,-1.913155,0.875618,0.547
"582","Rec8","hurdle",2.49084573304513e-27,-2.579629,-1.791317,0.788312,0.547
"556","Podn","hurdle",3.65704091095648e-84,-3.271916,-2.251182,1.020734,0.547
"501","Oasl1","hurdle",6.05903179527842e-22,-2.337276,-1.593489,0.743787,0.547
"239","Dock8","hurdle",4.24627391004194e-42,-2.974277,-2.077558,0.896719,0.547
"201","Cym","hurdle",1.34279497326286e-69,-3.214104,-2.187155,1.026949,0.547
"160","Ces2g","hurdle",1.42425111977784e-19,-1.820326,-1.182607,0.637719,0.547
"120","Barx2","hurdle",1.03802801969992e-16,-2.021017,-1.416205,0.604812,0.547
"91","Aplp1","hurdle",9.20593318082645e-49,-2.748034,-2.01054,0.737494,0.547
"33","Ablim1","hurdle",1.66492790010636e-23,-2.529554,-1.835252,0.694302,0.547
"19","Abcb10","hurdle",8.05647749535176e-23,-2.464913,-1.817517,0.647396,0.547
"777","Uba7","hurdle",2.92195689091468e-25,-2.512031,-1.795651,0.71638,0.546
"726","Tap2","hurdle",1.44064578625148e-19,-2.187783,-1.556246,0.631537,0.546
"592","Rhebl1","hurdle",3.33194584634156e-25,-2.615823,-1.913155,0.702668,0.546
"569","Prr15","hurdle",3.63258622312939e-31,-2.783508,-1.980628,0.80288,0.546
"460","Mon1a","hurdle",1.37263007289042e-15,-2.061865,-1.530737,0.531128,0.546
"264","Epas1","hurdle",1.2033056056138e-28,-2.72514,-1.975702,0.749438,0.546
"203","Cyp27a1","hurdle",1.13294448115073e-35,-2.837047,-1.98557,0.851477,0.546
"142","Cd55","hurdle",9.38414193953043e-38,-2.86922,-1.946497,0.922723,0.546
"790","Vav2","hurdle",7.06370399112634e-20,-2.318116,-1.682981,0.635135,0.545
"675","Slc46a3","hurdle",7.19192856756216e-67,-3.22002,-2.239327,0.980693,0.545
"533","Pgm2","hurdle",1.60566717446934e-16,-2.126503,-1.545258,0.581245,0.545
"445","Mfsd7b","hurdle",6.68051914914496e-41,-3.000509,-2.131316,0.869193,0.545
"398","Kcnk5","hurdle",8.70877467593725e-20,-2.423373,-1.791317,0.632056,0.545
"292","Fbxl15","hurdle",3.505549853425e-20,-2.176811,-1.527129,0.649682,0.545
"245","Dynlt1a","hurdle",4.91626193890473e-21,-2.377037,-1.723692,0.653345,0.545
"44","Acot12","hurdle",1.38875164211175e-74,-3.248755,-2.269148,0.979607,0.545
"730","Tdrd7","hurdle",2.84218260178069e-17,-2.287981,-1.703193,0.584788,0.544
"515","Parp12","hurdle",6.08745004901962e-14,-1.895959,-1.363785,0.532174,0.544
"458","Mocs1","hurdle",2.02191994447044e-18,-2.089755,-1.491541,0.598214,0.544
"280","Fam160b1","hurdle",5.53235289521619e-21,-2.448848,-1.778394,0.670454,0.544
"260","Enthd2","hurdle",3.66544360823858e-25,-2.617384,-1.894443,0.722941,0.544
"17","Abat","hurdle",5.56257290947648e-19,-2.380345,-1.744486,0.635859,0.544
"5","2010001E11Rik","hurdle",9.44842527323759e-50,-3.124837,-2.233436,0.891401,0.544
"3","1810011O10Rik","hurdle",1.90432848884104e-13,-1.535811,-1.021665,0.514146,0.544
"784","Unc5b","hurdle",2.74007056577465e-41,-3.052335,-2.198587,0.853748,0.543
"424","Ltb4r2","hurdle",2.94243111639595e-61,-3.217651,-2.299599,0.918052,0.543
"301","Furin","hurdle",4.78746550155284e-14,-1.857647,-1.341437,0.51621,0.543
"65","Aim1l","hurdle",1.19675862157389e-26,-2.742915,-1.995506,0.747409,0.543
"18","Abca7","hurdle",5.67137999018934e-35,-2.951464,-2.125849,0.825615,0.543
"339","Gramd1b","hurdle",2.31977945994153e-36,-2.931915,-2.01054,0.921375,0.542
"212","Cyp2s1","hurdle",6.65788343554739e-15,-2.190103,-1.643387,0.546716,0.542
"767","Trp53i13","hurdle",7.27049400066727e-30,-2.89076,-2.131316,0.759444,0.541
"676","Slc47a1","hurdle",2.21623217554723e-61,-3.230728,-2.343339,0.887389,0.541
"380","Igsf3","hurdle",7.76693974712587e-24,-2.741213,-2.067043,0.67417,0.541
"75","Aldh4a1","hurdle",2.28789101030759e-64,-3.241517,-2.305767,0.93575,0.541
"725","Sytl3","hurdle",5.94206514441363e-50,-3.182575,-2.318182,0.864393,0.54
"631","Slc13a1","hurdle",1.83414131681368e-38,-3.023084,-2.072291,0.950793,0.54
"579","Rdh16","hurdle",7.73666413041741e-37,-3.04812,-2.251182,0.796938,0.54
"552","Pm20d1","hurdle",6.75226359926571e-19,-2.577349,-1.970794,0.606555,0.54
"322","Gm8909","hurdle",3.73342805034494e-57,-3.228342,-2.356084,0.872258,0.54
"114","Atp6v0a1","hurdle",1.62319826037909e-21,-2.691056,-2.025732,0.665324,0.54
"95","Apobec1","hurdle",4.94047875227795e-18,-2.443993,-1.804358,0.639635,0.54
"711","Srr","hurdle",2.62072573688975e-25,-2.816288,-2.104187,0.712101,0.539
"710","Spsb2","hurdle",8.74477513648504e-16,-2.377037,-1.799998,0.577039,0.539
"672","Slc41a2","hurdle",9.25687030559827e-37,-3.073599,-2.287341,0.786258,0.539
"415","Liph","hurdle",1.37520037429372e-16,-2.461405,-1.87597,0.585435,0.539
"682","Slc5a12","hurdle",4.79843063226388e-67,-3.269461,-2.227569,1.041892,0.538
"517","Parp4","hurdle",6.74721561502653e-17,-2.525886,-1.92735,0.598536,0.538
"457","Mocos","hurdle",1.51269204396404e-36,-3.080039,-2.275187,0.804852,0.538
"439","Mep1a","hurdle",8.68115442615634e-20,-2.624427,-1.970794,0.653633,0.538
"396","Kalrn","hurdle",1.33418228093308e-31,-2.933858,-2.281251,0.652607,0.538
"389","Irak2","hurdle",7.06141755685981e-17,-2.382333,-1.795651,0.586682,0.538
"234","Dlg3","hurdle",1.22476834863742e-13,-2.300461,-1.782689,0.517772,0.538
"181","Cndp1","hurdle",5.22361042620864e-32,-3.036591,-2.324431,0.71216,0.538
"31","Abhd3","hurdle",2.96547436966759e-17,-2.413851,-1.786996,0.626855,0.538
"766","Trim80","hurdle",7.88684742775821e-46,-3.179114,-2.375415,0.803699,0.537
"765","Trim40","hurdle",1.11315810335439e-19,-2.621293,-2.077558,0.543735,0.537
"487","Nab2","hurdle",2.84177911377316e-18,-2.655352,-2.046239,0.609113,0.537
"423","Ltb4r1","hurdle",3.83486446643e-55,-3.237912,-2.421553,0.816359,0.537
"224","Dcst1","hurdle",1.92253256996223e-51,-3.225959,-2.395008,0.830951,0.537
"613","Sec22c","hurdle",4.35662033632024e-25,-2.941656,-2.281251,0.660405,0.536
"600","Rwdd2b","hurdle",1.12223353116393e-13,-2.100627,-1.589721,0.510906,0.536
"597","Rilp","hurdle",2.8128129223792e-31,-3.036591,-2.299599,0.736992,0.536
"553","Pmp22","hurdle",2.74688211904002e-51,-3.070389,-1.228741,1.841648,0.536
"422","Lrrc75a","hurdle",3.44049044373142e-15,-2.514937,-1.956167,0.55877,0.536
"385","Il4ra","hurdle",2.23101293290752e-16,-2.50696,-1.917871,0.589089,0.536
"323","Gmfg","hurdle",4.62615690953166e-23,-2.847081,-2.187155,0.659926,0.536
"157","Ces1g","hurdle",3.41877015954161e-33,-2.996442,-2.170175,0.826267,0.536
"141","Cd36","hurdle",1.05079215879816e-51,-3.234316,-2.441788,0.792528,0.536
"43","Acot11","hurdle",1.05727302687287e-15,-2.469133,-1.87597,0.593163,0.536
"797","Wipf3","hurdle",3.88678767041787e-23,-2.894539,-2.239327,0.655212,0.535
"746","Tmem150b","hurdle",6.6498110116688e-14,-2.488993,-1.975702,0.513291,0.535
"723","Susd6","hurdle",2.07277018264212e-15,-2.182575,-1.659095,0.52348,0.535
"722","Susd2","hurdle",6.17104794091443e-59,-3.268234,-2.388447,0.879787,0.535
"626","Sh3d21","hurdle",5.2580692641185e-23,-2.900227,-2.239327,0.6609,0.535
"558","Ppargc1a","hurdle",2.33000516694859e-23,-2.904984,-2.233436,0.671548,0.535
"334","Gpr160","hurdle",8.10713520377508e-17,-2.562994,-1.961026,0.601968,0.535
"281","Fam20a","hurdle",5.05273712096223e-21,-2.846166,-2.204337,0.641829,0.535
"254","Elmo2","hurdle",2.32006192638969e-17,-2.631505,-2.02065,0.610855,0.535
"768","Trp53inp2","hurdle",1.18414362593783e-17,-2.690235,-2.109572,0.580663,0.534
"744","Tmem135","hurdle",7.01416041061744e-13,-2.311786,-1.791317,0.520469,0.534
"641","Slc23a2","hurdle",1.28513909796908e-19,-2.799362,-2.153393,0.645969,0.534
"599","Rnd2","hurdle",8.95913254703131e-29,-3.016892,-2.293457,0.723435,0.534
"335","Gpr39","hurdle",3.45969238569261e-14,-2.532495,-1.980628,0.551867,0.534
"333","Gpr155","hurdle",1.57030768690534e-34,-3.081116,-2.275187,0.805929,0.534
"289","Fam78a","hurdle",3.54928251106729e-46,-3.224769,-2.476155,0.748614,0.534
"78","Aldoc","hurdle",2.63434352337546e-22,-2.893594,-2.227569,0.666025,0.534
"783","Ugt2b5","hurdle",1.23247758666369e-35,-3.129283,-2.281251,0.848032,0.533
"763","Trim30d","hurdle",1.31849222252877e-21,-2.920311,-2.293457,0.626854,0.533
"540","Pitpnm1","hurdle",9.95844459062583e-19,-2.845252,-2.269148,0.576104,0.533
"400","Kifc3","hurdle",2.16871521998563e-24,-2.986325,-2.330706,0.655619,0.533
"362","Hes2","hurdle",6.54712380076134e-55,-3.268234,-2.511362,0.756872,0.533
"248","Edn3","hurdle",1.93437215854557e-42,-3.22002,-2.497176,0.722844,0.533
"627","Shpk","hurdle",9.95549415149679e-24,-3.012779,-2.388447,0.624332,0.532
"347","Gstm4","hurdle",6.14970582558407e-20,-2.471248,-1.857731,0.613517,0.532
"136","Car2","hurdle",4.62801825960542e-19,-2.816288,-2.187155,0.629133,0.532
"130","Btd","hurdle",5.92196875547751e-18,-2.765229,-2.153393,0.611836,0.532
"708","Sprr2a1","hurdle",1.26388100559801e-49,-3.270688,-2.518508,0.75218,0.531
"595","Rhof","hurdle",8.86930740261566e-36,-3.181421,-2.414871,0.76655,0.531
"500","Oas3","hurdle",4.41129655119524e-11,-2.307371,-1.791317,0.516054,0.531
"171","Clca4a","hurdle",6.46232057782643e-45,-3.139337,-1.099893,2.039444,0.531
"698","Snta1","hurdle",2.80607812732957e-27,-3.118194,-2.497176,0.621018,0.53
"662","Slc35e2","hurdle",1.96512890183446e-18,-2.893594,-2.299599,0.593995,0.53
"563","Ppp2r5b","hurdle",3.28605671775997e-17,-2.818081,-2.227569,0.590512,0.53
"430","Maob","hurdle",2.53111661634571e-23,-3.014834,-2.349697,0.665137,0.53
"309","Gch1","hurdle",2.5310654477103e-09,-2.100627,-1.559928,0.540699,0.53
"237","Dnah2","hurdle",3.16360017360034e-46,-3.260899,-2.532906,0.727993,0.53
"202","Cyp1a1","hurdle",1.35846297914782e-63,-3.310523,-2.381916,0.928607,0.53
"127","Bmp1","hurdle",4.66041625363151e-22,-2.985317,-2.324431,0.660886,0.53
"45","Acot4","hurdle",1.79170598798295e-17,-2.887932,-2.305767,0.582165,0.53
"12","2210019I11Rik","hurdle",5.73946512674264e-19,-2.807355,-2.131316,0.676039,0.53
"796","Vwce","hurdle",1.28998010860058e-20,-2.992387,-2.381916,0.610471,0.529
"762","Trim15","hurdle",5.64703348681462e-29,-3.127058,-2.483128,0.64393,0.529
"376","Ifit1","hurdle",5.4905976673627e-13,-2.538396,-1.98557,0.552826,0.529
"116","Atp7b","hurdle",2.80593366982898e-17,-2.888874,-2.311961,0.576913,0.529
"108","Arsg","hurdle",3.52005555883115e-24,-3.066121,-2.408219,0.657902,0.529
"444","Mfsd6l","hurdle",4.43698094396146e-18,-2.971281,-2.401598,0.569683,0.528
"372","Hsd3b3","hurdle",1.74337646355779e-20,-2.991375,-2.448596,0.542779,0.528
"605","Sardh","hurdle",5.4681878833032e-41,-3.267009,-2.62245,0.644559,0.527
"581","Rdh9","hurdle",1.96501744213384e-47,-3.291713,-2.62245,0.669263,0.527
"421","Lrrc19","hurdle",1.02987925824418e-24,-3.12817,-2.518508,0.609662,0.527
"318","Glyctk","hurdle",1.9133411356752e-18,-3.000509,-2.421553,0.578956,0.527
"660","Slc35d2","hurdle",3.67459944165445e-16,-2.981293,-2.441788,0.539505,0.526
"434","Mb21d2","hurdle",3.51243300590507e-14,-2.900227,-2.395008,0.505219,0.526
"800","Xkr9","hurdle",4.05855557720974e-23,-3.14158,-2.562141,0.579439,0.525
"714","Stab1","hurdle",2.81091784858622e-42,-3.287981,-2.669397,0.618584,0.525
"640","Slc23a1","hurdle",1.08422178268198e-42,-3.291713,-2.693456,0.598257,0.525
"506","Oplah","hurdle",9.02995167910938e-18,-3.042868,-2.490135,0.552733,0.525
"502","Ocm","hurdle",6.86006139421591e-33,-3.236712,-2.562141,0.674571,0.525
"46","Acot9","hurdle",1.37389800044038e-17,-3.033463,-2.483128,0.550335,0.525
"572","Ptk6","hurdle",5.1533723895323e-23,-3.152851,-2.607135,0.545716,0.524
"602","S100g","hurdle",7.32622958716491e-21,-2.0428683,-0.5754924,1.4673759,0.523
"485","Myzap","hurdle",4.40619945381332e-14,-2.918386,-2.388447,0.529939,0.523
"758","Tpm2","hurdle",8.63865966358189e-18,-3.103904,-2.554776,0.549128,0.522
"60","Adora2b","hurdle",2.98210771020937e-28,-3.245131,-2.709721,0.53541,0.522
"568","Proz","hurdle",7.60134758982596e-33,-3.281781,-2.742812,0.538969,0.521
"431","Mapre3","hurdle",1.75159029117555e-23,-3.222392,-2.685391,0.537001,0.521
"576","Rab30","hurdle",1.72181847888174e-20,-3.129283,-2.287341,0.841942,0.52
"279","Fam151a","hurdle",6.6222985538877e-28,-3.254814,-2.653578,0.601236,0.519
"121","Bbox1","hurdle",9.19916344347998e-19,-3.198838,-2.677372,0.521466,0.518
"9","2010109I03Rik","hurdle",7.36834073796775e-22,-2.84342418,-0.03364375,2.80978043,0.516
"435","Mbl2","hurdle",3.63442502647334e-22,-3.294207,-2.776679,0.517528,0.514
"336","Gprc5a","hurdle",1.02481172299357e-19,-3.200006,-2.131316,1.06869,0.514
"498","Nt5e","hurdle",9.51478800935767e-15,-3.281781,-2.554776,0.727005,0.509
"111","Atf3","hurdle",9.39849935917138e-12,-2.965307,-1.830797,1.13451,0.509
"53","Ada","hurdle",1.13217632540812e-74,-1.7121598,0.5214079,2.2335677,0.508
"651","Slc28a2","hurdle",2.6592365080932e-53,-2.715081,-1.379963,1.335118,0.505
"174","Cldn4","hurdle",1.53052381647834e-41,-1.657758,-1.113353,0.544405,0.466
