"","Gene","test.type","p_value","log2.mean.Cluster_Other","log2.mean.Goblet","log2fold_change","Auc"
"470","Tff3","hurdle",0,1.073829,5.964351,4.890522,0.892
"155","Fcgbp","hurdle",0,-0.9251404,4.5249024,5.4500428,0.875
"405","Selm","hurdle",0,-0.4621939,2.7108112,3.1730051,0.864
"15","Agr2","hurdle",0,0.1045904,4.1991985,4.0946081,0.859
"441","Spink4","hurdle",0,1.798798,5.334386,3.535588,0.856
"485","Tmsb10","hurdle",1.67443676872155e-191,2.583591,3.82971,1.246119,0.809
"211","Guca2a","hurdle",4.32369784310879e-302,-0.2465943,3.3908005,3.6373948,0.798
"506","Txndc5","hurdle",0,-0.7469087,1.4211188,2.1680275,0.797
"435","Smim6","hurdle",1.50409614687146e-273,-0.7123534,1.4099293,2.1222827,0.792
"412","Sh3bgrl3","hurdle",4.39593336874956e-171,1.264683,2.442326,1.177643,0.767
"174","Fxyd3","hurdle",1.41194175885379e-216,-0.2410783,1.6981418,1.9392201,0.761
"295","Muc2","hurdle",5.4582823164145e-298,-1.375213,3.526155,4.901368,0.759
"453","Stard10","hurdle",5.81379683850943e-142,0.8597781,1.9639843,1.1042062,0.745
"433","Smim14","hurdle",1.09817827362059e-197,-0.4039414,1.2889186,1.69286,0.744
"258","Lgals2","hurdle",2.08643470364602e-90,4.593269,5.34544,0.752171,0.741
"356","Qsox1","hurdle",9.16848819709239e-174,-1.496215,0.364669,1.860884,0.73
"440","Spdef","hurdle",6.54271779750871e-308,-2.96246683,0.04216127,3.0046281,0.727
"238","Itln1","hurdle",8.23700985234319e-133,1.896166,3.140102,1.243936,0.726
"249","Krt18","hurdle",1.20039090486868e-80,2.720301,3.500187,0.779886,0.721
"288","Mmp7","hurdle",4.46159046074868e-161,-0.04167416,2.02637271,2.06804687,0.714
"396","Sct","hurdle",1.89000321413798e-145,-0.02262162,0.59553658,0.6181582,0.711
"33","Atoh1","hurdle",1.36490264875591e-246,-2.79062151,0.09714579,2.8877673,0.708
"259","Lgals4","hurdle",1.02372158491989e-69,4.391826,4.94418,0.552354,0.705
"402","Sec61b","hurdle",4.17399350025203e-102,2.236713,3.076418,0.839705,0.703
"168","Foxa3","hurdle",1.72415080648746e-118,-0.7279025,0.6737124,1.4016149,0.703
"95","Creb3l1","hurdle",2.9139641668873e-234,-2.7745952,-0.1105936,2.6640016,0.703
"251","Krt7","hurdle",5.72969843044242e-96,0.07835861,1.19556482,1.11720621,0.702
"489","Tpd52","hurdle",2.8844855713637e-102,0.8188772,1.7398481,0.9209709,0.698
"519","Wars","hurdle",1.61970602066958e-127,-1.3384796,0.1750014,1.513481,0.695
"499","Tspan13","hurdle",1.23093221801616e-116,-0.2041754,1.0892176,1.293393,0.695
"180","Galnt12","hurdle",1.36025579253577e-135,-1.5971868,0.1536935,1.7508803,0.695
"294","Muc13","hurdle",2.50564668572087e-66,2.152919,2.752453,0.599534,0.694
"123","Dynll1","hurdle",3.30440222988971e-73,1.107955,1.994767,0.886812,0.694
"84","Clps","hurdle",3.80333563780403e-147,1.061548,2.173899,1.112351,0.692
"500","Tsta3","hurdle",1.87834079685915e-94,0.3012502,1.2568025,0.9555523,0.691
"110","Defa24","hurdle",9.81283091228539e-155,3.169501,4.935817,1.766316,0.691
"247","Klf4","hurdle",3.27237042212924e-147,-2.09596763,0.01287687,2.1088445,0.688
"380","Rnase4","hurdle",4.23221759816158e-113,-0.2306845,1.2076775,1.438362,0.687
"379","Rnase1","hurdle",9.73364046152939e-185,-0.01616099,2.38975668,2.40591767,0.684
"6","5330417C22Rik","hurdle",1.73656264483676e-137,-2.1779089,-0.2960439,1.881865,0.684
"417","Slc12a8","hurdle",3.64464695898321e-134,-2.03391,-0.2456285,1.7882815,0.681
"490","Tpsg1","hurdle",2.61675373438984e-257,-3.072627,0.2605449,3.3331719,0.68
"268","Lyz1","hurdle",6.91104857686747e-111,2.150381,3.639232,1.488851,0.679
"212","Guca2b","hurdle",1.52442577127321e-87,2.085143,2.643299,0.558156,0.679
"240","Jund","hurdle",1.85644824517652e-60,1.556693,2.227146,0.670453,0.677
"407","Serp1","hurdle",1.98571848553545e-83,0.3892402,1.3107413,0.9215011,0.671
"66","Ccl9","hurdle",1.15332215162365e-177,-2.2975569,0.8877942,3.1853511,0.669
"329","Phgr1","hurdle",3.00968472370954e-56,2.575963,3.196976,0.621013,0.668
"296","Muc3a","hurdle",4.02864517890624e-87,-1.41388567,-0.07033958,1.34354609,0.668
"248","Klk1","hurdle",4.94335929173994e-184,-1.689854,0.785298,2.475152,0.665
"21","Ang4","hurdle",2.56503688911677e-112,0.8306426,2.1962163,1.3655737,0.665
"385","Rrbp1","hurdle",1.81722097014043e-53,0.8141441,1.5367389,0.7225948,0.66
"358","Rab15","hurdle",2.00479363925238e-98,-1.979237,-0.355905,1.623332,0.656
"404","Selk","hurdle",1.05698771489814e-48,0.7096344,1.376597,0.6669626,0.651
"363","Ramp1","hurdle",8.67391146121059e-154,-2.3261635,0.2438371,2.5700006,0.651
"267","Lrrc26","hurdle",1.22090398276519e-148,-2.6241783,-0.2199072,2.4042711,0.651
"326","Pdia6","hurdle",1.6657440199126e-72,0.4345703,1.3986523,0.964082,0.649
"243","Kdelr2","hurdle",1.3964895173129e-59,0.07067533,0.91443256,0.84375723,0.649
"61","Carhsp1","hurdle",4.29502213377805e-50,0.3093848,1.0608822,0.7514974,0.649
"472","Tm4sf4","hurdle",1.44212055818746e-63,-0.1807823,1.1815961,1.3623784,0.648
"375","Rep15","hurdle",2.73147778778965e-179,-3.0120388,-0.3712666,2.6407722,0.647
"65","Ccl6","hurdle",2.60062971528373e-124,-0.5612725,2.0042224,2.5654949,0.647
"20","Ang","hurdle",2.75489774051311e-83,-1.0759051,0.3127453,1.3886504,0.646
"373","Reep5","hurdle",2.91563641447852e-109,-1.2183813,-0.4892126,0.7291687,0.645
"177","Gale","hurdle",7.7306821080774e-55,-0.4996602,0.4414102,0.9410704,0.645
"477","Tmed3","hurdle",7.08912789126968e-62,-0.2371719,0.6674615,0.9046334,0.643
"389","S100a6","hurdle",6.04979846971072e-156,-1.994787,2.200552,4.195339,0.643
"310","Npdc1","hurdle",2.60540432176562e-69,-1.4759552,-0.2014846,1.2744706,0.643
"87","Cmpk1","hurdle",7.82463771276092e-49,0.7905261,1.4800868,0.6895607,0.643
"53","Calr","hurdle",3.49375314774883e-44,1.700464,2.33717,0.636706,0.643
"361","Rab3d","hurdle",1.31224830654763e-69,-1.6558502,-0.3867935,1.2690567,0.64
"269","Manf","hurdle",5.54800996432193e-50,0.853618,1.664012,0.810394,0.64
"217","Hepacam2","hurdle",1.43691268948815e-112,-2.3428572,-0.2814589,2.0613983,0.638
"216","Hdlbp","hurdle",1.41747946233335e-47,0.004149635,0.772540968,0.768391333,0.638
"112","Dll1","hurdle",5.02947680178956e-108,-2.3864179,-0.5490959,1.837322,0.637
"322","P2rx4","hurdle",9.99847798171485e-101,-2.2081775,-0.5288574,1.6793201,0.636
"187","Gcnt3","hurdle",3.67506151880814e-168,-3.1049571,-0.8418413,2.2631158,0.636
"54","Camk2n1","hurdle",7.92787088466153e-45,-0.76221286,0.09155394,0.8537668,0.635
"399","Sec11c","hurdle",4.2510266658808e-39,1.171322,1.781541,0.610219,0.634
"115","Dnajc10","hurdle",4.7493156632494e-80,-2.0164461,-0.5725788,1.4438673,0.634
"59","Capns1","hurdle",1.23732989921423e-41,-0.152439,0.5608836,0.7133226,0.634
"484","Tmprss2","hurdle",1.24493500518339e-41,-0.2822258,0.4761582,0.758384,0.633
"449","Ssr2","hurdle",1.05943712589978e-45,1.653231,2.24866,0.595429,0.633
"401","Sec61a1","hurdle",3.84626015020521e-48,0.05754267,0.83745612,0.77991345,0.632
"225","Hpd","hurdle",7.96314238472154e-141,-2.9519945,-0.8347256,2.1172689,0.632
"32","Atf4","hurdle",1.98687985796993e-40,-0.0267367,0.6774499,0.7041866,0.632
"521","Xbp1","hurdle",2.85085331876925e-42,0.0397649,0.7933578,0.7535929,0.631
"291","Msrb1","hurdle",4.24771776740367e-39,-0.03877501,0.65108139,0.6898564,0.63
"213","Guk1","hurdle",1.93928996307409e-34,1.26402,1.795366,0.531346,0.629
"78","Clca1","hurdle",8.68756342169027e-213,-2.792319,2.932661,5.72498,0.625
"132","Ergic1","hurdle",1.44101659362344e-52,-0.7962944,0.1393114,0.9356058,0.624
"478","Tmed9","hurdle",6.53307287332384e-38,0.7719094,1.3986523,0.6267429,0.622
"303","Nans","hurdle",3.59246212680208e-42,-0.4410709,0.3475679,0.7886388,0.622
"252","Krtcap2","hurdle",3.68048453005575e-37,1.453184,1.97971,0.526526,0.622
"219","Hes6","hurdle",1.26622826489039e-36,0.1827015,0.8963721,0.7136706,0.622
"96","Creb3l4","hurdle",1.82817597792081e-101,-2.7235035,-0.9415044,1.7819991,0.622
"473","Tm9sf3","hurdle",6.2808223243211e-37,0.3868046,0.9824822,0.5956776,0.621
"204","Golm1","hurdle",6.96723447796549e-37,-0.86786674,-0.07662128,0.79124546,0.621
"22","Ano7","hurdle",3.08586975299807e-139,-3.076758,-1.133331,1.943427,0.621
"364","Rap1gap","hurdle",2.4183040936456e-128,-3.03396,-1.115975,1.917985,0.62
"164","Fos","hurdle",1.57838661762971e-44,-0.8970181,0.2572188,1.1542369,0.62
"139","Fam104a","hurdle",1.22460019319384e-36,0.3271798,0.9519479,0.6247681,0.62
"343","Ppp1r14b","hurdle",5.46694942804656e-45,0.8403971,1.5291747,0.6887776,0.619
"109","Defa17","hurdle",1.40690873466361e-62,1.923116,3.314447,1.391331,0.619
"40","Baiap2l2","hurdle",1.40603236804676e-32,-0.2432531,0.4370073,0.6802604,0.619
"63","Cbfa2t3","hurdle",3.46205311031937e-132,-3.074691,-1.168682,1.906009,0.618
"89","Cmtm7","hurdle",3.76147767424143e-42,-1.1146663,-0.1497938,0.9648725,0.617
"190","Gfpt1","hurdle",8.2950931215821e-54,-1.7779123,-0.6146166,1.1632957,0.616
"14","Adrbk1","hurdle",9.87788699089196e-51,-1.8512073,-0.7452809,1.1059264,0.616
"274","Mapk3","hurdle",5.13171866448519e-28,0.2933695,0.8296396,0.5362701,0.615
"498","Tspan1","hurdle",2.56240218839458e-39,-0.6770377,0.2998712,0.9769089,0.614
"176","Gadd45g","hurdle",1.24292777937874e-61,-1.9802042,-0.4210197,1.5591845,0.614
"94","Cracr2b","hurdle",3.78126461426349e-61,-2.2819724,-0.9841678,1.2978046,0.613
"72","Cdc42ep5","hurdle",3.05496913470346e-27,0.5088162,1.0503516,0.5415354,0.612
"454","Stard3nl","hurdle",1.20758695891186e-38,-0.4862042,0.2688267,0.7550309,0.611
"428","Slc50a1","hurdle",1.51446198978067e-31,-0.70254511,0.05753991,0.76008502,0.611
"162","Fkbp11","hurdle",3.95760843875517e-80,-2.3428572,-0.5490959,1.7937613,0.611
"133","Ern2","hurdle",2.69329590894269e-133,-3.142351,-1.261046,1.881305,0.611
"446","Srp9","hurdle",8.17483888177063e-31,0.5954177,1.1406658,0.5452481,0.61
"299","Mydgf","hurdle",1.17650804896816e-28,0.7736314,1.2937967,0.5201653,0.61
"34","Atp2a3","hurdle",1.33569364865505e-92,-2.390269,-1.150898,1.239371,0.61
"328","Pdxdc1","hurdle",6.80172215332665e-30,-0.5778274,0.1156303,0.6934577,0.609
"129","Eif4ebp1","hurdle",3.49756882751871e-26,-0.06174915,0.54869172,0.61044087,0.609
"37","AW112010","hurdle",2.99363716206148e-112,-1.926095,0.4266812,2.3527762,0.609
"325","Pdia5","hurdle",4.98057572291967e-83,-2.4776953,-0.9000664,1.5776289,0.608
"206","Grtp1","hurdle",7.55033122428116e-34,-1.1296087,-0.3083118,0.8212969,0.608
"332","Pla2g10","hurdle",6.32329107856628e-149,-3.2031449,-0.8779557,2.3251892,0.607
"232","Ift20","hurdle",2.26836865701072e-25,0.4622394,0.9794577,0.5172183,0.607
"121","Drap1","hurdle",3.37262918382316e-27,0.453672,1.002485,0.548813,0.607
"516","Vasp","hurdle",1.76862690585931e-24,0.4246497,0.9426601,0.5180104,0.606
"458","Syngr2","hurdle",1.01380929525061e-25,0.6070538,1.1352405,0.5281867,0.606
"321","Ostc","hurdle",2.91239980287209e-33,0.8811002,1.4541759,0.5730757,0.606
"509","Ubc","hurdle",5.19332956206032e-24,0.7665871,1.3115432,0.5449561,0.605
"284","Mid1ip1","hurdle",2.1189764454003e-43,-1.3729888,-0.3533606,1.0196282,0.605
"106","Dap","hurdle",2.1029359553521e-29,-0.8192547,-0.09563218,0.72362252,0.605
"48","Btg2","hurdle",7.04021225715679e-37,-1.223811,-0.2960439,0.9277671,0.605
"518","Vimp","hurdle",1.36938708469593e-37,-1.3381697,-0.3712666,0.9669031,0.604
"381","Rnh1","hurdle",4.50699159024233e-28,-0.2152329,0.3982749,0.6135078,0.604
"186","Gcc2","hurdle",2.63180748285697e-29,-1.0356429,-0.2838795,0.7517634,0.604
"386","S100a13","hurdle",8.10250747259504e-50,-1.9016138,-0.6115729,1.2900409,0.603
"374","Reg4","hurdle",1.12579433586703e-82,-0.4814043,0.2998712,0.7812755,0.603
"293","Mtch1","hurdle",3.41191135915786e-24,0.7409979,1.2509616,0.5099637,0.603
"262","Litaf","hurdle",3.1247486904207e-27,-0.8917772,-0.1900889,0.7016883,0.603
"148","Fam213a","hurdle",1.07458666147893e-35,-1.203342,-0.143186,1.060156,0.603
"73","Cdk2ap1","hurdle",2.30693129510245e-29,0.1899196,0.8127461,0.6228265,0.603
"468","Tecpr1","hurdle",7.44145083605584e-59,-2.2172693,-0.9225212,1.2947481,0.602
"531","Zg16","hurdle",0,-1.041939,5.103498,6.145437,0.601
"432","Smco4","hurdle",2.52009549038987e-27,0.05329594,0.64981365,0.59651771,0.601
"218","Herpud1","hurdle",8.94540321526035e-35,-0.827280061,-0.004983408,0.822296653,0.601
"179","Galnt10","hurdle",4.09443216449159e-44,-1.8227413,-0.7790297,1.0437116,0.601
"68","Cd9","hurdle",9.31773117391286e-22,0.467125,1.019272,0.552147,0.601
"447","Srrm2","hurdle",1.06797718769103e-26,1.057666,1.573976,0.51631,0.6
"351","Ptov1","hurdle",8.29091805029838e-28,-0.1474067,0.4732943,0.620701,0.6
"330","Phlda1","hurdle",6.15066843308523e-24,0.4092245,1.1297946,0.7205701,0.6
"460","Sytl2","hurdle",5.33403081064908e-131,-3.209935,-1.289949,1.919986,0.599
"410","Setd8","hurdle",4.58034637565299e-22,0.0591908,0.5876133,0.5284225,0.599
"474","Tmbim4","hurdle",1.72962116191505e-29,-0.2096936,0.4103037,0.6199973,0.598
"462","Taf10","hurdle",2.5994322620809e-27,0.7442947,1.3002752,0.5559805,0.598
"445","Srm","hurdle",8.56084061002846e-24,-0.65293679,0.02074435,0.67368114,0.598
"287","Mlph","hurdle",2.66130123186941e-48,-2.231591,-1.069295,1.162296,0.598
"261","Liph","hurdle",2.31739629252558e-57,-2.515747,-1.200341,1.315406,0.598
"184","Galnt6","hurdle",3.5457278559346e-30,-1.3992617,-0.5607896,0.8384721,0.598
"398","Sdf2l1","hurdle",1.33290591072595e-34,-0.3125046,0.5432399,0.8557445,0.597
"208","Gsn","hurdle",5.90483356611161e-79,-2.6188976,-0.7858752,1.8330224,0.597
"192","Gm1123","hurdle",4.58251370315423e-31,0.7459768,1.5264142,0.7804374,0.597
"239","Junb","hurdle",6.38851537159437e-28,-0.88383836,-0.08082433,0.80301403,0.596
"128","Eif3b","hurdle",1.12930989313119e-22,0.2338418,0.7655347,0.5316929,0.596
"522","Ybx3","hurdle",4.10631861097211e-23,0.5494201,1.091087,0.5416669,0.595
"507","Txnip","hurdle",6.33483549357078e-21,0.5562722,1.0938865,0.5376143,0.595
"305","Ndrg1","hurdle",9.84422505586128e-38,-1.9016138,-0.8066089,1.0950049,0.595
"146","Fam174b","hurdle",1.30438896208063e-42,-2.212716,-1.133331,1.079385,0.595
"113","Dll4","hurdle",4.79217059142455e-74,-2.861015,-1.34449,1.516525,0.595
"314","Nupr1","hurdle",3.62061897109031e-53,-1.6597181,0.3079309,1.967649,0.594
"254","Larp4b","hurdle",1.37296445649938e-19,-0.3327406,0.1837877,0.5165283,0.594
"220","Hgfac","hurdle",4.15078492402484e-80,-2.8486,-1.168682,1.679918,0.594
"185","Galnt7","hurdle",1.16475691462594e-40,-1.7582886,-0.7688219,0.9894667,0.594
"413","Sh3glb1","hurdle",8.49093969269015e-21,-0.06738975,0.46178143,0.52917118,0.593
"362","Rala","hurdle",2.32539663336313e-21,-0.02212362,0.51566722,0.53779084,0.593
"415","Shroom3","hurdle",7.89461988607123e-22,-0.8958772,-0.2550966,0.6407806,0.591
"171","Fryl","hurdle",4.69330984758692e-25,-0.9967185,-0.2838795,0.712839,0.59
"520","Wnt3","hurdle",3.07145894570436e-60,-2.750472,-1.395929,1.354543,0.588
"491","Trabd","hurdle",5.30280106988744e-21,-0.6508181,-0.0620063,0.5888118,0.588
"448","Ssr1","hurdle",1.18530862038228e-21,-0.7499978,-0.1278845,0.6221133,0.588
"384","Rpn1","hurdle",6.80669015869136e-26,0.4437022,0.9652588,0.5215566,0.588
"367","Rasa4","hurdle",1.10795762047551e-54,-2.641667,-1.354632,1.287035,0.588
"169","Foxp4","hurdle",8.18090136660021e-27,-1.1651796,-0.4104018,0.7547778,0.588
"450","St14","hurdle",4.79247678765179e-20,-0.3617455,0.1714719,0.5332174,0.587
"427","Slc39a7","hurdle",6.04434024013779e-30,-1.2422523,-0.4615475,0.7807048,0.587
"388","S100a16","hurdle",1.55681710361682e-24,-0.70374255,0.02074435,0.7244869,0.587
"277","Mcf2l","hurdle",3.96105616154167e-55,-2.675725,-1.390702,1.285023,0.587
"97","Creld2","hurdle",1.41175487845284e-27,-1.1528614,-0.3610074,0.791854,0.587
"36","Atp6v1b2","hurdle",1.01567856324198e-27,-1.5689078,-0.7519678,0.81694,0.587
"501","Ttc39a","hurdle",4.0717918533178e-69,-2.92754,-1.493409,1.434131,0.586
"30","Asph","hurdle",1.79198924311749e-38,-1.7558026,-0.7790297,0.9767729,0.586
"18","Akt1","hurdle",5.76111814981048e-18,-0.3601712,0.1890338,0.549205,0.586
"345","Preb","hurdle",1.15352638394857e-17,-0.821636,-0.288733,0.532903,0.585
"339","Pmm2","hurdle",1.98861129107313e-27,-1.1234529,-0.3841941,0.7392588,0.585
"242","Kctd14","hurdle",2.94378458549615e-32,-2.056679,-1.098825,0.957854,0.585
"116","Dnajc3","hurdle",1.4396398613756e-21,-0.9881824,-0.3157229,0.6724595,0.585
"39","Bace2","hurdle",1.78746692467814e-76,-2.972054,-1.364846,1.607208,0.585
"366","Rap1gapos","hurdle",8.37416554664746e-88,-3.121931,-1.610053,1.511878,0.584
"319","Oit1","hurdle",1.86714272950446e-19,-0.2150906,0.3365789,0.5516695,0.584
"67","Cd82","hurdle",9.95385038132431e-19,-0.66785521,-0.08503966,0.58281555,0.584
"43","Bcas1","hurdle",6.58374575944785e-114,-3.237418,-1.427696,1.809722,0.584
"354","Pvrl1","hurdle",1.82926264507666e-30,-2.043985,-1.128972,0.915013,0.583
"523","Yipf3","hurdle",1.34967060582635e-17,-0.7005516,-0.1475878,0.5529638,0.582
"511","Ube2m","hurdle",2.04198692470736e-17,-0.1666786,0.3723757,0.5390543,0.582
"494","Trim25","hurdle",1.93675850871508e-18,-0.8037646,-0.2245498,0.5792148,0.582
"312","Nucb1","hurdle",6.11823730991177e-18,-0.6055372,-0.05993048,0.54560672,0.582
"492","Tram1","hurdle",6.63812168061589e-20,-0.64505572,-0.05993048,0.58512524,0.581
"391","Samhd1","hurdle",6.45551027846464e-22,-1.497253,-0.775619,0.721634,0.581
"138","Faim","hurdle",5.59293111301081e-20,-1.0852381,-0.4236864,0.6615517,0.581
"125","Edem2","hurdle",4.8562902368674e-27,-1.2413826,-0.4920086,0.749374,0.581
"108","Ddx17","hurdle",1.86788369192838e-19,-0.4541106,0.102716,0.5568266,0.581
"77","Chst4","hurdle",1.51546991104523e-71,-2.988499,-1.427696,1.560803,0.581
"11","Actn1","hurdle",2.8848363342386e-17,-0.63588346,-0.08715195,0.54873151,0.581
"439","Spcs3","hurdle",2.08540621528811e-20,-1.2226662,-0.5490959,0.6735703,0.579
"431","Smarca4","hurdle",3.97525005324757e-18,-0.2275235,0.3047124,0.5322359,0.579
"392","Sar1a","hurdle",7.48147433979318e-16,-0.53865956,-0.03321314,0.50544642,0.579
"306","Neat1","hurdle",3.72949388809825e-16,-0.7177866,-0.1366083,0.5811783,0.579
"275","Mark2","hurdle",3.19912459645973e-20,-0.48140432,0.06706897,0.54847329,0.579
"119","Dpm2","hurdle",1.58413010177665e-16,-0.6456309,-0.1257118,0.5199191,0.579
"85","Clptm1l","hurdle",4.57153310841757e-19,-0.6914167,-0.1213761,0.5700406,0.579
"70","Cdc34","hurdle",2.6768549554652e-16,-0.3219741,0.1977353,0.5197094,0.579
"58","Capn9","hurdle",1.95969201228408e-118,-3.274895,-1.35973,1.915165,0.579
"406","Serinc2","hurdle",7.05624044478863e-16,-0.53261789,-0.01701429,0.5156036,0.578
"286","Mllt3","hurdle",1.29761335606426e-60,-2.1756918,-0.9000664,1.2756254,0.578
"127","Ehmt2","hurdle",6.93065415355737e-21,-0.9121637,-0.3033921,0.6087716,0.578
"337","Plxnb2","hurdle",6.89178348021116e-16,-0.6513956,-0.1235423,0.5278533,0.577
"203","Golgb1","hurdle",1.08191777032021e-18,-0.85207,-0.2574733,0.5945967,0.577
"130","Eml4","hurdle",6.7368167495011e-19,-0.08535516,0.46033585,0.54569101,0.577
"98","Csnk1g2","hurdle",6.49886077150829e-17,-0.7399311,-0.1787824,0.5611487,0.577
"46","Bhlha15","hurdle",1.44388556336392e-73,-3.099693,-1.691266,1.408427,0.576
"223","Hk2","hurdle",1.7337730164499e-22,-1.5765654,-0.7893102,0.7872552,0.575
"221","Hid1","hurdle",4.97461718925588e-43,-2.716235,-1.574059,1.142176,0.575
"200","Gmppb","hurdle",7.42621892333861e-22,-1.3915224,-0.6391998,0.7523226,0.575
"369","Rassf6","hurdle",9.66324952971876e-39,-2.662471,-1.603992,1.058479,0.574
"346","Prkca","hurdle",8.30451685094668e-15,-0.8463283,-0.3231723,0.523156,0.574
"281","Mgat4b","hurdle",1.30735848193142e-14,-0.6404623,-0.1366083,0.503854,0.574
"222","Hist1h1c","hurdle",2.96581066890834e-18,-1.2556541,-0.4920086,0.7636455,0.574
"91","Cog1","hurdle",1.59876283560721e-33,-2.076706,-1.146486,0.93022,0.574
"253","Larp1","hurdle",1.4865155847455e-17,-0.2910479,0.2488698,0.5399177,0.573
"153","Fam83e","hurdle",2.43081973307267e-18,-1.5017589,-0.8347256,0.6670333,0.573
"86","Clstn1","hurdle",3.00352205577277e-18,-0.9945186,-0.3920065,0.6025121,0.573
"24","Ap2b1","hurdle",3.17379808777662e-18,-0.8979315,-0.3132483,0.5846832,0.573
"425","Slc35c1","hurdle",2.15107427849849e-20,-1.6702136,-0.9530153,0.7171983,0.572
"424","Slc35b1","hurdle",1.4321745689284e-14,-0.48775044,0.04602132,0.53377176,0.572
"175","Gadd45b","hurdle",3.24165310324099e-44,-2.656275,-1.47117,1.185105,0.572
"156","Fdps","hurdle",2.54214707231216e-13,-0.49619797,0.03635175,0.53254972,0.572
"151","Fam46c","hurdle",1.1263837509255e-45,-2.783852,-1.579996,1.203856,0.572
"360","Rab27b","hurdle",4.11984189881712e-33,-2.260081,-1.177657,1.082424,0.571
"75","Cenpb","hurdle",7.97155004947261e-15,-0.6750791,-0.1542158,0.5208633,0.571
"436","Snd1","hurdle",5.28026285454927e-14,-0.8452267,-0.325664,0.5195627,0.57
"390","Safb2","hurdle",9.90374809242372e-15,-0.8452267,-0.3083118,0.5369149,0.57
"377","Rfc1","hurdle",9.1158523439846e-19,-0.901133,-0.2742212,0.6269118,0.57
"278","Mettl1","hurdle",2.3826258567394e-13,-0.6038595,-0.1020252,0.5018343,0.57
"104","D17Wsu92e","hurdle",7.39553162987116e-14,-0.9043416,-0.3790092,0.5253324,0.57
"513","Uggt1","hurdle",6.34752325125622e-15,-1.360659,-0.775619,0.58504,0.568
"419","Slc1a5","hurdle",1.35144320772957e-14,-1.3059886,-0.7221178,0.5838708,0.568
"397","Sdcbp2","hurdle",8.60618322750101e-20,-1.4708494,-0.5994621,0.8713873,0.568
"234","Impad1","hurdle",4.03308128226607e-16,-1.4657616,-0.8489922,0.6167694,0.568
"235","Inafm1","hurdle",1.4815532782972e-17,-1.5979287,-0.9262979,0.6716308,0.567
"117","Dnm2","hurdle",2.24502234000865e-14,-1.4485961,-0.8926584,0.5559377,0.567
"60","Car8","hurdle",1.3010677203089e-20,-1.6057424,-0.8489922,0.7567502,0.567
"25","Apobec3","hurdle",1.41898507822059e-12,-0.4745749,0.04987108,0.52444598,0.567
"524","Yipf6","hurdle",1.83893320499982e-15,-1.644308,-1.032195,0.612113,0.566
"512","Ube2z","hurdle",8.25440231919452e-14,-1.0907104,-0.5374963,0.5532141,0.566
"455","Stx17","hurdle",1.43444771735314e-24,-2.140134,-1.314485,0.825649,0.566
"421","Slc26a2","hurdle",5.31849194771995e-19,-1.760779,-1.003985,0.756794,0.566
"334","Plekha6","hurdle",3.04522288012885e-13,-1.0725497,-0.5259892,0.5465605,0.566
"140","Fam107b","hurdle",4.98071876775727e-15,-1.2870189,-0.6673661,0.6196528,0.566
"276","Maz","hurdle",7.71867153089548e-13,-0.57672998,-0.06616692,0.51056306,0.565
"233","Igsf23","hurdle",1.24695597518616e-12,-1.2138248,-0.6960933,0.5177315,0.565
"147","Fam20b","hurdle",1.19859129925066e-12,-1.0686876,-0.5637279,0.5049597,0.565
"52","Cacfd1","hurdle",9.02315906802985e-14,-1.0485165,-0.5032468,0.5452697,0.565
"264","Lmna","hurdle",4.27926126324524e-13,-1.1088382,-0.5403875,0.5684507,0.564
"224","Hmgcs1","hurdle",2.51026147508601e-14,-1.3041712,-0.6673661,0.6368051,0.564
"74","Cdkn1a","hurdle",1.03814435169728e-14,-1.0411822,-0.4533503,0.5878319,0.564
"69","Cdc25b","hurdle",8.15428025870306e-22,-2.010013,-1.098825,0.911188,0.564
"45","Bet1l","hurdle",4.79700603697746e-15,-1.5931128,-0.9841678,0.608945,0.564
"13","Adgre5","hurdle",4.32442323070959e-39,-2.714625,-1.591944,1.122681,0.564
"510","Ube2f","hurdle",1.28257180619032e-12,-1.1229189,-0.5755412,0.5473777,0.563
"505","Tulp4","hurdle",1.24286793102066e-20,-2.129904,-1.34449,0.785414,0.563
"452","St3gal6","hurdle",3.90468898899438e-20,-0.9767985,-0.3712666,0.6055319,0.563
"316","Odc1","hurdle",2.76719567531329e-14,-1.178991,-0.5994621,0.5795289,0.563
"50","C1galt1c1","hurdle",8.92576435154684e-32,-2.148806,-1.218749,0.930057,0.563
"19","Alkbh1","hurdle",3.13239018971998e-13,-0.8168774,-0.2814589,0.5354185,0.563
"7","5730559C18Rik","hurdle",1.67470147186572e-17,-1.5483254,-0.8852883,0.6630371,0.563
"5","2210011C24Rik","hurdle",6.65599296123889e-81,-3.251358,-1.791031,1.460327,0.563
"525","Zc3h7a","hurdle",4.9197755171584e-12,-1.3267476,-0.8135869,0.5131607,0.562
"486","Tnfaip8","hurdle",3.33993544336011e-27,-2.459376,-1.527423,0.931953,0.562
"481","Tmem248","hurdle",6.44096796520861e-13,-1.4694909,-0.9187544,0.5507365,0.562
"426","Slc37a1","hurdle",3.64688561583494e-15,-1.871697,-1.261046,0.610651,0.562
"422","Slc29a1","hurdle",1.06534696209041e-14,-1.6057424,-0.9724066,0.6333358,0.562
"359","Rab27a","hurdle",3.29565404851758e-59,-3.13695,-1.861592,1.275358,0.562
"335","Pllp","hurdle",6.6345593616431e-18,-1.926561,-1.209516,0.717045,0.562
"301","N4bp1","hurdle",1.10995429380428e-12,-1.3957093,-0.8454123,0.550297,0.562
"300","Myo5c","hurdle",5.23449501304465e-19,-2.085004,-1.34449,0.740514,0.562
"255","Lbh","hurdle",3.32799460236826e-13,-0.9626341,-0.3331651,0.629469,0.562
"214","H2-T22","hurdle",1.03618672932959e-12,-1.4116011,-0.8597855,0.5518156,0.562
"88","Cmtm4","hurdle",3.23035126782542e-18,-0.8689857,-0.3083118,0.5606739,0.562
"55","Camsap3","hurdle",3.13062670256195e-18,-1.749194,-1.065126,0.684068,0.562
"27","Arfip2","hurdle",6.23735183735386e-16,-1.2439933,-0.6485276,0.5954657,0.562
"480","Tmem159","hurdle",2.81443518093559e-16,-1.4889714,-0.8597855,0.6291859,0.561
"102","Cxxc5","hurdle",2.04834692168165e-33,-2.677292,-1.574059,1.103233,0.561
"99","Csrp1","hurdle",9.01051091130586e-14,-1.5849993,-0.9802367,0.6047626,0.561
"92","Cpd","hurdle",1.29139040360884e-16,-1.774973,-1.094569,0.680404,0.561
"80","Clic4","hurdle",9.24890851639816e-15,-1.80979,-1.177657,0.632133,0.561
"79","Cldn4","hurdle",4.75370085696328e-35,-1.77497267,-0.07452434,1.70044833,0.561
"49","C1galt1","hurdle",6.46247583596531e-20,-2.224699,-1.454713,0.769986,0.561
"1","1500009L16Rik","hurdle",7.6034969213988e-38,-2.880743,-1.797934,1.082809,0.561
"393","Scamp1","hurdle",8.15287932778026e-16,-1.796103,-1.137703,0.6584,0.56
"323","Papss1","hurdle",6.90842765207744e-14,-1.4944872,-0.8963577,0.5981295,0.56
"199","Gmppa","hurdle",7.27842553425088e-13,-1.4814214,-0.9149974,0.566424,0.56
"105","D630039A03Rik","hurdle",1.48284653760039e-15,-1.794401,-1.124627,0.669774,0.56
"517","Vgll4","hurdle",1.25044390176973e-16,-0.57855944,-0.02306757,0.55549187,0.559
"438","Spats2l","hurdle",1.12892962388884e-51,-3.066452,-1.861592,1.20486,0.559
"382","Rock2","hurdle",7.72815362239102e-14,-1.4694909,-0.9000664,0.5694245,0.559
"263","Llgl2","hurdle",3.52026729175638e-12,-1.480737,-0.9415044,0.5392326,0.559
"28","Arhgap1","hurdle",9.53767847238559e-14,-1.5167638,-0.9225212,0.5942426,0.559
"515","Upf1","hurdle",2.20276822290436e-13,-1.2075829,-0.6800632,0.5275197,0.558
"471","Tinagl1","hurdle",2.76586136617619e-28,-2.633276,-1.730348,0.902928,0.558
"465","Tbc1d20","hurdle",4.10621069677397e-13,-1.67843,-1.094569,0.583861,0.558
"282","Mia3","hurdle",1.22473014280964e-15,-1.864984,-1.214125,0.650859,0.558
"273","Mapk14","hurdle",2.9841632203119e-12,-1.630958,-1.094569,0.536389,0.558
"265","Lmo4","hurdle",3.61766059217742e-12,-1.2562396,-0.7254042,0.5308354,0.558
"160","Fgfr2","hurdle",7.47967477301491e-25,-2.603915,-1.730348,0.873567,0.558
"157","Fer1l6","hurdle",1.30029408792088e-85,-3.288006,-1.770518,1.517488,0.558
"347","Prkcd","hurdle",1.01713905767356e-11,-1.2629903,-0.7353083,0.527682,0.557
"298","Mxd4","hurdle",1.16708699338395e-11,-1.61886,-1.090326,0.528534,0.557
"230","Ido1","hurdle",1.59955742613749e-95,-3.289204,0.176763,3.465967,0.557
"178","Galk2","hurdle",7.47257660187467e-13,-1.5529938,-0.9881096,0.5648842,0.557
"12","Adcy6","hurdle",8.79212729000519e-11,-0.9483708,-0.415701,0.5326698,0.557
"10","Acly","hurdle",2.239847411999e-14,-1.764106,-1.146486,0.61762,0.557
"476","Tmco3","hurdle",9.22338884867696e-26,-2.690684,-1.818843,0.871841,0.556
"467","Tcf7l2","hurdle",1.02690348113266e-11,-1.632858,-1.094569,0.538289,0.556
"403","Sel1l3","hurdle",4.88723188233292e-12,-1.729141,-1.177657,0.551484,0.556
"371","Rcn1","hurdle",4.75203478627624e-24,-2.409027,-1.493409,0.915618,0.556
"285","Mink1","hurdle",1.38218982557028e-15,-2.004592,-1.339446,0.665146,0.556
"124","Edem1","hurdle",6.19693961928332e-14,-1.808072,-1.177657,0.630415,0.556
"508","Uap1","hurdle",3.74129627895799e-15,-0.9969631,-0.4948099,0.5021532,0.555
"341","Ppard","hurdle",3.04273900978757e-12,-1.800793,-1.228042,0.572751,0.555
"194","Gm15299","hurdle",9.66456039500144e-26,0.8909172,2.0696785,1.1787613,0.555
"444","Srebf2","hurdle",2.98420596021298e-11,-1.4917267,-0.9530153,0.5387114,0.554
"434","Smim3","hurdle",2.03431252613885e-26,-2.738151,-1.80487,0.933281,0.554
"429","Slc7a1","hurdle",1.32794467919456e-10,-1.5132604,-0.9841678,0.5290926,0.554
"349","Prrc1","hurdle",5.70525433711986e-13,-1.914958,-1.319443,0.595515,0.554
"290","Ms4a8a","hurdle",8.05239227239854e-10,-0.7831555,-0.2315419,0.5516136,0.554
"272","Map4k4","hurdle",7.91997771483629e-14,-1.754561,-1.133331,0.62123,0.554
"241","Kcnk6","hurdle",1.58781405637064e-65,-3.249025,-2.054754,1.194271,0.554
"202","Gne","hurdle",1.5987667523291e-12,-1.872146,-1.285091,0.587055,0.554
"163","Fndc3a","hurdle",1.8981513465842e-13,-1.979721,-1.36998,0.609741,0.554
"317","Odf2l","hurdle",5.55304631213495e-45,-2.423422,-1.30462,1.118802,0.553
"260","Lgmn","hurdle",3.29702397687511e-12,-1.704961,-1.086095,0.618866,0.553
"257","Leng9","hurdle",5.22422056483411e-18,-2.144463,-1.385493,0.75897,0.553
"209","Gsta4","hurdle",1.84494365451404e-45,-1.6973875,0.1192989,1.8166864,0.553
"197","Gm684","hurdle",1.05074791319601e-20,-2.439956,-1.597955,0.842001,0.553
"167","Foxa2","hurdle",6.76668888359443e-17,-2.337891,-1.603992,0.733899,0.553
"495","Trim8","hurdle",3.22493456248877e-11,-1.600157,-1.069295,0.530862,0.552
"483","Tmem63b","hurdle",2.90970432912278e-11,-1.4944872,-0.9685075,0.5259797,0.552
"411","Sgsm3","hurdle",1.490387847909e-08,-2.749647,-2.207216,0.542431,0.552
"394","Scin","hurdle",1.97575934146032e-39,-2.626447,-1.094569,1.531878,0.552
"266","Lpcat4","hurdle",6.2570341801257e-25,-2.707401,-1.797934,0.909467,0.552
"173","Fut8","hurdle",3.02617924648213e-11,-1.583529,-1.052689,0.53084,0.552
"47","Bhlhe40","hurdle",3.20573996557246e-19,-2.127759,-1.364846,0.762913,0.552
"466","Tceb3","hurdle",2.77982650963102e-12,-1.930294,-1.34449,0.585804,0.551
"423","Slc35a2","hurdle",1.12819243019684e-11,-1.931696,-1.35973,0.571966,0.551
"152","Fam63a","hurdle",4.07482242168514e-12,-1.891118,-1.309544,0.581574,0.551
"100","Cxadr","hurdle",1.23229963532297e-11,-1.1884588,-0.6800632,0.5083956,0.551
"29","Arhgef5","hurdle",2.72198933188655e-10,-1.563825,-1.056822,0.507003,0.551
"482","Tmem63a","hurdle",1.88075329437891e-11,-1.952421,-1.385493,0.566928,0.55
"409","Setd1b","hurdle",7.03618602650292e-10,-1.64853,-1.137703,0.510827,0.55
"340","Pofut2","hurdle",9.72039409607686e-11,-1.826215,-1.294823,0.531392,0.55
"318","Ogfod2","hurdle",1.22600933207389e-14,-1.3976459,-0.8670261,0.5306198,0.55
"246","Kit","hurdle",3.41296961817761e-29,-2.896174,-1.92819,0.967984,0.55
"188","Gde1","hurdle",2.5164336857245e-12,-1.4044443,-0.8489922,0.5554521,0.55
"145","Fam160a2","hurdle",4.73022597246297e-11,-1.939198,-1.390702,0.548496,0.55
"83","Cln6","hurdle",6.3833664010662e-10,-1.4851915,-0.9841678,0.5010237,0.55
"488","Tor3a","hurdle",6.52548203680227e-15,-2.35159,-1.659487,0.692103,0.549
"350","Prrc2b","hurdle",1.04315658784753e-11,-1.3847844,-0.8561788,0.5286056,0.549
"215","Habp2","hurdle",1.62272135876886e-35,-2.914542,-1.966562,0.94798,0.549
"172","Fut4","hurdle",3.33800455106781e-22,-2.777114,-1.990085,0.787029,0.549
"2","1700066B19Rik","hurdle",1.3257722582815e-11,-2.044491,-1.465664,0.578827,0.549
"503","Ttyh3","hurdle",1.1343647589749e-11,-1.4742513,-0.9491681,0.5250832,0.548
"459","Syt7","hurdle",7.87228425476586e-46,-3.176301,-2.14869,1.027611,0.548
"320","Osbpl2","hurdle",1.02579657626589e-14,-2.427373,-1.763745,0.663628,0.548
"308","Nfic","hurdle",3.20227796025906e-10,-1.681572,-1.142088,0.539484,0.548
"237","Ints3","hurdle",3.53635293537109e-10,-1.850323,-1.32941,0.520913,0.548
"227","Ica1","hurdle",9.34203220502686e-16,-2.439291,-1.736966,0.702325,0.548
"159","Ffar4","hurdle",1.97050998714032e-19,-2.656275,-1.854379,0.801896,0.548
"144","Fam129b","hurdle",1.80775982370645e-12,-2.008533,-1.390702,0.617831,0.548
"528","Zfp467","hurdle",6.90246723727344e-20,-2.694647,-1.883452,0.811195,0.547
"457","Suox","hurdle",2.69675940944373e-19,-2.610638,-1.72376,0.886878,0.547
"93","Cpm","hurdle",1.07044476265698e-17,-2.607646,-1.876128,0.731518,0.547
"41","BC030870","hurdle",8.67449944176083e-10,-1.525913,-1.007982,0.517931,0.547
"530","Zfp740","hurdle",2.52839021445219e-10,-1.636665,-1.120294,0.516371,0.546
"496","Trp53i11","hurdle",1.71877903923933e-10,-1.847232,-1.28025,0.566982,0.546
"456","Stxbp1","hurdle",6.15051911375862e-40,-3.158679,-2.166447,0.992232,0.546
"342","Ppp1r13b","hurdle",2.46530154884333e-09,-1.855193,-1.349552,0.505641,0.546
"270","Map1lc3a","hurdle",2.29032523551018e-11,-1.570363,-1.020038,0.550325,0.546
"210","Gtpbp1","hurdle",3.6056470372718e-12,-2.23736,-1.622254,0.615106,0.546
"207","Gse1","hurdle",5.98250526385412e-10,-1.931229,-1.390702,0.540527,0.546
"182","Galnt4","hurdle",2.12005989824164e-11,-1.878442,-1.319443,0.558999,0.546
"158","Ffar2","hurdle",9.73799349676761e-38,-3.091311,-2.079772,1.011539,0.546
"497","Trp53inp2","hurdle",1.49613539476418e-28,-2.703403,-1.736966,0.966437,0.545
"475","Tmc6","hurdle",2.96555008063686e-11,-2.012979,-1.427696,0.585283,0.545
"469","Tfcp2l1","hurdle",4.35910108090215e-24,-2.928473,-2.11382,0.814653,0.545
"400","Sec16a","hurdle",4.33231183441981e-11,-1.996743,-1.438442,0.558301,0.545
"378","Rgs2","hurdle",3.24241450133986e-32,-2.794018,-1.603992,1.190026,0.545
"368","Rasd2","hurdle",1.58725921640273e-52,-3.250191,-2.30708,0.943111,0.545
"297","Mxd1","hurdle",1.87898890786223e-23,-2.0399466,-0.8135869,1.2263597,0.545
"245","Kif13a","hurdle",1.01872268348933e-10,-2.102797,-1.53317,0.569627,0.545
"137","F2rl1","hurdle",3.11541944138635e-10,-2.060764,-1.515995,0.544769,0.545
"126","Egr1","hurdle",6.52739199778874e-11,-2.097541,-1.510315,0.587226,0.545
"122","Dusp1","hurdle",5.44003722396567e-22,-2.811123,-1.920637,0.890486,0.545
"90","Cmtm8","hurdle",1.6945257276307e-27,-3.001202,-2.11382,0.887382,0.545
"42","Bcar3","hurdle",2.09378568259057e-09,-1.967204,-1.460178,0.507026,0.545
"38","B3gnt7","hurdle",4.79448293256517e-27,-2.962467,-2.04651,0.915957,0.545
"9","Aacs","hurdle",1.25689084728436e-15,-2.482483,-1.757003,0.72548,0.545
"352","Ptp4a3","hurdle",7.53044099178232e-10,-2.071545,-1.538941,0.532604,0.544
"336","Plpp5","hurdle",1.4604205745114e-10,-2.034412,-1.449269,0.585143,0.544
"205","Golph3l","hurdle",1.53055744568681e-09,-2.009519,-1.482246,0.527273,0.544
"181","Galnt3","hurdle",5.20866947530787e-13,-2.327393,-1.684854,0.642539,0.544
"82","Clmn","hurdle",2.30291164441179e-10,-2.028399,-1.454713,0.573686,0.544
"244","Kdelr3","hurdle",1.11058642289391e-36,-3.158679,-2.221066,0.937613,0.543
"189","Gfi1","hurdle",8.1726753038992e-56,-3.279649,-2.326912,0.952737,0.543
"17","AI661453","hurdle",6.00634983636178e-10,-2.080331,-1.544735,0.535596,0.543
"487","Tnk2","hurdle",1.92728486753933e-10,-2.25832,-1.704176,0.554144,0.542
"451","St3gal1","hurdle",5.06322259316775e-35,-3.151036,-2.221066,0.92997,0.542
"437","Sox4","hurdle",1.6468256669709e-10,0.8239412,1.3251085,0.5011673,0.542
"387","S100a14","hurdle",1.81211706303993e-27,-3.026949,-2.139893,0.887056,0.542
"331","Pkp1","hurdle",2.92803964287447e-09,-1.856968,-1.314485,0.542483,0.542
"256","Ldlr","hurdle",4.93405186117207e-09,-1.949104,-1.390702,0.558402,0.542
"383","Rph3al","hurdle",5.75144346829242e-09,-2.092304,-1.591944,0.50036,0.541
"365","Rap1gap2","hurdle",2.0898353622533e-10,-2.280781,-1.704176,0.576605,0.541
"280","Mgat3","hurdle",2.15886942790706e-12,-2.172925,-1.538941,0.633984,0.541
"250","Krt20","hurdle",2.40501503146507e-07,-0.5553157,0.1393114,0.6946271,0.541
"62","Carm1","hurdle",1.18498977863047e-08,-1.980688,-1.47117,0.509518,0.541
"514","Upb1","hurdle",8.44970987059628e-14,-2.634798,-1.97436,0.660438,0.54
"228","Ick","hurdle",2.32508799309859e-10,-2.128295,-1.585958,0.542337,0.54
"198","Gm9994","hurdle",1.60977538866281e-36,-3.187425,-2.268218,0.919207,0.54
"141","Fam110a","hurdle",2.69130358846855e-09,-2.071545,-1.527423,0.544122,0.54
"134","Esrp2","hurdle",1.63362085295826e-09,-2.229865,-1.697706,0.532159,0.54
"118","Dopey2","hurdle",3.50534564915148e-10,-2.225845,-1.67847,0.547375,0.54
"420","Slc22a23","hurdle",5.42624675363995e-13,-2.627205,-1.990085,0.63712,0.539
"418","Slc1a4","hurdle",5.35529642651584e-19,-2.811123,-2.038313,0.77281,0.539
"370","Rcan3","hurdle",3.47816804787266e-17,-2.841554,-2.122459,0.719095,0.539
"304","Nat10","hurdle",2.39085249872044e-09,-1.838438,-1.32941,0.509028,0.539
"201","Gnaq","hurdle",2.94736366667589e-09,-2.220694,-1.697706,0.522988,0.539
"161","Fgfr3","hurdle",7.11471751741148e-11,-2.417516,-1.82588,0.591636,0.539
"81","Clip1","hurdle",5.70435599406677e-10,-2.367317,-1.832952,0.534365,0.539
"315","Oasl1","hurdle",2.32062264902209e-16,-2.310877,-1.510315,0.800562,0.538
"149","Fam222a","hurdle",1.72216768899769e-11,-2.421451,-1.818843,0.602608,0.538
"142","Fam114a1","hurdle",1.59481025153102e-14,-2.778795,-2.14869,0.630105,0.538
"504","Tubb2a","hurdle",1.58167767250849e-08,-2.204783,-1.697706,0.507077,0.537
"324","Parm1","hurdle",3.03389925535473e-11,-2.369215,-1.770518,0.598697,0.537
"271","Map2k6","hurdle",6.36798082670377e-11,-2.554829,-1.97436,0.580469,0.537
"165","Fosb","hurdle",2.93998994650322e-14,-2.719461,-2.054754,0.664707,0.537
"166","Foxa1","hurdle",2.28973802932803e-08,-2.292744,-1.777323,0.515421,0.536
"461","Tab1","hurdle",1.25431059236692e-09,-2.282569,-1.757003,0.525566,0.535
"338","Pmepa1","hurdle",5.54100627870487e-08,-2.284359,-1.784161,0.500198,0.535
"231","Iffo2","hurdle",5.40756165299488e-08,-1.98991,-1.487817,0.502093,0.535
"226","Hsd17b2","hurdle",2.46561939175988e-19,-2.324935,-1.324418,1.000517,0.535
"107","Dcaf5","hurdle",6.83941585890175e-09,-2.404477,-1.890812,0.513665,0.535
"101","Cxcl16","hurdle",9.17362411966904e-24,-2.742246,-1.750293,0.991953,0.535
"64","Ccdc71l","hurdle",2.93003994791466e-14,-2.125618,-1.538941,0.586677,0.535
"44","Bcl2","hurdle",6.43159921770192e-11,-2.165207,-1.603992,0.561215,0.535
"502","Ttyh1","hurdle",1.45971896648749e-37,-3.251358,-2.277836,0.973522,0.534
"463","Tanc2","hurdle",4.31554045954269e-30,-3.208801,-2.485029,0.723772,0.534
"416","Sidt1","hurdle",1.69681642254963e-13,-2.822351,-2.193498,0.628853,0.534
"135","Etv5","hurdle",2.22406973632676e-22,-3.100745,-2.357179,0.743566,0.534
"131","Erdr1","hurdle",1.17620655083764e-06,-1.4509401,-0.9338811,0.517059,0.534
"3","2010007H06Rik","hurdle",6.34634016346116e-11,-2.582464,-1.97436,0.608104,0.534
"529","Zfp710","hurdle",1.38849297255507e-08,-2.433982,-1.898211,0.535771,0.533
"311","Nsf","hurdle",1.42553492270251e-10,-2.059742,-1.538941,0.520801,0.533
"302","Naip5","hurdle",6.814434539377e-11,-2.293946,-1.72376,0.570186,0.533
"170","Fpgs","hurdle",1.74050543384032e-09,-2.272465,-1.750293,0.522172,0.533
"355","Pwwp2b","hurdle",6.23941351318554e-09,-2.596482,-2.079772,0.51671,0.532
"309","Nfkb2","hurdle",3.4377180078718e-09,-2.558435,-2.013997,0.544438,0.532
"154","Fam83f","hurdle",3.77158574137874e-09,-2.629478,-2.11382,0.515658,0.532
"103","Cyp2s1","hurdle",1.07031225433715e-06,-2.164657,-1.659487,0.50517,0.532
"23","Anxa3","hurdle",7.98918877527465e-26,-3.125136,-2.14869,0.976446,0.532
"279","Mfsd7a","hurdle",1.8417140034854e-35,-3.264256,-2.377716,0.88654,0.531
"229","Id4","hurdle",1.15419788251987e-42,-3.296412,-2.485029,0.811383,0.531
"136","Eya3","hurdle",1.62874272737539e-07,-2.358489,-1.840059,0.51843,0.531
"111","Dfna5","hurdle",6.15665885405461e-13,-2.782164,-2.14869,0.633474,0.531
"527","Zfp46","hurdle",6.70541026268134e-09,-2.704202,-2.193498,0.510704,0.53
"430","Slc7a6","hurdle",2.17681480996862e-10,-2.781321,-2.268218,0.513103,0.53
"395","Scnn1a","hurdle",3.32121713029259e-16,-3.047072,-2.40908,0.637992,0.529
"357","R3hdml","hurdle",7.62378947776005e-38,-3.290403,-2.485029,0.805374,0.529
"353","Ptprr","hurdle",6.59203097998045e-24,-3.196387,-2.462918,0.733469,0.529
"56","Capn5","hurdle",8.91401384472862e-11,-2.620404,-2.054754,0.56565,0.529
"35","Atp2c2","hurdle",2.52598688023314e-08,-2.626447,-2.105232,0.521215,0.529
"344","Pqlc3","hurdle",3.27707514548249e-13,-2.993371,-2.377716,0.615655,0.527
"289","Mptx1","hurdle",8.07488065035659e-38,-3.2892043,-0.8926584,2.3965459,0.527
"327","Pdlim7","hurdle",7.37475092075095e-20,-3.206536,-2.62532,0.581216,0.526
"313","Nucb2","hurdle",3.73352271956518e-09,-2.771244,-2.202629,0.568615,0.526
"143","Fam117a","hurdle",2.45757425629765e-13,-3.05622,-2.496213,0.560007,0.526
"114","Dmpk","hurdle",7.69368568071142e-09,-2.620404,-2.11382,0.506584,0.526
"16","Ahnak","hurdle",1.28708866085189e-05,-2.233319,-1.730348,0.502971,0.526
"196","Gm379","hurdle",3.87068971019905e-38,-3.313373,-2.541835,0.771538,0.525
"193","Gm12511","hurdle",2.81725485019001e-27,-3.266613,-2.55347,0.713143,0.525
"526","Zfand2a","hurdle",3.23789487442832e-09,-2.935958,-2.430375,0.505583,0.524
"283","Micalcl","hurdle",1.23161009587756e-16,-3.161967,-2.530294,0.631673,0.524
"464","Tbc1d2","hurdle",1.57582610690261e-11,-3.074691,-2.565199,0.509492,0.523
"443","Sprr2a3","hurdle",3.03774014136207e-10,-2.682005,-1.597955,1.08405,0.523
"307","Neurog3","hurdle",6.45287229982923e-15,-2.69862,-1.36998,1.32864,0.523
"120","Dpysl2","hurdle",1.45173591361494e-14,-3.158679,-2.637651,0.521028,0.523
"31","Atf3","hurdle",6.82267504736201e-11,-2.858346,-2.239742,0.618604,0.523
"8","9530053A07Rik","hurdle",7.15002793227705e-24,-3.273709,-2.700937,0.572772,0.523
"414","Sh3pxd2a","hurdle",4.0844243362125e-17,-3.220179,-2.688056,0.532123,0.522
"372","Rcor2","hurdle",2.1822417242821e-11,-3.071596,-2.518844,0.552752,0.522
"292","Mt3","hurdle",1.80275534766068e-21,-3.249025,-2.60097,0.648055,0.522
"51","C2cd4b","hurdle",6.05106738076161e-11,-3.027949,-2.462918,0.565031,0.522
"333","Plaur","hurdle",5.67039933891828e-23,-3.270157,-2.613094,0.657063,0.521
"183","Galnt5","hurdle",2.25729970376457e-20,-3.261902,-2.753644,0.508258,0.521
"493","Trim15","hurdle",7.9380026473824e-12,-3.096544,-2.496213,0.600331,0.52
"479","Tmem140","hurdle",2.7107455315479e-10,-3.080901,-2.541835,0.539066,0.52
"348","Proc","hurdle",5.04666614937398e-20,-3.272524,-2.72705,0.545474,0.52
"71","Cdc42ep3","hurdle",1.92182626932736e-20,-3.273709,-2.688056,0.585653,0.52
"4","2010109I03Rik","hurdle",2.29577807253496e-13,-2.284956,-1.309544,0.975412,0.52
"191","Glt1d1","hurdle",4.34396975729016e-18,-3.268975,-2.767128,0.501847,0.519
"57","Capn8","hurdle",5.74164338316637e-20,-3.273709,-2.713935,0.559774,0.519
"408","Serpina1b","hurdle",5.43969713838789e-16,-3.235107,-2.700937,0.53417,0.518
"376","Retnlb","hurdle",1.22329879932329e-21,-3.279649,-2.377716,0.901933,0.518
"150","Fam3b","hurdle",7.77344301709167e-07,-2.583198,-2.079772,0.503426,0.518
"442","Sprr1a","hurdle",1.05220421479316e-18,-3.259552,-2.139893,1.119659,0.516
"76","Ces1c","hurdle",5.72441885290167e-22,-3.313373,-2.80835,0.505023,0.515
"195","Gm26532","hurdle",3.16891954460913e-11,-3.24786,-2.740286,0.507574,0.514
"26","Areg","hurdle",4.61257228291501e-06,-3.020966,-2.430375,0.590591,0.513
"236","Insm1","hurdle",8.65317588402384e-08,-3.111299,-2.518844,0.592455,0.512
