"","Gene","test.type","p_value","log2.mean.Cluster_Other","log2.mean.PreEnt","log2fold_change","Auc"
"690","St3gal4","hurdle",0,0.2232781,3.1385677,2.9152896,0.912
"526","Phgr1","hurdle",0,2.443264,4.084153,1.640889,0.902
"674","Smim24","hurdle",0,2.139035,4.017344,1.878309,0.898
"10","2200002D01Rik","hurdle",0,1.609019,3.695965,2.086946,0.898
"98","Arg2","hurdle",0,-0.5663662,2.2421966,2.8085628,0.892
"429","Mgst3","hurdle",0,2.471716,4.01468,1.542964,0.883
"572","Rbp2","hurdle",0,2.799801,5.072841,2.27304,0.882
"174","Ckmt1","hurdle",0,1.056434,2.960348,1.903914,0.878
"160","Ces2e","hurdle",0,0.2064197,2.4045776,2.1981579,0.877
"193","Cox7a1","hurdle",0,-0.4969959,2.0510783,2.5480742,0.871
"534","Plac8","hurdle",2.38145877508256e-279,4.203003,5.399837,1.196834,0.869
"29","Abhd11os","hurdle",0,0.9866112,2.6975543,1.7109431,0.868
"419","Mdh2","hurdle",5.55333705281976e-297,2.363444,3.759045,1.395601,0.86
"267","Fabp1","hurdle",2.51637215906115e-306,3.086223,4.845197,1.758974,0.86
"708","Tm4sf5","hurdle",0,1.753717,3.344238,1.590521,0.858
"316","Gna11","hurdle",0,0.2276986,2.1289618,1.9012632,0.858
"307","Glod5","hurdle",0,0.1821132,2.1073835,1.9252703,0.856
"200","Crip1","hurdle",8.29418241692985e-229,3.873826,5.042803,1.168977,0.854
"227","Dgat1","hurdle",9.21939740488848e-312,0.377489,2.172837,1.795348,0.853
"382","Khk","hurdle",4.1600327379833e-320,0.8388895,2.5299021,1.6910126,0.849
"396","Lgals3","hurdle",0,-0.167979,1.83335,2.001329,0.846
"268","Fabp2","hurdle",4.8202665173245e-248,2.746209,4.119938,1.373729,0.845
"131","Car4","hurdle",0,-1.632854,1.565471,3.198325,0.844
"123","Bpnt1","hurdle",0,0.1102882,1.9294467,1.8191585,0.844
"391","Ldha","hurdle",7.06296717733219e-226,2.812836,4.016649,1.203813,0.842
"142","Cda","hurdle",6.04475341624026e-308,0.7760357,2.3530666,1.5770309,0.842
"384","Krt19","hurdle",1.69852350902788e-263,2.825529,4.244373,1.418844,0.84
"557","Prap1","hurdle",6.43163124603989e-199,3.349322,4.472657,1.123335,0.837
"331","Gsta1","hurdle",0,-0.384292,2.416208,2.8005,0.837
"53","Adh6a","hurdle",6.23740353860181e-315,-0.3406301,2.1225221,2.4631522,0.837
"412","Maoa","hurdle",7.89791134771324e-280,-0.3117811,1.6443058,1.9560869,0.836
"91","Apoa1","hurdle",1.99437626946265e-269,3.057407,4.504455,1.447048,0.835
"88","Anxa2","hurdle",1.77735774634323e-264,0.217998,2.016765,1.798767,0.832
"452","Mttp","hurdle",4.45777863330224e-262,-0.2815519,1.658026,1.9395779,0.826
"290","Fth1","hurdle",1.73912633189362e-161,4.931872,5.708237,0.776364999999999,0.826
"87","Anpep","hurdle",2.24960477040044e-249,0.8522429,2.6259081,1.7736652,0.824
"217","Cyp4f14","hurdle",1.39716601023923e-286,-0.4694739,1.3985494,1.8680233,0.822
"714","Tmem120a","hurdle",2.09902525827625e-279,-0.724509,1.340544,2.065053,0.821
"386","Krt8","hurdle",1.61134477359962e-196,3.078523,4.176779,1.098256,0.82
"75","Aldob","hurdle",1.35989044360861e-237,1.708648,3.025535,1.316887,0.819
"441","Mogat2","hurdle",1.67256068396579e-293,-1.000886,1.17947,2.180356,0.817
"709","Tm6sf2","hurdle",1.95645033542553e-270,-0.9908247,1.1073835,2.0982082,0.816
"190","Coro2a","hurdle",1.66371665580581e-319,-1.174714,1.123812,2.298526,0.815
"326","Gpx1","hurdle",6.58193869716136e-186,2.946912,4.068157,1.121245,0.814
"460","Myo1a","hurdle",6.01824432292867e-238,-0.1330141,1.5711567,1.7041708,0.811
"158","Ces1f","hurdle",0,-1.9018235,0.8068195,2.708643,0.807
"150","Cdkn2b","hurdle",0,-2.1643614,0.6437063,2.8080677,0.804
"612","Serpinb6a","hurdle",5.15600946829325e-237,-0.001304971,1.545069774,1.546374745,0.802
"577","Reg3a","hurdle",5.12370400285872e-304,-0.4805915,1.9744816,2.4550731,0.802
"561","Prpsap1","hurdle",2.98925720916701e-268,0.06407041,1.65683807,1.59276766,0.802
"428","Mgst2","hurdle",2.92184111399878e-255,-0.04545124,1.6520767,1.69752794,0.802
"397","Lgals4","hurdle",3.11661763289304e-144,4.372602,5.106187,0.733585000000001,0.802
"414","Marc2","hurdle",3.74589446660583e-205,1.793769,2.931167,1.137398,0.801
"274","Fam213b","hurdle",2.24709402659681e-234,-0.3038604,1.3949916,1.698852,0.801
"269","Fahd1","hurdle",1.45079405279451e-294,-0.2491617,1.5565807,1.8057424,0.798
"134","Casp6","hurdle",5.7423380187618e-270,0.4359643,1.9451018,1.5091375,0.798
"76","Alpi","hurdle",5.74811622394011e-292,-1.031247,1.223463,2.25471,0.798
"56","Agpat2","hurdle",9.50402992339975e-225,-0.2103466,1.4692771,1.6796237,0.798
"51","Adh1","hurdle",2.45881613029802e-224,0.004717585,1.871229213,1.866511628,0.797
"682","Spink1","hurdle",7.997713619505e-282,0.4956568,2.0218489,1.5261921,0.794
"172","Cisd3","hurdle",1.79514407476748e-203,0.9347035,2.1353728,1.2006693,0.794
"93","Apoc3","hurdle",1.26127594300934e-238,1.416255,2.244571,0.828316,0.794
"140","Ccl25","hurdle",6.92593194640184e-185,1.897092,2.983512,1.08642,0.793
"74","Aldoa","hurdle",2.0490229351056e-188,1.443024,2.585275,1.142251,0.791
"632","Slc26a6","hurdle",3.79499268502312e-278,-1.4013533,0.5973996,1.9987529,0.787
"444","Ms4a10","hurdle",1.12354348691731e-186,0.2143963,1.7116379,1.4972416,0.787
"178","Clec2h","hurdle",4.87134614846809e-288,-0.6072092,1.1527524,1.7599616,0.787
"694","Sult1b1","hurdle",9.77232484886963e-225,-1.134175,0.8312455,1.9654205,0.786
"655","Slc51a","hurdle",2.7984758969327e-279,-1.8230806,0.5508367,2.3739173,0.786
"611","Serpinb1a","hurdle",2.82330450903339e-195,0.7318917,2.0401865,1.3082948,0.786
"255","Enpep","hurdle",5.04580587148078e-284,-1.6203151,0.6072727,2.2275878,0.782
"618","Sis","hurdle",4.36816127180742e-273,-1.3951905,0.9906013,2.3857918,0.779
"385","Krt20","hurdle",1.6022762420729e-266,-0.7057223,1.0721726,1.7778949,0.779
"208","Cyb5r3","hurdle",2.00369043966634e-189,0.1316746,1.5565807,1.4249061,0.776
"408","Lypd8","hurdle",6.4907218927724e-116,4.412973,5.198423,0.78545,0.775
"513","Pccb","hurdle",2.55313879939661e-254,-1.1420292,0.9279703,2.0699995,0.771
"506","P4hb","hurdle",5.99683851437128e-152,1.454833,2.530875,1.076042,0.768
"589","S100a10","hurdle",1.19342891695146e-139,2.039221,2.962273,0.923052,0.767
"232","Dhrs11","hurdle",4.87116590524452e-211,-1.1747136,0.6146334,1.789347,0.767
"675","Smlr1","hurdle",1.2626462405953e-239,-1.8256954,0.3061031,2.1317985,0.766
"334","Gstm3","hurdle",3.50842978126161e-207,-0.770579,1.233856,2.004435,0.766
"223","Dbi","hurdle",1.44477628692075e-107,3.749457,4.404135,0.654678,0.766
"207","Cyb5b","hurdle",4.26149390379416e-169,0.6173614,1.8365013,1.2191399,0.766
"576","Reg1","hurdle",5.2225681434327e-245,0.2363947,3.5170302,3.2806355,0.765
"355","Hkdc1","hurdle",8.12584803646963e-243,-1.9495063,0.3346128,2.2841191,0.762
"354","Hist1h2bc","hurdle",1.21541275804627e-146,0.8817267,2.1404812,1.2587545,0.761
"667","Slc7a9","hurdle",1.85265293651726e-219,-1.6853158,0.3914249,2.0767407,0.76
"411","Mall","hurdle",1.44669572914154e-208,-1.600029,0.3479233,1.9479523,0.759
"760","Usmg5","hurdle",1.67681161974094e-134,1.795862,2.643107,0.847245,0.758
"146","Cdhr5","hurdle",1.07132035779681e-143,0.2910228,1.3885653,1.0975425,0.758
"192","Cox6a1","hurdle",7.81563417398572e-96,3.667344,4.251965,0.584621,0.757
"746","Txndc17","hurdle",1.68752803120294e-135,1.632665,2.521769,0.889104,0.756
"206","Cyb5a","hurdle",3.87323090086851e-130,1.870113,2.734059,0.863946,0.754
"532","Pkm","hurdle",4.27942359265197e-145,0.7674589,1.8301921,1.0627332,0.753
"105","Atp5k","hurdle",1.16980232038595e-115,2.073305,2.837288,0.763983,0.751
"65","Akr1c19","hurdle",1.29810516515925e-251,-2.1028091,0.3971273,2.4999364,0.751
"707","Tkfc","hurdle",1.33695081858686e-164,-0.5793621,0.9031385,1.4825006,0.75
"673","Smim22","hurdle",2.2280296107726e-141,0.6623742,1.7748726,1.1124984,0.75
"194","Cox7a2","hurdle",4.67605466869764e-98,3.179606,3.820278,0.640672,0.75
"602","Sdhb","hurdle",8.86629233321853e-121,1.984393,2.80011,0.815717,0.749
"567","Pycard","hurdle",3.49862947116214e-104,3.112626,3.917965,0.805339,0.748
"755","Uqcr11","hurdle",9.66165290242795e-95,3.345659,3.969826,0.624167,0.746
"578","Reg3b","hurdle",2.78169587641212e-136,2.701677,4.669336,1.967659,0.745
"477","Ndufa6","hurdle",1.04136104522508e-106,2.384783,3.056493,0.67171,0.745
"170","Cideb","hurdle",1.00410180044263e-167,-1.2227288,0.5469947,1.7697235,0.743
"446","Ms4a8a","hurdle",4.75047960820141e-150,-0.9051381,0.635287,1.5404251,0.742
"422","Mep1b","hurdle",5.30035028059905e-224,-1.0337645,0.6109577,1.6447222,0.742
"137","Cbr1","hurdle",2.53193845145959e-138,0.2848746,1.4746804,1.1898058,0.742
"89","Aoc1","hurdle",1.43370329779709e-146,-0.7530521,0.7253021,1.4783542,0.742
"341","Guca2b","hurdle",1.41072794399873e-166,2.060322,2.854488,0.794166,0.74
"445","Ms4a18","hurdle",2.98095388158606e-227,-2.2431486,0.06233706,2.30548566,0.737
"159","Ces2a","hurdle",3.31575971901617e-146,-0.8504207,0.6885728,1.5389935,0.736
"46","Actb","hurdle",5.63423820445854e-107,2.423031,3.276439,0.853408,0.736
"574","Rdh7","hurdle",7.86089876746624e-179,-1.4668524,0.4854268,1.9522792,0.735
"183","Cndp2","hurdle",2.53535156220952e-138,-0.5551127,0.9091372,1.4642499,0.734
"478","Ndufb10","hurdle",6.91468199921714e-113,1.653781,2.482412,0.828631,0.733
"453","Muc3","hurdle",9.77022002710282e-124,-0.1139788,1.1991879,1.3131667,0.733
"37","Acbd4","hurdle",4.23732720340202e-148,-1.0921187,0.4746804,1.5667991,0.732
"347","Hagh","hurdle",2.44998331256109e-153,-0.813836,0.6943737,1.5082097,0.731
"318","Gng12","hurdle",1.01507342742102e-124,0.1986132,1.3030691,1.1044559,0.731
"144","Cdh17","hurdle",1.36560270188523e-129,0.6743755,1.7001514,1.0257759,0.73
"662","Slc6a20a","hurdle",9.48943071735418e-200,-1.9914607,0.09427995,2.08574065,0.729
"630","Slc25a45","hurdle",7.44081201177481e-202,-2.00226599,0.09778589,2.10005188,0.729
"104","Atp1a1","hurdle",1.60547088499071e-105,1.796712,2.625604,0.828892,0.729
"764","Vil1","hurdle",2.84738017174661e-105,0.6843647,1.635287,0.9509223,0.728
"745","Txn1","hurdle",9.03764971869965e-81,3.298274,3.891192,0.592918,0.728
"433","Minos1","hurdle",1.24821482453161e-94,2.213489,2.897115,0.683626,0.728
"348","Hdhd3","hurdle",1.04490051560411e-158,-0.8959495,0.6231737,1.5191232,0.728
"191","Cox5a","hurdle",3.49277615185904e-89,2.754858,3.420064,0.665206,0.728
"95","Aprt","hurdle",1.88914675806426e-104,1.714659,2.489436,0.774777,0.725
"272","Fam132a","hurdle",3.01772607075249e-145,-0.8849999,0.6472996,1.5322995,0.724
"669","Slc9a3r1","hurdle",2.61111046231855e-104,0.2694395,1.3219281,1.0524886,0.723
"528","Pigr","hurdle",5.06390000840103e-83,3.276291,3.914738,0.638447,0.723
"522","Pfkp","hurdle",7.368047927758e-159,-1.6048867,0.1844246,1.7893113,0.723
"163","Chchd10","hurdle",7.35108561582153e-82,2.781501,3.390711,0.60921,0.723
"298","Gapdh","hurdle",4.29029857325267e-95,2.183355,2.943398,0.760043,0.721
"69","Aldh1a1","hurdle",3.34431043165177e-189,-1.5966755,0.3999701,1.9966456,0.719
"44","Acp5","hurdle",2.66200349299793e-125,-0.4754497,0.7874108,1.2628605,0.719
"559","Prdx5","hurdle",3.14879180720342e-94,1.017575,1.82861,0.811035,0.718
"455","Myh14","hurdle",2.52836313298155e-128,-0.4151359,0.8748097,1.2899456,0.718
"322","Gpd1","hurdle",4.99977884963526e-124,-0.7322562,0.6874098,1.419666,0.718
"202","Cst6","hurdle",1.63781732490223e-149,-1.1015939,0.3121522,1.4137461,0.718
"454","Mvp","hurdle",9.69267049760842e-128,-0.7645039,0.5949207,1.3594246,0.717
"374","Il18","hurdle",2.34651649363968e-182,-1.9461831,0.2473357,2.1935188,0.717
"199","Creb3l3","hurdle",3.45633058805354e-155,-1.1436595,0.3508646,1.4945241,0.716
"45","Acsl5","hurdle",2.14259983773084e-94,0.3147633,1.314414,0.9996507,0.715
"94","Apol10a","hurdle",8.13583783614507e-187,-1.90182349,0.03881925,1.94064274,0.714
"509","Papss2","hurdle",2.4858500660691e-184,-1.6976368,0.6134092,2.311046,0.713
"311","Gm3336","hurdle",4.74022824330456e-181,-2.02963865,0.07128126,2.10091991,0.712
"579","Reg3g","hurdle",7.22615473063353e-100,2.489508,3.977458,1.48795,0.711
"553","Ppp1r14d","hurdle",5.35011135869731e-97,0.859857,1.709348,0.849491,0.711
"231","Dhrs1","hurdle",2.67479761730969e-110,-0.3325498,0.8991254,1.2316752,0.711
"332","Gsta4","hurdle",6.06484815184106e-175,-1.7600373,0.3106423,2.0706796,0.71
"696","Sult2b1","hurdle",2.17329425139854e-122,-1.1050309,0.3999701,1.505001,0.709
"18","Aamdc","hurdle",2.84517027492572e-102,0.09412425,1.09427995,1.0001557,0.709
"740","Tstd1","hurdle",1.8878577823366e-101,0.7522709,1.7258686,0.9735977,0.708
"647","Slc39a5","hurdle",1.71749100890886e-105,-0.3756448,0.7522481,1.1278929,0.707
"598","Scp2","hurdle",5.57003647700336e-87,1.27146,2.042008,0.770548,0.707
"482","Ndufv3","hurdle",1.0647998624004e-84,1.605546,2.284729,0.679183,0.707
"434","Misp","hurdle",3.99253256392391e-103,0.173301,1.181949,1.008648,0.707
"195","Cox7b","hurdle",8.77296524133566e-66,2.957454,3.482915,0.525461,0.705
"149","Cdkn1a","hurdle",3.77024606649705e-132,-1.1322856,0.2250666,1.3573522,0.705
"722","Tmem37","hurdle",5.35762070604148e-116,-1.1911973,0.2567754,1.4479727,0.703
"481","Ndufc1","hurdle",3.49556641654189e-79,1.816691,2.460453,0.643762,0.703
"450","Mtch2","hurdle",2.09846445965176e-82,1.668101,2.394992,0.726891,0.703
"114","Bad","hurdle",1.6088007407477e-104,-0.2778174,0.7928283,1.0706457,0.703
"640","Slc35b1","hurdle",5.39408276765226e-108,-0.5676423,0.6769004,1.2445427,0.702
"575","Reep6","hurdle",2.31592974484609e-104,-0.7594956,0.4800636,1.2395592,0.702
"480","Ndufb7","hurdle",1.10656941217154e-74,1.967155,2.56135,0.594195,0.701
"458","Myo15b","hurdle",1.07920147097602e-105,-0.8620043,0.4169099,1.2789142,0.701
"401","Lpcat3","hurdle",8.79348331497539e-100,-0.5057054,0.6340803,1.1397857,0.701
"106","Atp5o","hurdle",3.23516477118854e-66,2.999221,3.529902,0.530681,0.701
"659","Slc5a1","hurdle",9.80251348767373e-86,0.0778937,1.0969102,1.0190165,0.7
"265","Exoc3l4","hurdle",6.3884729455727e-126,-1.4767505,0.2057012,1.6824517,0.698
"757","Uqcrc1","hurdle",8.17928385775762e-73,2.090598,2.723317,0.632719,0.697
"238","Dpep1","hurdle",4.00060177101693e-174,-1.4140862,0.1594782,1.5735644,0.697
"92","Apob","hurdle",5.98294755028337e-97,-0.1736584,0.6651328,0.8387912,0.697
"39","Aco2","hurdle",1.83507908501895e-88,0.5275925,1.4070525,0.87946,0.697
"16","AA467197","hurdle",2.93927792388347e-121,-1.0952702,0.4042237,1.4994939,0.697
"548","Pnp2","hurdle",2.34142247926115e-101,-1.0707659,0.1844246,1.2551905,0.696
"710","Tma7","hurdle",8.65935814968627e-76,1.407375,2.059193,0.651818,0.695
"558","Prdx1","hurdle",2.13510052202258e-66,2.986298,3.73645,0.750152,0.695
"530","Pitpna","hurdle",7.84405091005491e-87,0.3502366,1.2441754,0.8939388,0.693
"587","Rrbp1","hurdle",4.08556817450714e-82,0.7999809,1.6304539,0.830473,0.692
"64","Akr1c13","hurdle",1.70539021556579e-112,-0.184805,0.9820898,1.1668948,0.692
"702","Tcn2","hurdle",1.22040827929848e-89,-0.8108107,0.3552653,1.166076,0.69
"499","Ogdh","hurdle",4.21216084560387e-81,-0.007971325,0.94753258,0.955503905,0.69
"476","Ndufa11","hurdle",1.15199005530412e-68,1.688937,2.309131,0.620194,0.689
"665","Slc7a7","hurdle",9.98085586977477e-98,-1.0340165,0.2969817,1.3309982,0.688
"533","Pla2g12b","hurdle",6.30574661765459e-108,-1.46040408,0.005609968,1.466014048,0.688
"288","Fmo5","hurdle",1.64817568549686e-128,-1.705642,-0.1048989,1.6007431,0.688
"152","Cds1","hurdle",3.25190384583707e-92,-0.6975171,0.4624943,1.1600114,0.688
"48","Acy1","hurdle",1.35780504046812e-119,-1.7471742,-0.1540864,1.5930878,0.688
"162","Cgref1","hurdle",1.52765577700517e-89,-0.5524032,0.4921029,1.0445061,0.687
"448","mt-Nd1","hurdle",1.82305205632481e-66,3.934689,4.477711,0.543022,0.686
"726","Tmem86a","hurdle",1.96167001008286e-115,-1.63973973,-0.06123763,1.5785021,0.685
"443","Mpp1","hurdle",1.39245540286273e-117,-1.6676158,-0.1561727,1.5114431,0.685
"633","Slc27a4","hurdle",5.26498138627028e-122,-0.8791034,0.1877184,1.0668218,0.684
"43","Acox1","hurdle",7.12743943524639e-88,-0.8786508,0.3420227,1.2206735,0.684
"371","Igsf9","hurdle",1.32860711390571e-131,-2.0176303,-0.2488646,1.7687657,0.683
"656","Slc51b","hurdle",2.95284384981004e-147,-1.9461831,-0.1857026,1.7604805,0.682
"490","Npc1l1","hurdle",6.82703261611668e-129,-1.6233449,-0.1540864,1.4692585,0.682
"581","Rfk","hurdle",9.13842147539105e-72,-0.1408619,0.7721324,0.9129943,0.681
"251","Emc9","hurdle",1.86777320304358e-118,-1.8926559,-0.2849339,1.607722,0.681
"373","Il17rc","hurdle",1.78558533150594e-109,-1.31922343,0.07128126,1.39050469,0.68
"173","Ckb","hurdle",1.60027664161777e-69,1.195532,2.006076,0.810544,0.68
"691","Stap2","hurdle",1.58948678015228e-98,-1.43256815,-0.05928408,1.37328407,0.679
"541","Plin3","hurdle",1.20266317176729e-74,-0.2743902,0.6839151,0.9583053,0.679
"773","Yif1a","hurdle",3.86165715680209e-79,-0.1598452,0.7960691,0.9559143,0.678
"344","H2-Q2","hurdle",5.3244076378039e-72,-0.4876484,0.5237249,1.0113733,0.676
"600","Sdcbp2","hurdle",3.32884740764172e-96,-1.5322604,-0.1985457,1.3337147,0.675
"276","Fam234a","hurdle",1.46061503136953e-84,-1.12528927,0.07839691,1.20368618,0.675
"254","Eno1","hurdle",5.10289227114438e-76,0.2506348,1.113458,0.8628232,0.675
"649","Slc3a2","hurdle",2.75101832859027e-77,-0.5353603,0.5145732,1.0499335,0.674
"107","Atp6v0a2","hurdle",5.16059513536348e-98,-1.44223303,-0.08290308,1.35932995,0.674
"704","Tfg","hurdle",2.76740676365125e-74,-0.005498712,0.897114673,0.902613385,0.673
"672","Smdt1","hurdle",4.4002573722547e-55,2.07678,2.602036,0.525256,0.673
"550","Ppa1","hurdle",3.5101472481723e-59,1.571048,2.161574,0.590526,0.673
"180","Cmbl","hurdle",2.39530912339072e-70,-0.4053243,0.5824622,0.9877865,0.673
"234","Dmbt1","hurdle",1.48185592658136e-63,1.669804,2.576192,0.906388,0.672
"135","Casp7","hurdle",3.70851769493182e-75,-0.6897552,0.3508646,1.0406198,0.671
"30","Abhd17a","hurdle",4.37569758679451e-75,0.1338071,1.0186157,0.8848086,0.671
"17","Aadac","hurdle",6.98294406842383e-88,-0.3962266,0.7433219,1.1395485,0.669
"171","Cisd1","hurdle",3.70352677952075e-60,0.7932509,1.4597722,0.6665213,0.668
"128","Calml4","hurdle",1.83613292835411e-53,1.89686,2.435386,0.538526,0.668
"754","Upp1","hurdle",6.92331684799747e-102,-1.8432499,-0.3266198,1.5166301,0.667
"652","Slc43a2","hurdle",3.8903539860571e-118,-1.5276408,-0.1603545,1.3672863,0.667
"523","Pgd","hurdle",1.18154452264202e-68,-0.1717166,0.7320859,0.9038025,0.667
"494","Nr1i3","hurdle",1.05297484765781e-126,-2.3166464,-0.5887146,1.7279318,0.667
"427","Mgat4a","hurdle",6.60761886659966e-78,-0.6733739,0.4141004,1.0874743,0.667
"25","Abcd3","hurdle",6.07524634335389e-74,-0.7304176,0.3390633,1.0694809,0.667
"168","Chpt1","hurdle",5.1395235459177e-77,-0.4094044,0.6085021,1.0179065,0.666
"395","Lgals2","hurdle",3.39947311243144e-40,4.610114,5.144671,0.534557,0.665
"697","Surf4","hurdle",6.58073824805448e-59,0.2648381,1.0296709,0.7648328,0.664
"418","Mdh1","hurdle",1.55937620149721e-53,1.694878,2.29431,0.599432,0.663
"366","Ifi27l2b","hurdle",3.8668309073179e-49,2.860091,3.369657,0.509566,0.663
"305","Ggt1","hurdle",8.85135811545333e-152,-0.9774368,0.1443007,1.1217375,0.663
"213","Cyp2d26","hurdle",7.66248549056299e-111,-1.29395987,-0.06319383,1.23076604,0.663
"479","Ndufb6","hurdle",1.40614030969638e-52,1.453171,2.029212,0.576041,0.662
"471","Nat8","hurdle",1.09683870707667e-130,-2.1402922,-0.4313677,1.7089245,0.662
"435","Mkrn1","hurdle",5.05096491733873e-59,0.2215906,0.9792414,0.7576508,0.662
"751","Ugt2b34","hurdle",7.55852916232932e-80,-1.176937686,-0.009398698,1.167538988,0.661
"263","Esrra","hurdle",1.67223407907914e-63,-0.4200669,0.4827477,0.9028146,0.661
"41","Acot13","hurdle",2.0365127814572e-63,0.2187383,0.9981252,0.7793869,0.661
"758","Uqcrfs1","hurdle",1.72032865411083e-50,1.855769,2.380672,0.524903,0.66
"516","Pcyt2","hurdle",8.46031145661935e-66,-0.7039171,0.2847295,0.9886466,0.66
"379","Itpk1","hurdle",2.92037116070865e-68,-1.01499187,0.07128126,1.08627313,0.659
"209","Cycs","hurdle",2.54423341044891e-52,1.004877,1.607887,0.60301,0.659
"365","Idh1","hurdle",3.79604518498782e-85,-1.6644917,-0.2803756,1.3841161,0.656
"73","Aldh9a1","hurdle",5.16050686272279e-57,-0.2439062,0.5824622,0.8263684,0.656
"750","Ugt2a3","hurdle",2.92141970134637e-118,-2.3927974,-0.6432708,1.7495266,0.655
"749","Ugdh","hurdle",1.55841299434387e-82,-1.5577548,-0.2202082,1.3375466,0.655
"457","Mylk","hurdle",1.23192849448369e-93,-1.9797647,-0.4880523,1.4917124,0.655
"718","Tmem205","hurdle",6.39903705539721e-62,-0.01144012,0.8301921,0.84163222,0.654
"664","Slc6a8","hurdle",3.59701819946037e-82,-1.2605558,-0.1899709,1.0705849,0.654
"406","Lrrc59","hurdle",1.01565578812388e-52,0.1666288,0.91908,0.7524512,0.654
"90","Ap2a2","hurdle",3.20928458979514e-71,-1.153206798,-0.005631868,1.14757493,0.654
"38","Ace2","hurdle",6.70052246690007e-144,-1.2351314,-0.3056263,0.9295051,0.654
"544","Plpp2","hurdle",5.78640994967016e-52,0.4266562,1.1417555,0.7150993,0.653
"462","Myo5b","hurdle",3.72565482863664e-65,-1.17277037,-0.08886875,1.08390162,0.653
"436","Mkrn2os","hurdle",3.04964276931638e-67,-1.00903585,0.07839691,1.08743276,0.653
"689","Srxn1","hurdle",2.66932049412158e-85,-1.926403,-0.511899,1.414504,0.649
"179","Clic5","hurdle",1.66211213340475e-107,-2.2448974,-0.6758253,1.5690721,0.649
"164","Chchd7","hurdle",2.54825488777139e-51,0.5214331,1.2113764,0.6899433,0.649
"735","Trim31","hurdle",8.59623918818727e-73,-1.5840768,-0.3574935,1.2265833,0.648
"284","Fcgrt","hurdle",2.57970676756572e-76,-1.7221929,-0.4187896,1.3034033,0.648
"9","2010107E04Rik","hurdle",4.90706728671496e-44,1.883515,2.421813,0.538298,0.648
"346","Hadh","hurdle",7.23465341507914e-44,1.296925,1.830719,0.533794,0.646
"317","Gnb1","hurdle",8.32501984120394e-45,0.8299181,1.4273972,0.5974791,0.646
"282","Fbp2","hurdle",2.12350967010649e-45,1.007573,1.5943,0.586727,0.646
"543","Plpp1","hurdle",2.33605980431623e-79,-1.7768062,-0.4440564,1.3327498,0.645
"402","Lpgat1","hurdle",1.16169351601298e-56,-1.02647677,-0.01317539,1.01330138,0.645
"779","Zzef1","hurdle",2.1343567894897e-68,-1.486717,-0.2735651,1.2131519,0.644
"772","Xpnpep1","hurdle",6.81003615056008e-58,-0.97139224,0.01491171,0.98630395,0.644
"203","Cth","hurdle",2.98901871215668e-60,-0.8451056,0.1306742,0.9757798,0.644
"167","Chp2","hurdle",1.03775682368192e-116,-2.6062348,-0.8744691,1.7317657,0.643
"145","Cdhr2","hurdle",1.14520956845755e-66,-0.4446427,0.1203692,0.5650119,0.643
"80","Amn","hurdle",1.31192982500501e-53,-0.9608149,-0.0226606,0.9381543,0.643
"744","Tubal3","hurdle",8.23087621538686e-104,-2.4380925,-0.7975517,1.6405408,0.642
"486","Nfe2l2","hurdle",6.95184383911837e-54,-0.428654,0.4183126,0.8469666,0.642
"739","Tspan15","hurdle",2.51107130080583e-51,-0.2866464,0.5000736,0.78672,0.641
"614","Sgpl1","hurdle",1.08071198313386e-57,-1.2473493,-0.2115041,1.0358452,0.641
"545","Pls1","hurdle",2.82128428413843e-45,-0.3217435,0.3756262,0.6973697,0.641
"470","Naprt","hurdle",7.33412863007158e-49,-0.6471208,0.2138017,0.8609225,0.641
"216","Cyp3a13","hurdle",2.62955758101842e-89,-1.5573926,-0.4038393,1.1535533,0.641
"631","Slc26a3","hurdle",8.34646156505536e-94,-2.2519138,-0.6999714,1.5519424,0.64
"400","Lmna","hurdle",7.64050985111069e-59,-1.1672326,-0.0671142,1.1001184,0.64
"605","Sec23a","hurdle",6.41090034914181e-69,-1.7315613,-0.4671811,1.2643802,0.639
"61","Ak2","hurdle",1.09354936274e-41,1.104211,1.626212,0.522001,0.639
"54","Adipor2","hurdle",1.25314767009046e-48,-0.6333121,0.2378339,0.871146,0.639
"763","Vat1","hurdle",1.26366204314168e-74,-1.9091997,-0.5608086,1.3483911,0.638
"666","Slc7a8","hurdle",1.46971378262832e-64,-1.6443485,-0.4620102,1.1823383,0.638
"303","Gde1","hurdle",2.15053357163328e-89,-1.4624373,-0.3743955,1.0880418,0.638
"262","Erich4","hurdle",9.98262691757067e-94,-2.263093,-0.771731,1.491362,0.638
"96","Aqp11","hurdle",6.46421513976374e-53,-1.0008863,-0.0553849,0.9455014,0.638
"456","Myl12b","hurdle",1.02750380704537e-40,1.366297,1.902637,0.53634,0.637
"698","Svip","hurdle",2.1995770923897e-52,-0.8847727,0.02783421,0.91260691,0.636
"250","Elovl6","hurdle",3.21509238846966e-65,-1.5877709,-0.3695461,1.2182248,0.636
"573","Rbp7","hurdle",2.39490014068535e-76,-1.74469771,-0.06515268,1.67954503,0.634
"437","Mlx","hurdle",1.04750369179365e-51,-1.05304,-0.1211091,0.9319309,0.634
"394","Letm1","hurdle",4.47288131270262e-47,-0.80649994,0.04790998,0.85440992,0.634
"148","Cdk2ap2","hurdle",2.62296630318707e-36,0.9390745,1.4767015,0.537627,0.634
"661","Slc6a19","hurdle",1.62776454343014e-110,-1.706445,-0.6878478,1.0185972,0.633
"610","Sema4g","hurdle",2.55771208510996e-50,-0.8504207,0.1169178,0.9673385,0.633
"562","Prr13","hurdle",1.10754557094881e-36,1.038874,1.566103,0.527229,0.633
"390","Lasp1","hurdle",4.52431541004521e-45,-0.3113229,0.457045,0.7683679,0.633
"603","Sec13","hurdle",1.40851842658383e-46,0.08614773,0.82808289,0.74193516,0.632
"333","Gstk1","hurdle",1.13773810194391e-76,-2.1506365,-0.7653474,1.3852891,0.632
"161","Ces2g","hurdle",1.57886553138186e-71,-1.8753964,-0.5552916,1.3201048,0.632
"723","Tmem54","hurdle",2.01904258962744e-34,0.9743878,1.4814063,0.5070185,0.631
"721","Tmem253","hurdle",1.04575610184201e-91,-2.4827909,-0.9888018,1.4939891,0.631
"583","Rhoc","hurdle",1.07204939522817e-55,-1.2461812,-0.1857026,1.0604786,0.631
"531","Pklr","hurdle",1.29704956964306e-59,-1.6412743,-0.4620102,1.1792641,0.631
"58","Ahcyl2","hurdle",3.17340764094924e-43,-0.1079985,0.6268184,0.7348169,0.631
"756","Uqcrb","hurdle",1.23228923944922e-38,1.063282,1.772132,0.70885,0.63
"563","Prss32","hurdle",1.13530252814259e-35,0.6379098,1.2057012,0.5677914,0.63
"695","Sult1d1","hurdle",7.19867523795577e-49,-1.2485183,-0.2781019,0.9704164,0.629
"367","Ifi30","hurdle",1.11015781468128e-38,0.1874181,0.8132315,0.6258134,0.629
"228","Dgat2","hurdle",3.50304246368614e-72,-1.7225989,-0.5943612,1.1282377,0.629
"224","Ddc","hurdle",2.66880655137395e-49,-1.1816752,-0.1963972,0.985278,0.629
"141","Cd82","hurdle",6.63063591505505e-45,-0.6955228,0.145995,0.8415178,0.628
"33","Abr","hurdle",5.17682595294479e-49,-1.2741818,-0.2895066,0.9846752,0.628
"266","Ezr","hurdle",7.25498196922719e-34,0.02952432,0.61218397,0.58265965,0.627
"473","Ncln","hurdle",3.42465069414159e-43,-0.8488684,-0.02075856,0.82810984,0.626
"345","H2-T3","hurdle",1.10750615559404e-44,-1.166956,-0.271302,0.895654,0.626
"19","Abat","hurdle",1.9596640668301e-88,-2.4684179,-0.9305032,1.5379147,0.626
"426","Mgam","hurdle",5.36041694368505e-34,0.3194057,0.9773394,0.6579337,0.625
"86","Ano6","hurdle",3.63780554432031e-43,-1.0147432,-0.1899709,0.8247723,0.625
"6","2010003K11Rik","hurdle",1.31826936676042e-90,-2.3889251,-0.7845836,1.6043415,0.625
"705","Tgfbi","hurdle",2.75390970876404e-67,-1.9744355,-0.7400917,1.2343438,0.624
"330","Gsdmd","hurdle",2.46604511568272e-48,-1.1029148,-0.2600397,0.8428751,0.624
"766","Vmp1","hurdle",7.75418282784813e-40,-0.1892878,0.526329,0.7156168,0.623
"727","Tmem86b","hurdle",1.53677834145727e-71,-2.1550142,-0.7910531,1.3639611,0.623
"376","Iqgap2","hurdle",1.27000221809927e-48,-1.3900212,-0.4263233,0.9636979,0.623
"520","Pex16","hurdle",4.39122434441784e-43,-0.9307127,-0.0908628,0.8398499,0.622
"315","Gmppb","hurdle",4.49630882058928e-45,-1.4160551,-0.4645933,0.9514618,0.621
"166","Chmp6","hurdle",8.06428703209871e-38,-0.5926616,0.1476873,0.7403489,0.621
"592","Sar1b","hurdle",1.28841449049966e-35,0.4822415,1.0397309,0.5574894,0.62
"421","Me2","hurdle",7.13246752294083e-33,-0.04266009,0.57367669,0.61633678,0.62
"364","Id3","hurdle",1.29395765986992e-30,0.4592437,1.0721726,0.6129289,0.62
"197","Cpt2","hurdle",7.79973185746753e-41,-1.0573871,-0.2158496,0.8415375,0.62
"12","2210016F16Rik","hurdle",2.02278608040359e-34,-0.3123922,0.3567292,0.6691214,0.62
"461","Myo1d","hurdle",4.93985477655626e-42,-1.0393178,-0.1457711,0.8935467,0.619
"372","Ihh","hurdle",4.28081924348644e-64,-2.1610555,-0.9198297,1.2412258,0.619
"302","Gda","hurdle",2.99980892863139e-93,-1.5205625,-0.6579773,0.8625852,0.619
"641","Slc35c2","hurdle",9.61265674350525e-41,-1.1699988,-0.2849339,0.8850649,0.618
"488","Nomo1","hurdle",1.47076280398993e-33,-0.4581032,0.2425926,0.7006958,0.618
"201","Cs","hurdle",3.16610582855235e-30,0.3675084,0.9051408,0.5376324,0.618
"590","S100a16","hurdle",2.58737177250082e-34,-0.70893702,0.03516685,0.74410387,0.617
"519","Pepd","hurdle",2.21382745820131e-34,-0.67927342,0.06413034,0.74340376,0.617
"325","Gpt","hurdle",1.58060052756401e-65,-1.8019016,-0.7878147,1.0140869,0.617
"117","BC021614","hurdle",3.18862897787471e-78,-2.2911264,-0.8304914,1.460635,0.617
"130","Capns1","hurdle",3.06692318849099e-32,-0.1473891,0.4787197,0.6261088,0.616
"627","Slc25a15","hurdle",4.00231976293783e-33,-0.6917414,0.01676488,0.70850628,0.615
"591","S100g","hurdle",6.65359398840166e-78,-2.0534485,-0.1333874,1.9200611,0.615
"360","Hsd17b2","hurdle",1.21167183236776e-74,-2.373539,-1.034126,1.339413,0.615
"363","Htatip2","hurdle",3.44295765335208e-44,-1.253497,-0.319588,0.933909,0.614
"1","1110008P14Rik","hurdle",6.42818068728676e-39,-1.2861361,-0.4162871,0.869849,0.614
"383","Klc4","hurdle",4.11287548288667e-45,-1.3848703,-0.4212965,0.9635738,0.613
"260","Ephx2","hurdle",3.75551150549653e-39,-0.9267305,-0.2399865,0.686744,0.613
"127","C77080","hurdle",1.74751586278406e-39,-1.1274384,-0.2399865,0.8874519,0.613
"8","2010106E10Rik","hurdle",2.16304938294695e-80,-2.3332938,-0.9962576,1.3370362,0.613
"733","Trappc2l","hurdle",8.44196215576035e-36,-0.1754639,0.4679231,0.643387,0.612
"648","Slc3a1","hurdle",1.08628133418514e-56,-2.1038667,-0.9484697,1.155397,0.612
"613","Sfn","hurdle",5.28357663511114e-27,0.2553848,0.8217367,0.5663519,0.612
"571","Rbm47","hurdle",3.53621855185515e-30,-0.2781158,0.3346128,0.6127286,0.612
"36","Acadvl","hurdle",3.34556907035774e-34,-0.1013827,0.5276293,0.629012,0.612
"491","Nqo1","hurdle",4.1638239667756e-66,-2.3526474,-0.9850883,1.3675591,0.611
"71","Aldh1l1","hurdle",4.76948248058101e-55,-2.1289447,-0.9557194,1.1732253,0.611
"3","1700019G17Rik","hurdle",2.17357768385599e-56,-2.0797373,-0.8472476,1.2324897,0.611
"683","Spint1","hurdle",2.96616668919391e-30,-0.4978645,0.1611548,0.6590193,0.61
"233","Dlst","hurdle",1.41083065573541e-29,-0.5766067,0.1012833,0.67789,0.609
"120","Bche","hurdle",5.88915148410914e-54,-2.1305603,-0.9340786,1.1964817,0.609
"728","Tmem9b","hurdle",1.05522819047425e-36,-1.1320159,-0.2940939,0.837922,0.608
"678","Soat2","hurdle",9.2930702253814e-51,-1.8772035,-0.8813555,0.995848,0.608
"155","Cebpb","hurdle",5.38830270775725e-26,0.4138742,0.9377846,0.5239104,0.608
"47","Actn4","hurdle",2.5421306999052e-28,0.1002213,0.6897348,0.5895135,0.607
"565","Ptprh","hurdle",6.26943587846911e-57,-2.269012,-1.108934,1.160078,0.606
"512","Pbld2","hurdle",1.9923413279237e-33,-1.2247406,-0.4038393,0.8209013,0.606
"59","Ahnak","hurdle",7.91353278851233e-64,-2.298977,-1.183573,1.115404,0.605
"778","Zfyve21","hurdle",3.95897464262419e-31,-0.60103654,0.08017035,0.68120689,0.604
"570","Rab4a","hurdle",2.74518518592388e-32,-1.05304,-0.2940939,0.7589461,0.604
"212","Cyp2c68","hurdle",5.89445800741313e-62,-2.406433,-1.065153,1.34128,0.604
"132","Car9","hurdle",8.15527480390538e-25,-0.2976457,0.2583427,0.5559884,0.604
"403","Lrp1","hurdle",2.11610876717745e-41,-1.7250377,-0.7400917,0.984946,0.603
"279","Fam98c","hurdle",2.43127187188331e-26,-0.4606411,0.1443007,0.6049418,0.603
"734","Treh","hurdle",6.26946287783777e-86,-1.5170364,-0.9269365,0.5900999,0.602
"568","Rab17","hurdle",1.37615971004813e-37,-1.3137069,-0.4415097,0.8721972,0.602
"483","Neat1","hurdle",2.71495282626293e-26,-0.72735836,-0.06907838,0.65827998,0.602
"338","Gstp1","hurdle",1.27512525797787e-24,-0.01193634,0.53798984,0.54992618,0.602
"28","Abcg8","hurdle",3.15200340100985e-43,-1.7784938,-0.8573956,0.9210982,0.602
"720","Tmem252","hurdle",6.32311452272152e-47,-1.9362592,-0.8040798,1.1321794,0.601
"593","Sat1","hurdle",2.16683332424977e-22,-0.07599675,0.42809365,0.5040904,0.601
"442","Mpi","hurdle",6.60863272392306e-39,-1.6900728,-0.7307336,0.9593392,0.601
"715","Tmem139","hurdle",6.61249184646318e-66,-2.623572,-1.317252,1.30632,0.6
"296","Galm","hurdle",7.74008815413065e-27,-0.9129947,-0.24664,0.6663547,0.6
"770","Xdh","hurdle",2.49560928002855e-43,-1.5244513,-0.7558246,0.7686267,0.599
"500","Oit1","hurdle",1.51318526446002e-23,-0.2190574,0.3508646,0.569922,0.599
"776","Zdhhc7","hurdle",1.04790281730364e-36,-1.6683978,-0.7400917,0.9283061,0.598
"623","Slc22a18","hurdle",1.40895000364188e-39,-1.8690894,-0.8676154,1.001474,0.598
"608","Sec31a","hurdle",1.06769073735166e-23,-0.56327184,0.03150519,0.59477703,0.598
"485","Neurl3","hurdle",6.8054954229461e-27,-0.9754998,-0.2781019,0.6973979,0.598
"438","Mme","hurdle",5.81268741317208e-44,-1.756291,-0.8882749,0.8680161,0.598
"410","Mal2","hurdle",5.19602471566571e-39,-1.846344,-0.8744691,0.9718749,0.598
"389","Larp1b","hurdle",3.26476536869779e-30,-0.75741388,-0.03604554,0.72136834,0.598
"361","Hsd17b6","hurdle",1.27913328472738e-65,-2.276744,-1.061238,1.215506,0.598
"119","BC030870","hurdle",2.68151426502782e-33,-1.5599301,-0.7091314,0.8507987,0.598
"218","Cyp4f16","hurdle",8.95668421986206e-34,-1.6063846,-0.7183499,0.8880347,0.597
"759","Ush1c","hurdle",6.07124960753667e-28,-0.74705024,-0.09485919,0.65219105,0.596
"621","Slc16a5","hurdle",5.41120750414805e-63,-2.62509,-1.32662,1.29847,0.596
"368","Ift172","hurdle",7.34370545127422e-39,-1.915685,-0.9962576,0.9194274,0.596
"27","Abcg5","hurdle",3.82480862174456e-45,-2.118754,-1.026472,1.092282,0.596
"730","Tob1","hurdle",1.31929686448197e-29,-1.3884096,-0.5971928,0.7912168,0.595
"585","Rmdn3","hurdle",1.74195890983484e-27,-1.2473493,-0.5012518,0.7460975,0.595
"430","Mical1","hurdle",1.58327364186216e-45,-2.012656,-1.037968,0.974688,0.595
"248","Ehd1","hurdle",2.83627784691866e-30,-1.463455,-0.6462001,0.8172549,0.595
"626","Slc25a11","hurdle",9.14759376249667e-21,-0.1605327,0.344976,0.5055087,0.594
"329","Gsdmc4","hurdle",1.45419236335311e-72,-2.6966791,-0.9925249,1.7041542,0.594
"214","Cyp2j6","hurdle",1.60773106529447e-26,-1.1545759,-0.4212965,0.7332794,0.594
"731","Tprn","hurdle",2.90350736633797e-39,-1.6172917,-0.6938969,0.9233948,0.593
"463","Myo7a","hurdle",7.07527242572593e-66,-2.757788,-1.393958,1.36383,0.592
"257","Entpd5","hurdle",1.26220674676639e-37,-2.000295,-1.003752,0.996543,0.592
"62","Akr1b7","hurdle",2.18815199910534e-55,-2.132178,-1.037968,1.09421,0.591
"748","Ube4b","hurdle",2.06926890109546e-25,-1.0827054,-0.3890423,0.6936631,0.59
"712","Tmed4","hurdle",9.03954371399845e-28,-0.3834892,0.2138017,0.5972909,0.59
"492","Nr1h3","hurdle",3.93916421817347e-30,-1.6932528,-0.8573956,0.8358572,0.59
"304","Gdpd1","hurdle",2.64279196675368e-21,-0.6861868,-0.1028853,0.5833015,0.59
"50","Adap1","hurdle",1.22772929327468e-36,-2.03316,-1.034126,0.999034,0.59
"670","Slco2b1","hurdle",2.76154595623894e-42,-2.309919,-1.231163,1.078756,0.589
"586","Rragd","hurdle",3.65199783308549e-35,-2.039217,-1.09286,0.946357,0.589
"549","Por","hurdle",7.9189599478553e-28,-1.5650184,-0.7558246,0.8091938,0.589
"417","Mcu","hurdle",5.134921291129e-24,-1.3015229,-0.6316126,0.6699103,0.589
"270","Fam101b","hurdle",1.75827329477681e-29,-1.6424264,-0.7910531,0.8513733,0.589
"211","Cyp2c65","hurdle",2.43540223522675e-34,-1.952837,-1.045683,0.907154,0.589
"66","Alas1","hurdle",4.10779224164342e-28,-1.4506171,-0.6668737,0.7837434,0.589
"732","Tradd","hurdle",6.29878585876661e-21,-0.9434354,-0.3623024,0.581133,0.588
"637","Slc2a5","hurdle",2.25401714057353e-56,-2.571441,-1.438968,1.132473,0.588
"569","Rab3gap2","hurdle",1.94445365845257e-35,-2.009184,-1.018859,0.990325,0.588
"540","Plgrkt","hurdle",2.12113316183287e-21,-0.09782271,0.43087609,0.5286988,0.588
"264","Ethe1","hurdle",2.12028386464879e-24,-1.1433877,-0.5971928,0.5461949,0.588
"35","Acadm","hurdle",1.25111372741984e-25,-0.8147015,-0.1878352,0.6268663,0.588
"336","Gstm6","hurdle",5.67116976085919e-26,-1.3781376,-0.6000299,0.7781077,0.587
"230","Dhcr24","hurdle",4.56872459903422e-22,-1.1661276,-0.5280187,0.6381089,0.587
"103","Atg4d","hurdle",1.31319682911539e-22,-1.2081557,-0.5608086,0.6473471,0.587
"14","4931406C07Rik","hurdle",1.86596329911558e-22,-1.0055728,-0.3574935,0.6480793,0.587
"644","Slc35f5","hurdle",1.25718292469505e-29,-1.7621228,-0.9127576,0.8493652,0.586
"580","Retsat","hurdle",1.24251574041557e-23,-1.3315584,-0.6229304,0.708628,0.586
"321","Got1","hurdle",4.23066037199751e-26,-1.5730509,-0.8040798,0.7689711,0.586
"253","Endog","hurdle",6.87177108291602e-21,-0.590807123,-0.009398698,0.581408425,0.586
"181","Cml5","hurdle",3.40139060388469e-63,-2.715146,-1.393958,1.321188,0.586
"108","Atp6v0d1","hurdle",7.07767085181894e-27,-1.5577548,-0.7910531,0.7667017,0.586
"40","Acot11","hurdle",4.04455673316835e-45,-2.498004,-1.423808,1.074196,0.586
"409","Maf","hurdle",2.14791378319918e-52,-2.571441,-1.39889,1.172551,0.585
"356","Hmgcs1","hurdle",9.77008227344565e-25,-1.321067,-0.5388661,0.7822009,0.585
"188","Comtd1","hurdle",1.1749855192128e-18,-0.62721705,-0.08687745,0.5403396,0.585
"55","Adtrp","hurdle",6.077060619937e-23,-1.071283,-0.413789,0.657494,0.585
"646","Slc39a4","hurdle",9.09393876597109e-24,-1.367303,-0.6143,0.753003,0.584
"599","Scrn2","hurdle",2.04400827970361e-22,-1.3603357,-0.6969309,0.6634048,0.584
"538","Plekhb2","hurdle",1.91217833126906e-20,-0.767643,-0.1835732,0.5840698,0.584
"297","Galnt6","hurdle",4.55880686524068e-23,-1.3858347,-0.7214359,0.6643988,0.584
"215","Cyp2s1","hurdle",2.44759021222862e-35,-2.213739,-1.235568,0.978171,0.584
"261","Eps8l2","hurdle",5.61243913757072e-19,-0.9481761,-0.3598959,0.5882802,0.583
"204","Ctnnbip1","hurdle",1.35168965775439e-17,-0.3699087,0.1357992,0.5057079,0.583
"68","Aldh18a1","hurdle",3.31143247964668e-18,-0.7218681,-0.1878352,0.5340329,0.583
"774","Zbtb7b","hurdle",3.28344273801161e-24,-1.4950175,-0.7526643,0.7423532,0.582
"628","Slc25a24","hurdle",8.48854161448074e-40,-2.416909,-1.364713,1.052196,0.582
"424","Metrnl","hurdle",2.64986522443604e-21,-1.1087414,-0.4620102,0.6467312,0.582
"295","Gal3st2","hurdle",1.7288471097916e-41,-2.362739,-1.321928,1.040811,0.582
"118","BC025446","hurdle",4.66161043417824e-40,-2.413627,-1.336049,1.077578,0.582
"79","Amdhd2","hurdle",1.32565760299085e-24,-1.6282818,-0.8779082,0.7503736,0.582
"713","Tmem106a","hurdle",1.68419358692232e-35,-2.266642,-1.257798,1.008844,0.581
"604","Sec14l2","hurdle",1.10796632314197e-35,-1.908738,-1.088869,0.819869,0.581
"547","Pmm2","hurdle",2.04893280243315e-20,-1.1159244,-0.4906826,0.6252418,0.581
"502","Orai1","hurdle",1.23435621459673e-23,-1.68018,-0.959358,0.720822,0.581
"474","Ndfip1","hurdle",1.64807431394447e-28,-1.7793384,-0.9198297,0.8595087,0.581
"244","Edn2","hurdle",4.88119671615945e-55,-2.751145,-1.433897,1.317248,0.581
"663","Slc6a4","hurdle",7.73835435582082e-33,-2.26605,-1.35031,0.91574,0.58
"635","Slc28a3","hurdle",6.26355595242309e-52,-2.756956,-1.549796,1.20716,0.58
"205","Cx3cl1","hurdle",1.52208120525528e-43,-2.558335,-1.428843,1.129492,0.58
"189","Coro1c","hurdle",1.28332159475757e-16,-0.7101444,-0.1921099,0.5180345,0.58
"687","Sqrdl","hurdle",5.47089202673504e-25,-1.5294158,-0.7621661,0.7672497,0.579
"679","Sowaha","hurdle",5.05798919527212e-58,-2.878379,-1.652077,1.226302,0.579
"518","Pdzd3","hurdle",2.87118469358995e-43,-2.572904,-1.459432,1.113472,0.579
"285","Fdps","hurdle",6.94399605493251e-17,-0.50134409,0.06413034,0.56547443,0.579
"225","Deb1","hurdle",2.06857068353275e-18,-0.8389292,-0.2803756,0.5585536,0.579
"122","Bco2","hurdle",3.37191890430446e-42,-2.546784,-1.438968,1.107816,0.579
"13","4833439L19Rik","hurdle",1.11310877958128e-17,-0.8431174,-0.2849339,0.5581835,0.579
"724","Tmem8","hurdle",2.16593554359491e-19,-1.3730289,-0.7432246,0.6298043,0.578
"546","Pm20d1","hurdle",1.16781559436645e-45,-2.612994,-1.469774,1.14322,0.578
"306","Gimd1","hurdle",2.84854479243462e-28,-1.921267,-1.149923,0.771344,0.578
"286","Flnb","hurdle",1.69774849217353e-21,-1.466172,-0.771731,0.694441,0.578
"277","Fam3b","hurdle",3.07596367103431e-47,-2.651908,-1.511899,1.140009,0.578
"111","AU040320","hurdle",5.30761980497495e-20,-1.3508886,-0.6848328,0.6660558,0.578
"83","Ankrd13a","hurdle",1.37839763286132e-17,-0.962013,-0.3671275,0.5948855,0.578
"26","Abcg2","hurdle",1.66860201158234e-25,-1.841926,-1.045683,0.796243,0.578
"729","Tnfaip1","hurdle",3.51005284375991e-16,-0.7576219,-0.2399865,0.5176354,0.577
"324","Gpr89","hurdle",1.95401899471093e-18,-0.8669333,-0.3033124,0.5636209,0.577
"668","Slc9a2","hurdle",1.96072168452053e-31,-2.267234,-1.321928,0.945306,0.576
"607","Sec24d","hurdle",4.98908647803537e-39,-2.495226,-1.517252,0.977974,0.575
"292","Fzd5","hurdle",1.19725012987513e-21,-1.6896758,-0.9484697,0.7412061,0.575
"281","Fblim1","hurdle",1.06668338845197e-16,-1.1855885,-0.6200478,0.5655407,0.575
"151","Cdr2","hurdle",3.2941108703587e-32,-2.286316,-1.298696,0.98762,0.575
"725","Tmem82","hurdle",4.00596919768421e-20,-1.6244827,-0.9448584,0.6796243,0.574
"467","Nagk","hurdle",3.2603292022533e-16,-1.0249735,-0.4906826,0.5342909,0.574
"300","Gchfr","hurdle",1.87669969151008e-30,-1.818299,-1.158262,0.660037,0.574
"294","Gal3st1","hurdle",7.04292222848893e-21,-1.6766353,-0.9776898,0.6989455,0.574
"198","Crat","hurdle",5.82486313569162e-28,-2.208042,-1.374396,0.833646,0.574
"175","Clcn2","hurdle",1.29285572537226e-24,-1.955698,-1.20501,0.750688,0.574
"126","C2cd2l","hurdle",1.76189056070832e-37,-2.518305,-1.566347,0.951958,0.574
"620","Slc13a1","hurdle",9.74523330718412e-67,-3.028935,-1.724528,1.304407,0.573
"596","Scin","hurdle",4.18535103232246e-46,-2.564873,-1.544321,1.020552,0.573
"271","Fam109a","hurdle",1.77815258440628e-19,-1.4984902,-0.8205303,0.6779599,0.573
"49","Adamtsl5","hurdle",9.9800601621995e-44,-2.736309,-1.657977,1.078332,0.573
"7","2010103J01Rik","hurdle",3.96484172943806e-57,-2.940315,-1.807355,1.13296,0.573
"703","Tep1","hurdle",2.85018409318042e-20,-1.6497441,-0.9412562,0.7084879,0.571
"358","Hpgd","hurdle",3.07351711940138e-15,-1.1135261,-0.5608086,0.5527175,0.571
"243","Eci3","hurdle",2.89539327694681e-40,-2.571441,-1.506566,1.064875,0.571
"147","Cdk18","hurdle",4.83371369370055e-23,-2.025625,-1.275832,0.749793,0.571
"85","Anks4b","hurdle",5.55763045692534e-26,-2.079737,-1.213675,0.866062,0.571
"622","Slc1a1","hurdle",4.48189529598145e-24,-2.103867,-1.289507,0.81436,0.57
"377","Itga3","hurdle",1.07508052107336e-24,-2.041241,-1.222392,0.818849,0.57
"245","Efnb2","hurdle",5.43475375336829e-53,-2.945993,-1.743225,1.202768,0.57
"101","Arl4a","hurdle",2.01954125916707e-18,-1.3733477,-0.7369656,0.6363821,0.57
"84","Ankrd9","hurdle",4.12745379731614e-22,-1.849445,-1.073015,0.77643,0.57
"609","Sema4a","hurdle",1.63762196336532e-16,-1.4173692,-0.8073549,0.6100143,0.569
"514","Pcsk5","hurdle",1.92732174286418e-25,-2.205202,-1.364713,0.840489,0.569
"133","Casp1","hurdle",5.15689532883339e-18,-0.8166508,-0.2577978,0.558853,0.569
"116","Batf2","hurdle",9.25729661810463e-41,-2.763626,-1.706072,1.057554,0.569
"67","Aldh16a1","hurdle",2.23482138910842e-16,-1.4305766,-0.8271634,0.6034132,0.569
"21","Abcb1a","hurdle",1.64835109540071e-25,-2.203501,-1.384143,0.819358,0.569
"529","Pink1","hurdle",1.46868413736297e-15,-1.4232976,-0.8405218,0.5827758,0.568
"375","Ilvbl","hurdle",5.44005988850583e-17,-1.4101564,-0.7942988,0.6158576,0.568
"343","H2-Q1","hurdle",8.81039651906895e-41,-2.57657,-1.669851,0.906719,0.568
"165","Chdh","hurdle",2.01941463967518e-17,-1.5397542,-0.8848111,0.6549431,0.568
"52","Adh4","hurdle",9.55235028432324e-65,-3.059386,-1.807355,1.252031,0.568
"625","Slc23a2","hurdle",3.36572916328259e-41,-2.818994,-1.762166,1.056828,0.567
"468","Nags","hurdle",1.03197814356539e-19,-1.796762,-1.096862,0.6999,0.567
"342","Gucd1","hurdle",3.16153296792068e-14,-1.0960592,-0.5635751,0.5324841,0.567
"102","Arrdc4","hurdle",1.01634696195788e-20,-1.852997,-1.108934,0.744063,0.567
"34","Acad11","hurdle",5.17258135032096e-25,-2.231544,-1.389042,0.842502,0.567
"247","Ehbp1l1","hurdle",1.25313964773573e-36,-2.690311,-1.730734,0.959577,0.566
"237","Dok4","hurdle",9.53106146229208e-25,-2.280924,-1.438968,0.841956,0.566
"210","Cyp2b10","hurdle",1.41568804437427e-43,-1.839281,-1.239986,0.599295,0.566
"57","Agpat9","hurdle",2.4758634957032e-30,-2.470462,-1.594361,0.876101,0.566
"185","Cnnm4","hurdle",4.30387921971345e-15,-1.574516,-1,0.574516,0.565
"765","Vimp","hurdle",4.22868593321461e-17,-1.3085161,-0.6758253,0.6326908,0.564
"634","Slc28a1","hurdle",9.90156443844396e-37,-2.533186,-1.611435,0.921751,0.564
"566","Pxdc1","hurdle",2.20399430384086e-35,-2.647275,-1.693897,0.953378,0.564
"447","Msmo1","hurdle",2.0996011633248e-19,-1.924066,-1.175087,0.748979,0.564
"380","Itpka","hurdle",1.7734989465293e-18,-1.861915,-1.149923,0.711992,0.564
"352","Hip1r","hurdle",1.76524107799419e-17,-1.828752,-1.170862,0.65789,0.564
"157","Ces1e","hurdle",1.90275024674042e-26,-2.388925,-1.517252,0.871673,0.564
"554","Ppp1r16a","hurdle",2.85453376567808e-16,-1.771755,-1.137504,0.634251,0.563
"353","Hist1h1c","hurdle",1.13313647737047e-15,-1.2491032,-0.5887146,0.6603886,0.563
"351","Hexb","hurdle",8.14708188722971e-16,-1.636293,-1.011286,0.625007,0.563
"249","Ehhadh","hurdle",4.46015660239441e-20,-2.111291,-1.374396,0.736895,0.563
"139","Ccdc71l","hurdle",4.96139407889729e-20,-2.141378,-1.413789,0.727589,0.563
"680","Sphk1","hurdle",3.57945226702558e-48,-3.009977,-1.888275,1.121702,0.562
"676","Smpdl3a","hurdle",7.56320711644228e-14,-1.0863588,-0.5608086,0.5255502,0.562
"601","Sdccag8","hurdle",1.30435660959435e-13,-0.9825339,-0.4697736,0.5127603,0.562
"521","Pfkfb4","hurdle",1.63851955384461e-25,-2.424817,-1.555292,0.869525,0.562
"510","Paqr4","hurdle",2.13565040839398e-16,-1.83313,-1.19211,0.64102,0.562
"415","March8","hurdle",1.97054052609636e-16,-1.748827,-1.108934,0.639893,0.562
"387","Ksr1","hurdle",1.84134665839629e-24,-2.401223,-1.560809,0.840414,0.562
"349","Hectd3","hurdle",1.92790250353054e-19,-2.063701,-1.345541,0.71816,0.562
"275","Fam214b","hurdle",5.50260539757054e-35,-2.766135,-1.794299,0.971836,0.562
"196","Cpped1","hurdle",1.88778919426163e-13,-1.3287739,-0.8008121,0.5279618,0.562
"82","Ank","hurdle",6.46158540111221e-26,-2.450146,-1.58309,0.867056,0.562
"22","Abcc2","hurdle",1.04775086732044e-24,-2.289321,-1.544321,0.745,0.562
"777","Zfp36","hurdle",8.73172960945606e-15,-1.5336848,-0.8952277,0.6384571,0.561
"657","Slc52a2","hurdle",6.37476954633226e-15,-1.630947,-1.026472,0.604475,0.561
"381","Kbtbd11","hurdle",5.42736081767009e-33,-2.730581,-1.755825,0.974756,0.561
"143","Cdc42ep2","hurdle",4.35273876840642e-34,-2.741238,-1.768536,0.972702,0.561
"113","B4galt5","hurdle",1.11252665762195e-17,-1.987551,-1.294094,0.693457,0.561
"660","Slc5a11","hurdle",6.84902855832567e-32,-2.523248,-1.652077,0.871171,0.56
"525","Pgpep1","hurdle",1.82489056538071e-14,-1.710064,-1.12519,0.584874,0.56
"498","Odf3b","hurdle",6.2866146535422e-30,-2.589103,-1.640347,0.948756,0.56
"475","Ndrg1","hurdle",4.39989436823721e-17,-1.858787,-1.213675,0.645112,0.56
"278","Fam3c","hurdle",1.79625948249309e-12,-1.4801795,-0.9666628,0.5135167,0.56
"717","Tmem19","hurdle",2.26113411243269e-15,-1.864601,-1.231163,0.633438,0.559
"464","Naaladl1","hurdle",3.83806688485046e-27,-2.443437,-1.62293,0.820507,0.559
"136","Casz1","hurdle",4.57332163237421e-12,-1.2912468,-0.7749334,0.5163134,0.559
"115","Baiap2l1","hurdle",1.46593454613464e-12,-1.2362905,-0.7307336,0.5055569,0.559
"32","Abhd6","hurdle",3.74304257438634e-20,-2.222901,-1.538866,0.684035,0.559
"584","Rmdn1","hurdle",4.5927158200967e-17,-2.058053,-1.35031,0.707743,0.558
"542","Pllp","hurdle",1.5925207175183e-15,-1.923599,-1.271302,0.652297,0.558
"221","Dab1","hurdle",2.08833052423958e-17,-2.089131,-1.379261,0.70987,0.558
"138","Ccdc32","hurdle",5.26336341937369e-15,-1.897691,-1.294094,0.603597,0.558
"535","Plbd1","hurdle",3.67141618240331e-13,-1.669572,-1.096862,0.57271,0.557
"508","Pank3","hurdle",1.50557245560303e-15,-2.021122,-1.389042,0.63208,0.557
"416","Mcfd2","hurdle",4.46628755013375e-13,-1.2579048,-0.7276277,0.5302771,0.557
"236","Dnm1","hurdle",2.31604286324463e-21,-2.394091,-1.617171,0.77692,0.557
"31","Abhd3","hurdle",1.32548229033337e-22,-2.409699,-1.588715,0.820984,0.557
"588","Rxra","hurdle",4.62014428815723e-14,-1.926403,-1.35031,0.576093,0.556
"537","Pld1","hurdle",1.43093150762946e-16,-2.131099,-1.454288,0.676811,0.556
"515","Pcyt1a","hurdle",6.25954432266561e-19,-2.322174,-1.605721,0.716453,0.556
"313","Gm766","hurdle",2.86262104050602e-49,-3.003055,-1.490683,1.512372,0.556
"289","Frmd8","hurdle",1.34128621702674e-17,-2.117152,-1.423808,0.693344,0.556
"753","Ugt2b5","hurdle",3.10390279049733e-55,-3.139533,-1.923379,1.216154,0.555
"299","Gch1","hurdle",6.42210247878755e-18,-2.083905,-1.511899,0.572006,0.555
"2","1600014C10Rik","hurdle",5.87609188356272e-16,-2.120358,-1.459432,0.660926,0.555
"176","Cldn23","hurdle",4.723331655262e-18,-2.310529,-1.577487,0.733042,0.554
"747","Tysnd1","hurdle",1.1527168432717e-11,-1.534398,-1.022661,0.511737,0.553
"741","Tstd3","hurdle",7.09308052649491e-27,-2.772848,-1.881356,0.891492,0.553
"719","Tmem236","hurdle",6.83603716464395e-16,-2.186036,-1.517252,0.668784,0.553
"560","Prkag2","hurdle",1.24298787381213e-16,-2.203501,-1.511899,0.691602,0.553
"493","Nr1h4","hurdle",2.78947535593242e-17,-2.26605,-1.560809,0.705241,0.552
"469","Naip1","hurdle",3.85395156556434e-18,-2.411662,-1.706072,0.70559,0.552
"328","Gsdmc2","hurdle",5.77704770201705e-33,-2.863974,-1.730734,1.13324,0.552
"259","Epas1","hurdle",6.16195289349701e-26,-2.711111,-1.82053,0.890581,0.552
"252","Emp1","hurdle",2.78236277728905e-34,-2.962205,-2.003752,0.958453,0.552
"239","Dpyd","hurdle",1.2700029770996e-14,-2.145727,-1.511899,0.633828,0.552
"186","Coa7","hurdle",8.09164915511014e-12,-1.3736665,-0.8607942,0.5128723,0.552
"768","Vstm5","hurdle",3.53106814355716e-25,-2.748662,-1.902214,0.846448,0.551
"459","Myo18a","hurdle",2.70206616546473e-15,-2.068854,-1.413789,0.655065,0.551
"420","Me1","hurdle",1.54257720582318e-23,-2.703877,-1.874469,0.829408,0.551
"337","Gstm7","hurdle",5.6165669055264e-16,-2.177105,-1.490683,0.686422,0.551
"283","Fbxo25","hurdle",1.06663749908935e-13,-2.062672,-1.438968,0.623704,0.551
"256","Enthd2","hurdle",1.42699023559177e-20,-2.594296,-1.827163,0.767133,0.551
"241","Dynlt1a","hurdle",1.61246690201111e-17,-2.357054,-1.657977,0.699077,0.551
"681","Sphk2","hurdle",1.25754786185641e-11,-1.4998817,-0.9962576,0.5036241,0.55
"653","Slc44a4","hurdle",2.24791868691588e-12,-2.01216,-1.428843,0.583317,0.55
"645","Slc39a14","hurdle",2.80596412307895e-11,-1.799758,-1.253324,0.546434,0.55
"507","Pafah2","hurdle",4.44057202117049e-16,-2.206337,-1.533432,0.672905,0.55
"505","Ovol2","hurdle",1.43986786342142e-10,-1.708857,-1.183573,0.525284,0.55
"431","Mical2","hurdle",1.76734768660504e-26,-2.828577,-1.974005,0.854572,0.55
"425","Mfsd2a","hurdle",6.469293684452e-31,-2.904862,-2.065153,0.839709,0.55
"319","Gnpda1","hurdle",8.23922999408759e-24,-2.756956,-1.937663,0.819293,0.55
"312","Gm44386","hurdle",2.14605932096891e-21,-2.591326,-1.774933,0.816393,0.55
"761","Uso1","hurdle",1.07200865944884e-11,-1.619559,-1.076962,0.542597,0.549
"743","Ttyh2","hurdle",8.44332843033173e-15,-2.317873,-1.675825,0.642048,0.549
"597","Scoc","hurdle",2.47753860115582e-15,-2.152824,-1.490683,0.662141,0.549
"226","Decr2","hurdle",6.29527141586736e-12,-2.003746,-1.444056,0.55969,0.549
"370","Igsf5","hurdle",2.97479534249911e-10,-1.610512,-1.104899,0.505613,0.548
"222","Dao","hurdle",4.08469048921064e-23,-2.747835,-1.930503,0.817332,0.548
"177","Clec2e","hurdle",7.37581418653402e-24,-2.703075,-1.923379,0.779696,0.548
"23","Abcc3","hurdle",8.0859790259563e-12,-2.033664,-1.459432,0.574232,0.548
"5","2010001E11Rik","hurdle",1.2441073601034e-38,-3.095744,-2.145771,0.949973,0.548
"423","Mertk","hurdle",2.63209747570826e-18,-2.580981,-1.827163,0.753818,0.547
"405","Lrrc26","hurdle",2.97630735922106e-21,-2.342626,-1.807355,0.535271,0.547
"399","Lmbr1l","hurdle",9.30576553206771e-19,-2.441431,-1.699971,0.74146,0.547
"362","Hsd3b3","hurdle",1.34970091051013e-33,-3.018926,-2.011286,1.00764,0.547
"287","Fmo4","hurdle",1.06926933931356e-23,-2.830327,-2.04182,0.788507,0.547
"129","Capg","hurdle",3.8253643323661e-26,-2.851486,-1.988802,0.862684,0.547
"4","1700025G04Rik","hurdle",1.14810605537446e-18,-2.630414,-1.895228,0.735186,0.547
"767","Vstm2l","hurdle",4.70560817218462e-37,-3.113739,-2.179324,0.934415,0.546
"617","Shpk","hurdle",3.49667191988098e-30,-3.013948,-2.145771,0.868177,0.546
"582","Rhbg","hurdle",8.87005514817109e-29,-2.976662,-2.129283,0.847379,0.546
"524","Pgm2","hurdle",9.98060216915443e-12,-2.104396,-1.533432,0.570964,0.546
"489","Nostrin","hurdle",2.95136567880015e-10,-1.945235,-1.423808,0.521427,0.546
"350","Heph","hurdle",5.0069038136119e-11,-2.040229,-1.506566,0.533663,0.546
"220","Cyp51","hurdle",2.98974949489636e-11,-1.938144,-1.345541,0.592603,0.546
"70","Aldh1a7","hurdle",5.07948931227945e-27,-2.909477,-1.959358,0.950119,0.546
"15","9030617O03Rik","hurdle",2.14836758745959e-14,-2.390215,-1.755825,0.63439,0.546
"594","Sc5d","hurdle",3.408010695995e-10,-1.883092,-1.359896,0.523196,0.545
"440","Mocs1","hurdle",2.38027436489652e-10,-2.061131,-1.538866,0.522265,0.545
"301","Gcnt4","hurdle",7.60866151842411e-29,-2.996166,-2.129283,0.866883,0.545
"291","Fuk","hurdle",3.37307145614478e-15,-2.502878,-1.860794,0.642084,0.545
"280","Fas","hurdle",5.29399375327224e-26,-2.905784,-2.034126,0.871658,0.545
"229","Dgka","hurdle",3.63287604886461e-17,-2.603989,-1.923379,0.68061,0.545
"742","Ttc22","hurdle",1.043078085728e-22,-2.839105,-2.065153,0.773952,0.544
"606","Sec24a","hurdle",2.81975822860927e-10,-2.097006,-1.577487,0.519519,0.544
"595","Sccpdh","hurdle",7.07828417982617e-14,-2.39668,-1.736966,0.659714,0.544
"503","Osgin1","hurdle",2.07031280604995e-24,-2.895675,-2.145771,0.749904,0.544
"112","B3gnt7","hurdle",1.58658965322006e-26,-2.957418,-2.129283,0.828135,0.544
"642","Slc35e1","hurdle",4.72134611238861e-09,-1.827878,-1.317252,0.510626,0.543
"496","Oaf","hurdle",1.13760275914282e-10,-1.979279,-1.449163,0.530116,0.543
"320","Golt1a","hurdle",2.79471892787305e-15,-2.599507,-1.944858,0.654649,0.543
"242","E2f2","hurdle",4.36273820218388e-11,-2.1894,-1.617171,0.572229,0.543
"643","Slc35f2","hurdle",1.28874217160235e-09,-2.051917,-1.544321,0.507596,0.542
"619","Slc11a2","hurdle",1.0518373053629e-12,-1.914757,-1.331327,0.58343,0.542
"504","Otop3","hurdle",8.72224323485414e-31,-3.009977,-1.974005,1.035972,0.542
"501","Optn","hurdle",1.83215234631218e-10,-2.147362,-1.605721,0.541641,0.542
"398","Lipe","hurdle",9.80732338015951e-14,-2.504273,-1.888275,0.615998,0.542
"393","Leng9","hurdle",2.58420668335707e-10,-2.128945,-1.571906,0.557039,0.542
"392","Ldlr","hurdle",4.64112239854994e-10,-1.951885,-1.389042,0.562843,0.542
"219","Cyp4f40","hurdle",5.12848000708913e-37,-3.160285,-2.275832,0.884453,0.542
"182","Cndp1","hurdle",1.94376866295699e-26,-3.017929,-2.222392,0.795537,0.542
"110","Atp7b","hurdle",5.52227533517773e-22,-2.888367,-2.096862,0.791505,0.542
"688","Srr","hurdle",4.41488345583255e-18,-2.786367,-2.104899,0.681468,0.541
"685","Spns3","hurdle",3.44921269843503e-22,-2.846167,-2.129283,0.716884,0.541
"564","Ptk6","hurdle",1.02901075495016e-36,-3.168007,-2.266787,0.90122,0.541
"539","Plekhg6","hurdle",4.32641011606087e-18,-2.739593,-2.018859,0.720734,0.541
"466","Nadsyn1","hurdle",4.48380688978136e-09,-2.002266,-1.501252,0.501014,0.541
"407","Lrrc75a","hurdle",1.37937552964892e-13,-2.50218,-1.860794,0.641386,0.541
"187","Cobl","hurdle",2.92237971984812e-09,-1.99244,-1.474972,0.517468,0.541
"124","Btnl1","hurdle",2.95298394506829e-16,-2.661997,-1.966663,0.695334,0.541
"736","Trim40","hurdle",2.22266229091634e-15,-2.605486,-2.018859,0.586627,0.54
"716","Tmem181a","hurdle",2.2913762181522e-13,-2.554715,-1.966663,0.588052,0.54
"517","Pde9a","hurdle",1.08306025523438e-09,-2.036185,-1.511899,0.524286,0.54
"511","Paqr7","hurdle",3.43311753392804e-21,-2.90118,-2.137504,0.763676,0.54
"487","Nol4l","hurdle",5.61451396963791e-10,-2.286316,-1.762166,0.52415,0.54
"323","Gpr160","hurdle",3.86032595210246e-13,-2.542476,-1.923379,0.619097,0.54
"273","Fam20a","hurdle",7.17254703049083e-20,-2.834709,-2.065153,0.769556,0.54
"153","Ceacam18","hurdle",2.91212564006658e-19,-2.720813,-2.08092,0.639893,0.54
"121","Bcl2l15","hurdle",1.6134696540165e-40,-3.209521,-2.39889,0.810631,0.54
"706","Ticam1","hurdle",1.63031357662675e-11,-2.409699,-1.827163,0.582536,0.539
"413","Maob","hurdle",1.72184644301678e-23,-3.003055,-2.20501,0.798045,0.539
"258","Entpd7","hurdle",1.41100117548924e-11,-2.401223,-1.813928,0.587295,0.539
"125","Btnl2","hurdle",1.76552150092557e-10,-2.342002,-1.787815,0.554187,0.539
"99","Arhgap27","hurdle",2.22419178616976e-10,-2.210888,-1.657977,0.552911,0.539
"737","Trim80","hurdle",1.31213435952084e-30,-3.149326,-2.331327,0.817999,0.538
"693","Sulf2","hurdle",8.37549711919132e-17,-2.792322,-2.088869,0.703453,0.538
"339","Gstp2","hurdle",3.25267714659853e-11,-2.502878,-1.937663,0.565215,0.538
"169","Chst4","hurdle",2.71929647881545e-20,-2.890191,-2.170862,0.719329,0.538
"72","Aldh3b1","hurdle",2.06350421646433e-14,-2.690311,-2.073015,0.617296,0.538
"24","Abcd1","hurdle",2.24136683107294e-11,-2.428124,-1.888275,0.539849,0.538
"701","Tbc1d24","hurdle",2.70012675136412e-12,-2.533899,-1.916289,0.61761,0.537
"692","Stom","hurdle",1.19166737290123e-14,-2.664336,-2.057333,0.607003,0.537
"671","Smad6","hurdle",1.41748497803623e-16,-2.831202,-2.145771,0.685431,0.537
"636","Slc2a2","hurdle",3.16177687588613e-17,-2.672158,-2.096862,0.575296,0.537
"404","Lrrc19","hurdle",6.82847894777567e-28,-3.120144,-2.359896,0.760248,0.537
"240","Dst","hurdle",4.5607083422271e-13,-2.648046,-2.065153,0.582893,0.537
"20","Abcb10","hurdle",2.0424303002171e-10,-2.432767,-1.874469,0.558298,0.537
"700","Synpo","hurdle",4.09092783706088e-19,-2.767811,-2.231163,0.536648,0.536
"629","Slc25a37","hurdle",4.05131895781436e-10,-2.357054,-1.807355,0.549699,0.536
"310","Gm17197","hurdle",2.2234017009487e-23,-3.021922,-2.257798,0.764124,0.536
"246","Egln3","hurdle",9.05932270081608e-21,-2.977631,-2.213675,0.763956,0.536
"495","Nudt7","hurdle",2.32037103539073e-09,-2.313585,-1.794299,0.519286,0.535
"451","Mtmr4","hurdle",1.27006178483057e-09,-2.445447,-1.944858,0.500589,0.535
"335","Gstm4","hurdle",2.16655548536221e-09,-2.440095,-1.923379,0.516716,0.535
"309","Gm12999","hurdle",6.07093972368482e-19,-2.995184,-2.35031,0.644874,0.535
"235","Dnaaf1","hurdle",6.13632243207134e-22,-3.036993,-2.35031,0.686683,0.535
"154","Ceacam20","hurdle",2.47512785087414e-14,-2.538181,-2.034126,0.504055,0.535
"738","Trp53inp2","hurdle",3.99714944405391e-13,-2.663556,-2.145771,0.517785,0.534
"658","Slc52a3","hurdle",8.28719654671676e-12,-2.678446,-2.08092,0.597526,0.534
"651","Slc41a2","hurdle",6.671765121345e-20,-3.031952,-2.359896,0.672056,0.534
"484","Nek3","hurdle",1.0779725041403e-16,-2.890191,-2.196397,0.693794,0.534
"156","Celf5","hurdle",2.78588571577992e-32,-3.215224,-2.490683,0.724541,0.534
"100","Arhgef2","hurdle",3.73987585505303e-10,-2.580245,-2.065153,0.515092,0.534
"81","Angptl8","hurdle",1.0140913204898e-13,-2.800015,-2.196397,0.603618,0.534
"77","Alppl2","hurdle",2.70391484951082e-44,-3.281881,-2.469774,0.812107,0.534
"769","Vwce","hurdle",3.14667944306799e-17,-2.974726,-2.31259,0.662136,0.533
"615","Sh3d21","hurdle",3.83333860180116e-14,-2.870259,-2.266787,0.603472,0.533
"555","Ppp2r5b","hurdle",4.25392228827003e-13,-2.794028,-2.231163,0.562865,0.533
"449","mt-Nd3","hurdle",1.85765499095199e-09,-2.541759,-2.018859,0.5229,0.533
"432","Micall2","hurdle",1.36363297175932e-11,-2.621299,-2.034126,0.587173,0.533
"775","Zc3h12d","hurdle",1.2844748926975e-12,-2.828577,-2.248865,0.579712,0.532
"686","Spsb2","hurdle",3.33483323977718e-08,-2.350136,-1.840522,0.509614,0.532
"639","Slc30a1","hurdle",1.98353196058594e-11,-2.752803,-2.187835,0.564968,0.532
"465","Nab2","hurdle",1.20838307997294e-09,-2.62509,-2.104899,0.520191,0.532
"314","Gmfg","hurdle",3.11536854206393e-13,-2.819862,-2.187835,0.632027,0.532
"78","Als2cr12","hurdle",6.42813969105457e-25,-3.169113,-2.469774,0.699339,0.532
"63","Akr1b8","hurdle",4.84223159041195e-16,-2.927152,-2.196397,0.730755,0.532
"752","Ugt2b36","hurdle",3.82151547029003e-19,-3.070714,-2.41879,0.651924,0.531
"711","Tmc8","hurdle",1.15917526291282e-13,-2.896591,-2.294094,0.602497,0.531
"684","Spns2","hurdle",1.4747581635039e-16,-3.007996,-2.35031,0.657686,0.531
"762","Vamp5","hurdle",7.32631293611065e-11,-2.728948,-2.196397,0.532551,0.53
"699","Syce3","hurdle",5.396095926112e-16,-3.019924,-2.408806,0.611118,0.53
"654","Slc4a5","hurdle",1.16206724289486e-09,-2.715146,-2.170862,0.544284,0.53
"359","Hpse","hurdle",9.24612010155504e-10,-2.721625,-2.187835,0.53379,0.53
"357","Hpdl","hurdle",4.89039093912538e-11,-2.80173,-2.284934,0.516796,0.53
"42","Acot9","hurdle",1.04853165396448e-16,-3.022922,-2.369546,0.653376,0.53
"677","Snph","hurdle",7.57796738324006e-13,-2.918752,-2.340787,0.577965,0.529
"551","Ppara","hurdle",7.63938180024225e-15,-2.985406,-2.379261,0.606145,0.529
"497","Ocm","hurdle",4.04721371239523e-27,-3.209521,-2.555292,0.654229,0.529
"308","Gm10639","hurdle",1.34121493601349e-32,-3.262857,-2.544321,0.718536,0.529
"293","G630090E17Rik","hurdle",2.51467210437938e-16,-3.046112,-2.48019,0.565922,0.529
"184","Cnksr3","hurdle",1.25318072727647e-11,-2.850598,-2.284934,0.565664,0.529
"60","Aim1l","hurdle",4.94385820074914e-09,-2.6919,-2.187835,0.504065,0.529
"771","Xkr9","hurdle",2.45696250617491e-18,-3.125504,-2.490683,0.634821,0.528
"439","Mocos","hurdle",9.31059282686947e-15,-3.025925,-2.459432,0.566493,0.528
"378","Itgb5","hurdle",4.75692835007481e-10,-2.808611,-2.266787,0.541824,0.528
"109","Atp6v0e2","hurdle",6.78578528459286e-09,-2.740415,-2.239986,0.500429,0.528
"11","2200002J24Rik","hurdle",1.771082104692e-11,-2.855043,-2.275832,0.579211,0.528
"616","Sh3tc1","hurdle",2.24285499622058e-29,-3.260497,-2.555292,0.705205,0.527
"527","Phlda2","hurdle",2.52773641137585e-16,-3.075893,-2.511899,0.563994,0.527
"388","Lactb","hurdle",4.64038644711928e-09,-2.62509,-2.104899,0.520191,0.527
"536","Plcd1","hurdle",1.43077662635143e-13,-3.061439,-2.533432,0.528007,0.526
"327","Gramd2","hurdle",1.6134791149786e-16,-3.112674,-2.566347,0.546327,0.526
"650","Slc40a1","hurdle",1.51308055360994e-17,-3.149326,-2.501252,0.648074,0.525
"556","Pqlc3","hurdle",2.05534464395015e-11,-2.990287,-2.438968,0.551319,0.525
"552","Ppargc1a","hurdle",7.46374372747951e-11,-2.86846,-2.321928,0.546532,0.525
"369","Igsf3","hurdle",1.20431150606808e-08,-2.700674,-2.196397,0.504277,0.525
"340","Guca1a","hurdle",2.14977902258068e-09,-2.73795,-2.222392,0.515558,0.525
"624","Slc22a4","hurdle",1.55586023222868e-11,-3.023922,-2.501252,0.52267,0.524
"638","Slc2a9","hurdle",4.82069144370096e-10,-2.914107,-2.379261,0.534846,0.522
"472","Nbl1","hurdle",1.06317491904463e-16,-3.200443,-2.657977,0.542466,0.522
"97","Aqp8","hurdle",1.31060452801924e-07,-2.915964,-2.284934,0.63103,0.517
