"","Gene","test.type","p_value","log2.mean.Cluster_Other","log2.mean.Tuft","log2fold_change","Auc"
"553","Lrmp","hurdle",5.84985405042564e-302,-2.763888,3.204713,5.968601,0.893
"64","Alox5ap","hurdle",6.01310786899977e-300,-2.823448,3.163334,5.986782,0.89
"560","Ltc4s","hurdle",6.90369832768522e-311,-2.222471,2.881514,5.103985,0.885
"115","Avil","hurdle",7.95089007281978e-282,-3.044453,1.830768,4.875221,0.874
"847","Sh2d6","hurdle",1.24868905541439e-282,-3.001413,2.650647,5.65206,0.868
"319","Espn","hurdle",4.57032311229539e-216,-1.415822,2.528806,3.944628,0.868
"898","Snrnp25","hurdle",0,-0.7606947,3.2630344,4.0237291,0.864
"186","Cd24a","hurdle",2.30880906544061e-240,1.788948,4.859129,3.070181,0.864
"788","Rgs13","hurdle",1.00510813876599e-274,-2.85801,3.084849,5.942859,0.863
"836","Selm","hurdle",6.38637328489273e-161,-0.2189056,3.5576813,3.7765869,0.862
"783","Reep5","hurdle",2.39098628059527e-260,-1.904392,3.296677,5.201069,0.861
"528","Krt18","hurdle",1.77767798331678e-175,2.648856,5.244581,2.595725,0.86
"436","Hck","hurdle",9.6123051805324e-266,-2.752742,3.502718,6.25546,0.854
"513","Kctd12","hurdle",1.06447635147017e-251,-2.822615,1.834231,4.656846,0.853
"101","Atp2a3","hurdle",3.56204683599138e-236,-2.678543,1.488067,4.16661,0.853
"57","Aldh2","hurdle",4.85033977615575e-317,-0.06806712,2.65554754,2.72361466,0.851
"910","Spib","hurdle",1.23242661411599e-265,-3.174404,1.364213,4.538617,0.849
"266","Dclk1","hurdle",1.51326095976824e-263,-3.131491,1.552541,4.684032,0.846
"749","Ptpn18","hurdle",0,-0.5864342,3.0826677,3.6691019,0.838
"1025","Trpm5","hurdle",3.29625812546388e-251,-3.135622,1.531368,4.66699,0.836
"986","Tmem176b","hurdle",6.40958258630432e-136,1.162795,3.11505,1.952255,0.836
"545","Limd2","hurdle",5.36999528354957e-248,-2.656117,1.84113,4.497247,0.835
"361","Fyb","hurdle",4.68436655481562e-250,-3.1861372,0.8383743,4.0245115,0.834
"1041","Tuba1a","hurdle",2.05496589520109e-214,-2.702854,2.369711,5.072565,0.833
"259","Cystm1","hurdle",2.4551093896768e-105,3.018488,4.514527,1.496039,0.833
"321","Ethe1","hurdle",0,-1.385684,2.264575,3.650259,0.832
"985","Tmem176a","hurdle",2.62733766554457e-270,0.2730023,3.1327315,2.8597292,0.827
"848","Sh2d7","hurdle",9.50916649482415e-244,-3.2088063,0.9446983,4.1535046,0.823
"563","Ly6g6f","hurdle",2.01809141793373e-243,-3.11203,1.858236,4.970266,0.823
"590","Mgst3","hurdle",1.34347260192392e-101,2.565514,4.389496,1.823982,0.82
"581","Matk","hurdle",5.0811808870451e-228,-2.960535,2.603747,5.564282,0.816
"454","Hmx2","hurdle",3.8546100644947e-243,-3.2307322,0.9155781,4.1463103,0.815
"531","Krt8","hurdle",1.14337537145937e-80,3.129202,4.605217,1.476015,0.814
"690","Pik3r5","hurdle",2.09850681528576e-234,-3.2131649,0.7235866,3.9367515,0.812
"971","Tm4sf4","hurdle",4.02928137939395e-216,-0.5713181,4.0124311,4.5837492,0.808
"439","Hepacam2","hurdle",1.95444559072181e-138,-2.332558,1.043721,3.376279,0.804
"750","Ptpn6","hurdle",4.16262415532159e-291,-1.907479,1.87346,3.780939,0.803
"402","Gnai2","hurdle",6.6450515934671e-117,0.2665603,2.0220263,1.755466,0.803
"144","Bpgm","hurdle",1.11312031491772e-200,-1.026603,1.459207,2.48581,0.803
"182","Ccdc28b","hurdle",1.59549458816181e-252,-2.380773,1.399697,3.78047,0.799
"569","Malat1","hurdle",5.343102571857e-61,2.88805,4.015484,1.127434,0.796
"1065","Vav1","hurdle",4.36412913787852e-193,-3.1171256,0.6190819,3.7362075,0.793
"894","Smpx","hurdle",5.06415704610984e-184,-2.765488,1.265088,4.030576,0.792
"562","Ly6g6d","hurdle",8.95290342724684e-213,-2.990149,1.786775,4.776924,0.792
"192","Cdhr5","hurdle",1.14074818515975e-95,0.2719306,2.7345591,2.4626285,0.791
"426","H2-D1","hurdle",1.02150872006538e-107,2.455017,4.255823,1.800806,0.788
"243","Crip1","hurdle",4.42797247505076e-56,3.940519,5.268611,1.328092,0.785
"44","Adh1","hurdle",2.27807159935986e-132,0.0731884,2.8450825,2.7718941,0.785
"1066","Vdac3","hurdle",9.13862677932899e-121,0.6837239,2.4520141,1.7682902,0.783
"600","Mocs2","hurdle",6.7562313649085e-93,0.4809651,1.9741841,1.493219,0.782
"178","Ccdc109b","hurdle",2.2294119930728e-205,-3.2153491,0.6547645,3.8701136,0.782
"818","S100a1","hurdle",7.84913692818217e-244,-0.4693948,2.3236534,2.7930482,0.78
"858","Skap2","hurdle",6.98025032245335e-230,-1.448208,1.531368,2.979576,0.777
"680","Pea15a","hurdle",1.20477620599549e-185,-3.0318867,0.9446983,3.976585,0.777
"296","Dynll1","hurdle",7.12659137665558e-65,1.129727,2.610829,1.481102,0.775
"702","Plcg2","hurdle",8.5375250741663e-152,-2.8402044,0.2192182,3.0594226,0.773
"773","Rac2","hurdle",2.09417897997908e-194,-3.013715,2.361336,5.375051,0.771
"1033","Tspan6","hurdle",1.25631984421478e-191,-2.804416,1.750588,4.555004,0.769
"544","Lima1","hurdle",1.04019557434388e-95,0.1516618,1.675372,1.5237102,0.767
"604","Ms4a8a","hurdle",2.16405063582189e-116,-0.8669965,1.6500575,2.517054,0.764
"175","Card19","hurdle",1.61033909596748e-158,-1.372218,0.9857495,2.3579675,0.764
"161","Calml4","hurdle",2.87211992413651e-52,1.909649,2.912961,1.003312,0.763
"855","Siglecf","hurdle",3.54670374038292e-187,-3.138728,1.520664,4.659392,0.761
"70","Anxa4","hurdle",1.04181577955657e-58,1.519278,2.651628,1.13235,0.761
"363","Gabarapl2","hurdle",2.20696912449919e-205,-0.1001242,2.2242408,2.324365,0.76
"645","Nrgn","hurdle",1.86976510213289e-186,-2.991084,2.069802,5.060886,0.759
"819","S100a11","hurdle",4.73238471239783e-119,0.6829911,2.9031042,2.2201131,0.758
"980","Tmem141","hurdle",3.19793098731961e-176,-1.8860081,0.7963919,2.6824,0.757
"1064","Vamp8","hurdle",1.0648805987603e-65,1.292109,2.509447,1.217338,0.752
"948","Svbp","hurdle",2.82550316713039e-122,-0.6234812,1.4456905,2.0691717,0.752
"486","Il13ra1","hurdle",3.11296059822718e-141,-2.0664643,0.6190819,2.6855462,0.751
"373","Gde1","hurdle",3.70068769799445e-79,-1.497195,1.110917,2.608112,0.75
"362","Gabarap","hurdle",8.57563133899949e-54,1.749735,2.817361,1.067626,0.75
"231","Coprs","hurdle",5.94236045663946e-130,-1.311376,0.8623115,2.1736875,0.749
"832","Sec11c","hurdle",7.89715467211698e-53,1.178841,2.408549,1.229708,0.748
"530","Krt23","hurdle",1.43772789010629e-191,-1.867855,1.409014,3.276869,0.747
"464","Hpgds","hurdle",1.91368220332302e-159,-3.1669861,0.2192182,3.3862043,0.747
"195","Cdkn1a","hurdle",2.03586249757823e-57,-1.0711544,0.8210299,1.8921843,0.747
"497","Irf7","hurdle",3.03638090640521e-86,0.5451138,2.3839553,1.8388415,0.746
"133","Bcl2l14","hurdle",2.17957908226923e-118,-1.3564639,0.8555127,2.2119766,0.746
"993","Tmem45b","hurdle",2.06162967237186e-82,0.2879225,1.809819,1.5218965,0.741
"140","Bmx","hurdle",1.12306476163188e-177,-3.2318373,0.3164923,3.5483296,0.74
"93","Asah1","hurdle",8.67774386437273e-151,-1.8060611,0.5783711,2.3844322,0.738
"826","Scand1","hurdle",8.69359614898701e-48,0.8373012,1.8462833,1.0089821,0.736
"63","Alox5","hurdle",1.18152280374705e-176,-3.2608708,0.3603763,3.6212471,0.736
"324","Fabp1","hurdle",4.34507239715025e-42,3.20734,5.176486,1.969146,0.732
"9","1810046K07Rik","hurdle",4.93895384878857e-143,-3.1069514,0.2192182,3.3261696,0.732
"629","Nebl","hurdle",1.8741615920492e-166,-3.2619992,-0.2092992,3.0527,0.731
"621","Ncf2","hurdle",6.85882797493629e-132,-2.845269,0.229772,3.075041,0.731
"150","Bub3","hurdle",8.691612340328e-55,0.3093528,1.7395527,1.4301999,0.73
"251","Ctsc","hurdle",1.01839530238047e-128,-1.5565318,0.9919627,2.5484945,0.728
"188","Cd47","hurdle",3.18385437483396e-65,0.1479494,1.5120432,1.3640938,0.728
"40","Acot7","hurdle",2.97053713675955e-87,-0.5071954,1.2101864,1.7173818,0.728
"828","Sct","hurdle",1.6369241853448e-56,-0.02325065,1.39969695,1.4229476,0.727
"59","Aldoa","hurdle",1.31600898744838e-51,1.508979,2.777453,1.268474,0.727
"593","Mien1","hurdle",1.55985458057127e-50,0.5482556,1.7395527,1.1912971,0.726
"25","AA467197","hurdle",3.32073881948115e-104,-1.143659,2.032613,3.176272,0.726
"791","Rgs2","hurdle",1.86447965416824e-123,-2.9514042,0.5824942,3.5338984,0.725
"495","Inpp5d","hurdle",2.63351083427178e-164,-3.265389827,-0.009898461,3.255491366,0.725
"756","Pygl","hurdle",4.97199798180515e-162,-3.269923,-0.1194903,3.1504327,0.723
"30","Abhd16a","hurdle",7.66903960720422e-117,-1.3251678,0.7568043,2.0819721,0.723
"887","Smdt1","hurdle",2.66649222611875e-34,2.09547,2.894009,0.798539,0.722
"748","Ptgs1","hurdle",4.85858207723719e-160,-3.25749081,0.04491715,3.30240796,0.721
"187","Cd300lf","hurdle",7.21687462359768e-165,-3.2665218,0.5824942,3.849016,0.719
"160","Calm2","hurdle",8.62091787020023e-38,2.570475,3.643067,1.072592,0.716
"58","Aldh3a2","hurdle",6.8788773290665e-75,-1.4715143,0.3699496,1.8414639,0.716
"596","Mlip","hurdle",1.09385136742086e-136,-3.19042777,0.06273576,3.25316353,0.715
"367","Galk1","hurdle",5.02887497124492e-48,-0.1888173,1.1419805,1.3307978,0.715
"432","H2afj","hurdle",2.76544334813328e-27,2.436855,3.09715,0.660295,0.711
"191","Cdhr2","hurdle",2.36395773757151e-51,-0.4803522,1.5033705,1.9837227,0.711
"1034","Tspan8","hurdle",2.45142044833639e-43,1.759882,2.974655,1.214773,0.71
"358","Ftl1","hurdle",2.08377124709726e-25,3.861952,4.590705,0.728753,0.71
"105","Atp6v0b","hurdle",7.67368734203611e-57,0.3426772,1.5857843,1.2431071,0.709
"92","Arpc5","hurdle",6.63618045970448e-64,0.463747,1.76154,1.297793,0.709
"467","Hsbp1","hurdle",1.42585600015745e-34,0.838223,1.715349,0.877126,0.708
"689","Pik3cg","hurdle",7.9376330758595e-144,-3.2608708,-0.3358673,2.9250035,0.706
"353","Ffar3","hurdle",5.02208192000182e-151,-3.2631285,0.1762136,3.4393421,0.706
"835","Selk","hurdle",8.10057438956745e-42,0.7308571,1.7413978,1.0105407,0.705
"820","S100a13","hurdle",9.55392982529018e-93,-1.9048328,0.5824942,2.487327,0.704
"277","Desi1","hurdle",4.1065624829965e-59,-0.9612224,0.5824942,1.5437166,0.703
"869","Slc26a2","hurdle",6.26015657426021e-49,-1.767088893,-0.009898461,1.757190432,0.702
"504","Itpr2","hurdle",1.64751326594564e-91,-2.6997927,-0.2164448,2.4833479,0.699
"725","Pou2f3","hurdle",3.14088024270524e-125,-3.22302,-0.535868,2.687152,0.698
"830","Sdcbp2","hurdle",2.57927830178541e-50,-1.4728202,0.3936086,1.8664288,0.697
"779","Rbm38","hurdle",2.581257317107e-58,-1.2608708,0.3936086,1.6544794,0.696
"262","D8Ertd738e","hurdle",4.40306248695132e-25,1.591459,2.286224,0.694765,0.696
"184","Ccnj","hurdle",7.00396962716811e-115,-2.9550497,0.2763312,3.2313809,0.696
"109","Atp6v1f","hurdle",2.0060586463843e-28,1.462595,2.263291,0.800696,0.695
"73","Apobec1","hurdle",4.61465656242974e-73,-2.4698836,-0.2164448,2.2534388,0.693
"125","Basp1","hurdle",8.84802448912341e-143,-3.279032435,-0.003703969,3.275328466,0.692
"379","Gimap1","hurdle",2.62341613587715e-42,-1.001884,0.5107456,1.5126296,0.691
"210","Chn2","hurdle",7.42511414939019e-71,-2.018952,-0.092945,1.926007,0.691
"841","Serpinb1a","hurdle",2.44006285741503e-42,0.8192081,2.1046234,1.2854153,0.69
"662","Ostf1","hurdle",2.11192969550439e-41,-0.008024171,1.090795539,1.09881971,0.69
"913","Spint2","hurdle",2.60292387024494e-21,3.364481,3.911569,0.547088,0.689
"317","Ero1lb","hurdle",1.39444327908301e-91,-2.9486762,-0.3995025,2.5491737,0.687
"728","Ppp1r14c","hurdle",1.69053637034845e-121,-3.2362661,-0.3594028,2.8768633,0.686
"479","Ift172","hurdle",1.14336043501749e-87,-1.9310683,0.2506507,2.181719,0.684
"22","9030624J02Rik","hurdle",2.3192167843173e-71,-2.0738767,-0.1465332,1.9273435,0.684
"921","Sri","hurdle",2.11559947491435e-24,1.930946,2.674986,0.74404,0.683
"343","Fbp2","hurdle",1.46896478388256e-34,1.024502,2.031106,1.006604,0.683
"268","Dctn3","hurdle",5.27519557842123e-27,0.5460006,1.3689951,0.8229945,0.682
"221","Clmn","hurdle",1.07450643477572e-54,-2.0561505,-0.2164448,1.8397057,0.682
"946","Suox","hurdle",2.91852099894651e-73,-2.6538934,-0.2380965,2.4157969,0.681
"365","Gadd45a","hurdle",1.77535283439586e-40,-1.1845316,0.3214348,1.5059664,0.681
"357","Folr1","hurdle",3.57152750907494e-129,-3.2373755,0.4712653,3.7086408,0.681
"624","Ndrg1","hurdle",1.97718456348054e-44,-1.87560709,-0.06687934,1.80872775,0.679
"491","Ildr1","hurdle",2.54537248069513e-95,-2.9761918,-0.4324046,2.5437872,0.679
"991","Tmem38b","hurdle",6.06081491065234e-77,-2.251875,-0.1880723,2.0638027,0.677
"614","Myl6","hurdle",3.72398337876996e-22,1.98676,2.659456,0.672696,0.677
"237","Cpne3","hurdle",1.08852870845406e-53,-0.8512012,0.6110311,1.4622323,0.677
"760","Rab11a","hurdle",1.80655708847615e-35,-0.1640825,0.8758137,1.0398962,0.676
"930","St6galnac2","hurdle",1.43098548279683e-29,-0.2991621,0.719848,1.0190101,0.675
"699","Pla2g16","hurdle",3.64261947549156e-28,0.06409964,0.98263287,0.91853323,0.674
"351","Fdps","hurdle",5.07314618412362e-40,-0.5031869,0.9024447,1.4056316,0.674
"218","Cldn3","hurdle",1.91397449977722e-19,2.569603,3.140443,0.57084,0.674
"995","Tmem54","hurdle",3.25123283263137e-25,0.990792,1.811576,0.820784,0.673
"625","Ndufa1","hurdle",2.68714362520763e-23,1.412152,2.130199,0.718047,0.673
"211","Cib1","hurdle",2.00202144606883e-23,1.623816,2.308798,0.684982,0.673
"987","Tmem229a","hurdle",2.32281752397341e-119,-3.2733323,-0.6281433,2.645189,0.672
"807","Romo1","hurdle",1.27425529476004e-20,1.221299,1.859936,0.638637,0.672
"576","Mapk3","hurdle",7.451764365195e-27,0.3086879,1.169651,0.8609631,0.671
"534","Lamtor2","hurdle",3.59114702340279e-20,1.317544,1.945659,0.628115,0.67
"299","Edf1","hurdle",1.03275807012468e-17,2.150549,2.706497,0.555948,0.67
"1052","Ubl5","hurdle",1.08167976452085e-18,1.811417,2.366128,0.554711,0.669
"1021","Trim40","hurdle",1.07679498979865e-85,-2.69140708,-0.09953567,2.59187141,0.669
"640","Npdc1","hurdle",9.63231618432054e-38,-1.41080741,0.09772603,1.50853344,0.669
"979","Tmem121","hurdle",1.1997929312149e-125,-3.298583,-0.7165594,2.5820236,0.668
"332","Fam221a","hurdle",5.08328673759225e-69,-2.7678902,-0.4241085,2.3437817,0.668
"13","2210016L21Rik","hurdle",8.14079899652486e-28,-0.9489033,0.1978761,1.1467794,0.668
"615","Myo15b","hurdle",3.93502945466239e-24,-0.7743164,0.40762,1.1819364,0.667
"122","Bad","hurdle",6.63860877169512e-27,-0.2089423,0.7640833,0.9730256,0.667
"1043","Tubb4b","hurdle",5.33927466977677e-21,1.670292,2.628883,0.958591,0.666
"1013","Trak1","hurdle",8.74578900422173e-36,-1.5098738,-0.1397248,1.370149,0.666
"233","Cox17","hurdle",3.58267146480817e-26,1.202094,1.931182,0.729088,0.666
"315","Eps8l3","hurdle",3.32423101040961e-25,-0.0752398,0.8452541,0.9204939,0.665
"866","Slc25a20","hurdle",4.10548764291521e-59,-1.72641353,0.09195294,1.81836647,0.664
"359","Fuca1","hurdle",9.12981114344617e-22,0.6252667,1.3497717,0.724505,0.664
"1053","Ubl7","hurdle",9.56690771088973e-57,-1.4164503,0.1205901,1.5370404,0.663
"890","Smim22","hurdle",6.38296515010467e-18,0.7456006,1.4388842,0.6932836,0.663
"616","Myo1b","hurdle",7.56903684884399e-38,-1.764688,-0.223626,1.541062,0.662
"220","Clic1","hurdle",2.37710189365589e-19,1.654679,2.327343,0.672664,0.662
"1004","Tmem98","hurdle",3.02883492248304e-29,-1.21890561,-0.03494588,1.18395973,0.661
"989","Tmem245","hurdle",1.58772265907806e-28,-1.4211696,-0.1329484,1.2882212,0.661
"944","Suco","hurdle",2.6835079504866e-69,-2.4491716,-0.2380965,2.2110751,0.661
"793","Rhoc","hurdle",5.2219668947452e-30,-1.2036475,0.3410369,1.5446844,0.661
"766","Rab27b","hurdle",9.39150075957051e-60,-2.2496348,-0.2308431,2.0187917,0.661
"415","Gprc5c","hurdle",1.32758764598662e-106,-3.2631285,-0.7786649,2.4844636,0.661
"961","Tbcb","hurdle",1.50628461530485e-21,-0.05053362,0.76770912,0.81824274,0.66
"487","Il17rb","hurdle",3.71356891374233e-98,-3.214257,-0.407658,2.806599,0.66
"145","Brms1","hurdle",6.95231585273088e-30,-1.032368,0.12625,1.158618,0.66
"633","Nenf","hurdle",4.69901225981877e-23,-0.04566704,0.88585799,0.93152503,0.659
"579","Marcksl1","hurdle",3.18483156098588e-36,-0.1829277,1.2470186,1.4299463,0.658
"438","Hebp1","hurdle",2.8996419275519e-67,-2.095842,-0.2021889,1.8936531,0.658
"248","Csk","hurdle",2.19157454900261e-24,-0.7660879,0.2609778,1.0270657,0.658
"198","Cdx1","hurdle",1.35127901134773e-18,0.9266805,1.6421782,0.7154977,0.658
"697","Pkm","hurdle",4.52534264653435e-26,0.8344004,1.8342306,0.9998302,0.657
"377","Gfi1b","hurdle",2.03280874765571e-115,-3.2974256,-0.8435647,2.4538609,0.657
"939","Strip2","hurdle",1.55720830328708e-94,-3.2351576,-0.8216054,2.4135522,0.656
"926","Ssu72","hurdle",5.51188650859633e-19,0.7556021,1.4659187,0.7103166,0.656
"1067","Vil1","hurdle",1.60107331440709e-15,0.7526019,1.3005618,0.5479599,0.655
"983","Tmem158","hurdle",1.1949570405758e-59,-2.740107,-0.60921,2.130897,0.655
"556","Lrrc42","hurdle",3.66940799713606e-45,-1.7852261,-0.2164448,1.5687813,0.655
"978","Tmem116","hurdle",2.14597985759572e-61,-2.4408416,-0.4241085,2.0167331,0.654
"502","Itm2b","hurdle",6.96871377456841e-17,2.689007,3.3778,0.688793,0.654
"153","C2","hurdle",3.45897495647907e-90,-2.5851979,-0.1740926,2.4111053,0.654
"256","Cyb5a","hurdle",2.19795386255958e-17,1.927021,2.53945,0.612429,0.653
"496","Inpp5j","hurdle",3.67938611505504e-41,-2.2893497,-0.6186456,1.6707041,0.652
"297","Dynlrb1","hurdle",2.02219591590443e-18,1.160006,1.808059,0.648053,0.652
"98","Atox1","hurdle",2.83638683358e-15,1.678881,2.233448,0.554567,0.652
"908","Spa17","hurdle",3.86177134250747e-70,-2.7424676,-0.5629362,2.1795314,0.651
"764","Rab25","hurdle",4.30013199698471e-17,1.315039,1.911651,0.596612,0.651
"833","Sec14l1","hurdle",9.5776101087509e-32,-1.6119251,-0.2453865,1.3665386,0.65
"1","1110008P14Rik","hurdle",2.1761299931289e-26,-1.25047448,-0.01611967,1.23435481,0.65
"973","Tmbim1","hurdle",2.0864702639867e-22,-0.3950928,0.5449545,0.9400473,0.649
"539","Ldha","hurdle",5.19929213844942e-14,2.907894,3.595916,0.688022,0.649
"206","Chmp2a","hurdle",2.98120105764476e-16,0.6067629,1.223449,0.6166861,0.649
"891","Smim6","hurdle",1.80240583266224e-17,-0.480188,0.4533656,0.9335536,0.648
"822","Samd14","hurdle",2.60422711824314e-94,-3.2552419,-0.9231661,2.3320758,0.648
"711","Plk2","hurdle",1.33514721269916e-87,-3.1807919,-0.4660747,2.7147172,0.648
"404","Gng13","hurdle",3.05544452984367e-99,-3.240709,-0.092945,3.147764,0.648
"342","Fam98c","hurdle",6.6509599449824e-19,-0.4354209,0.3794598,0.8148807,0.648
"931","St6galnac6","hurdle",1.27177088696809e-107,-3.297426,-0.590522,2.706904,0.647
"911","Spink1","hurdle",9.04994506623749e-23,0.5931763,2.3125262,1.7193499,0.647
"741","Prr13","hurdle",4.03136693453182e-19,1.060437,1.772409,0.711972,0.647
"543","Lgals3bp","hurdle",3.41237097689297e-24,0.4646,1.342496,0.877896,0.647
"1087","Zdhhc9","hurdle",1.74153160815128e-31,-1.5328439,-0.1951133,1.3377306,0.646
"823","Samd9l","hurdle",1.05992135403595e-44,-2.2693556,-0.5998358,1.6695198,0.646
"731","Ppp3ca","hurdle",3.66129305198508e-26,-1.147043131,0.008605791,1.155648922,0.646
"474","Ifi27","hurdle",4.26399193500097e-18,0.168931,1.004309,0.835378,0.646
"333","Fam234a","hurdle",1.96892468560894e-20,-1.04421026,0.05088117,1.09509143,0.646
"205","Chil1","hurdle",3.82114750709413e-94,-3.2653898,-0.9707057,2.2946841,0.646
"162","Camk2b","hurdle",1.35618741754166e-61,-3.03864,-1.007417,2.031223,0.646
"445","Hist1h2bc","hurdle",3.72816056651707e-16,0.9786018,1.8411302,0.8625284,0.645
"204","Chdh","hurdle",4.86861379165605e-29,-1.529443,-0.2092992,1.3201438,0.645
"69","Ano7","hurdle",6.96095038015531e-56,-2.936914,-0.911522,2.025392,0.645
"958","Tax1bp1","hurdle",2.96559015071757e-19,0.3330875,1.1251198,0.7920323,0.644
"831","Sdf4","hurdle",7.94205724536097e-24,0.1542019,0.9826329,0.828431,0.644
"405","Gng5","hurdle",4.84590574560977e-15,1.267978,1.802768,0.53479,0.644
"103","Atp6ap1","hurdle",2.15623357073798e-23,-1.4533548,-0.3203876,1.1329672,0.644
"1092","Zfp428","hurdle",5.61179074607276e-34,-2.0333311,-0.4575832,1.5757479,0.643
"345","Fbxo25","hurdle",7.82124643295204e-38,-2.0694247,-0.4660747,1.60335,0.643
"700","Pla2g4a","hurdle",5.79740065520214e-36,-2.053706,-0.483209,1.570497,0.642
"352","Fes","hurdle",6.27921924726926e-82,-3.2208243,-0.9586731,2.2621512,0.642
"249","Cst6","hurdle",1.15536260075503e-39,-1.048828,1.076249,2.125077,0.642
"895","Smtn","hurdle",2.39067822062222e-45,-2.736966,-0.934905,1.802061,0.641
"794","Rhog","hurdle",7.38413242857116e-55,-1.8631385,-0.2823997,1.5807388,0.641
"274","Ddt","hurdle",9.26879134421222e-19,0.151132,0.8758137,0.7246817,0.641
"427","H2-K1","hurdle",1.61476109705796e-19,2.353379,3.096429,0.74305,0.64
"732","Ppt1","hurdle",1.28277242589193e-28,-1.21343775,-0.03494588,1.17849187,0.639
"692","Pim3","hurdle",6.69702666836124e-25,-1.255522797,-0.003703969,1.251818828,0.639
"494","Inpp5b","hurdle",1.04548021399873e-29,-1.9619099,-0.5448344,1.4170755,0.639
"300","Eef2k","hurdle",1.25486995380517e-26,-1.9532258,-0.6186456,1.3345802,0.639
"156","Cables2","hurdle",4.28504071910444e-35,-2.0075509,-0.5629362,1.4446147,0.639
"121","B4galt5","hurdle",1.30512296634481e-26,-1.976655,-0.590522,1.386133,0.639
"1060","Uqcc2","hurdle",2.25212806285585e-13,0.9930404,1.5837289,0.5906885,0.638
"578","March2","hurdle",6.16002379178951e-23,-1.08906705,-0.04763457,1.04143248,0.638
"349","Fcnaos","hurdle",7.5876635450419e-100,-3.2951136,-0.6964378,2.5986758,0.638
"8","1810037I17Rik","hurdle",4.29229360042507e-13,1.15198,1.665688,0.513708,0.637
"1069","Vps53","hurdle",4.61114384962983e-37,-1.618414,-0.223626,1.394788,0.636
"1049","Ube2j1","hurdle",4.98760049989571e-34,-1.4450006,-0.07985331,1.36514729,0.636
"896","Snapc5","hurdle",5.54567035012434e-19,-0.4953692,0.3603763,0.8557455,0.636
"627","Ndufv3","hurdle",3.96148872759647e-13,1.646884,2.147,0.500116,0.636
"423","Gucy2c","hurdle",7.4390499361948e-16,-0.4195948,0.3747126,0.7943074,0.636
"940","Stx7","hurdle",5.11114664728143e-31,-0.9789725,0.1707468,1.1497193,0.635
"897","Snf8","hurdle",7.66407634278222e-13,0.3428628,0.9253503,0.5824875,0.635
"816","Runx1","hurdle",1.63361216766079e-31,-2.369175,-0.8658633,1.5033117,0.635
"1048","Ubc","hurdle",3.66776752180935e-14,0.7888117,1.4524648,0.6636531,0.634
"1020","Trim38","hurdle",6.57295229926732e-76,-3.160659,-0.60921,2.551449,0.634
"656","Oasl2","hurdle",5.14441988146791e-29,-1.38138575,-0.07335174,1.30803401,0.634
"997","Tmem59","hurdle",6.60923372876775e-16,1.284352,1.937634,0.653282,0.633
"922","Srp19","hurdle",3.0722177243022e-16,-0.2619992,0.5064119,0.7684111,0.633
"617","Myo6","hurdle",1.51101939489587e-33,-0.5485926,0.5407225,1.0893151,0.633
"292","Dram2","hurdle",2.37094834073187e-19,-0.96673151,-0.02864314,0.93808837,0.633
"110","Atp6v1g1","hurdle",7.62143314482598e-15,0.825198,1.385608,0.56041,0.633
"884","Slco4a1","hurdle",1.53387980779326e-54,-2.955963,-1.032421,1.923542,0.632
"196","Cdkn1c","hurdle",2.72608248722435e-52,-2.72213657,0.00246404,2.72460061,0.632
"1030","Tspan13","hurdle",1.35407748147649e-21,-0.1121567,0.8279927,0.9401494,0.631
"384","Glmp","hurdle",5.74797873457528e-21,-0.727777,0.2558235,0.9836005,0.631
"371","Gclm","hurdle",7.30132028345543e-21,-0.1626329,0.7235866,0.8862195,0.631
"758","R3hdm4","hurdle",1.99971143293665e-13,-0.5556667,0.1597506,0.7154173,0.63
"431","H2-T23","hurdle",1.08917223659032e-15,-0.5497979,0.3361613,0.8859592,0.63
"117","B2m","hurdle",3.01325797265515e-11,3.905847,4.476537,0.57069,0.63
"108","Atp6v1e1","hurdle",1.09187268645597e-22,-0.2873378,0.5700892,0.857427,0.63
"903","Sod2","hurdle",3.70595834233774e-12,0.6779984,1.2313484,0.55335,0.629
"893","Smpdl3a","hurdle",5.57805555040093e-33,-1.0858163,0.1924909,1.2783072,0.629
"675","Pde2a","hurdle",4.8574902091086e-68,-3.202293,-1.206451,1.995842,0.629
"498","Isg15","hurdle",1.07323877092437e-25,-0.1787925,1.3832464,1.5620389,0.629
"409","Gpa33","hurdle",1.75588256474337e-19,0.4275449,1.1558821,0.7283372,0.629
"20","4930539E08Rik","hurdle",2.50082191268699e-45,-2.7479906,-0.7369656,2.011025,0.629
"1080","Yipf1","hurdle",3.29952055554396e-23,-0.6487185,0.2609778,0.9096963,0.628
"984","Tmem160","hurdle",2.77514692831796e-12,0.5121588,1.0733222,0.5611634,0.628
"905","Sox9","hurdle",8.82265742594904e-12,0.2227622,0.8589161,0.6361539,0.628
"808","Rpp21","hurdle",9.68429276956956e-13,0.447961,1.037728,0.589767,0.628
"733","Pqlc1","hurdle",5.701658454818e-22,-2.0818255,-0.8885121,1.1933134,0.628
"348","Fcna","hurdle",1.78730924296614e-90,-3.296269,-0.911522,2.384747,0.628
"323","F11r","hurdle",1.31897942280548e-20,-0.6825033,0.3065564,0.9890597,0.628
"171","Capzb","hurdle",1.84605910600939e-13,1.096103,1.638222,0.542119,0.628
"682","Pfkfb3","hurdle",2.58732120993904e-61,-3.136657,-1.019865,2.116792,0.627
"552","Lpcat4","hurdle",4.41558201998486e-41,-2.7013226,-0.8999712,1.8013514,0.627
"952","Sys1","hurdle",3.45225798480208e-12,0.3286903,0.9318285,0.6031382,0.626
"403","Gng12","hurdle",9.59456928621996e-13,0.2806754,0.9795095,0.6988341,0.626
"276","Degs2","hurdle",3.00778082719208e-19,0.6746111,1.3229142,0.6483031,0.626
"1005","Tmem9b","hurdle",2.08415333561277e-20,-1.09332908,-0.01611967,1.07720941,0.625
"651","Oas1a","hurdle",1.46521792254559e-28,-1.12968758,0.02687571,1.15656329,0.625
"602","Mpv17l2","hurdle",8.75812581938907e-15,-0.5199627,0.2864768,0.8064395,0.625
"311","Eno1","hurdle",5.51280179320386e-19,0.3011627,1.1194555,0.8182928,0.625
"219","Clec4a1","hurdle",3.75119043250558e-90,-3.2836088,-0.3436699,2.9399389,0.625
"42","Adcy5","hurdle",2.28403572000495e-89,-3.300901,-1.325014,1.975887,0.625
"970","Tm2d1","hurdle",1.08516881685989e-14,-0.9906166,-0.1397248,0.8508918,0.624
"308","Elovl1","hurdle",2.42130518069967e-13,-0.798468469,-0.003703969,0.7947645,0.624
"1062","Usp18","hurdle",1.53235112668467e-49,-2.6354961,-0.4241085,2.2113876,0.623
"996","Tmem57","hurdle",9.61477994342687e-37,-1.7710997,-0.3050722,1.4660275,0.622
"994","Tmem51","hurdle",1.31693937702325e-15,-0.974341,-0.092945,0.881396,0.622
"611","Mvp","hurdle",5.90752696932229e-14,-0.6537083,0.2139122,0.8676205,0.622
"605","Msi2","hurdle",1.26333138073114e-21,-1.803183,-0.637704,1.165479,0.622
"536","Lap3","hurdle",4.54084417744848e-11,-0.1994526,0.4306741,0.6301267,0.622
"517","Kdm4a","hurdle",1.23107995334744e-23,-2.2351576,-0.9467401,1.2884175,0.622
"484","Il10rb","hurdle",6.90471561930978e-33,-1.5572242,-0.2749207,1.2823035,0.622
"468","Hsbp1l1","hurdle",9.00172103433135e-51,-3.068931,-1.206451,1.86248,0.622
"452","Hmgn3","hurdle",3.75725618446561e-56,-2.8537509,-0.3995025,2.4542484,0.622
"267","Dcp1b","hurdle",1.6118847279738e-36,-2.514909,-0.911522,1.603387,0.622
"120","B4galt4","hurdle",3.14859165308715e-31,-2.3534539,-0.8435647,1.5098892,0.622
"990","Tmem246","hurdle",1.77999429990043e-23,-1.3011905,-0.2021889,1.0990016,0.621
"318","Erp29","hurdle",2.2638268068931e-10,0.7019235,1.2128486,0.5109251,0.621
"222","Clrn3","hurdle",6.3027498950234e-15,-1.2659557,-0.3436699,0.9222858,0.621
"179","Ccdc12","hurdle",1.02382307116339e-10,0.748195,1.267651,0.519456,0.621
"670","Pam16","hurdle",5.77254834304596e-11,0.08421968,0.63504989,0.55083021,0.62
"594","Misp","hurdle",4.30635101138893e-11,0.2462667,0.8623115,0.6160448,0.62
"193","Cdipt","hurdle",3.87733403830471e-19,-1.02109969,-0.07985331,0.94124638,0.62
"29","Abcc3","hurdle",2.24977783781132e-20,-2.0256444,-0.8216054,1.204039,0.62
"824","Saraf","hurdle",4.14745129826057e-13,-0.70573007,0.06862672,0.77435679,0.619
"665","P2rx4","hurdle",5.49693524927028e-23,-2.076356,-0.7165594,1.3597966,0.619
"244","Cript","hurdle",6.28035732223998e-15,-0.1726783,0.5236692,0.6963475,0.619
"1082","Ypel3","hurdle",1.98252100436822e-15,-0.99976467,-0.05402101,0.94574366,0.618
"564","Lyn","hurdle",2.97087002343376e-35,-2.2727636,-0.7681265,1.5046371,0.618
"213","Cirbp","hurdle",7.51063864132982e-12,-0.1094882,0.5449545,0.6544427,0.618
"77","Arf6","hurdle",1.12312531548981e-12,0.2219553,0.8521013,0.630146,0.618
"951","Syngr2","hurdle",1.34590820993059e-10,0.631053,1.18329,0.552237,0.617
"647","Nsfl1c","hurdle",8.15614307943261e-23,-0.6402569,0.3214348,0.9616917,0.617
"626","Ndufaf3","hurdle",4.29958877500471e-12,-0.9227905,-0.1602471,0.7625434,0.617
"169","Capg","hurdle",9.97590898389634e-47,-2.8605722,-0.8435647,2.0170075,0.617
"5","1700037H04Rik","hurdle",9.08718602728066e-15,-1.2821771,-0.3515149,0.9306622,0.617
"861","Slc16a3","hurdle",7.64730585969557e-51,-2.9261406,-0.8435647,2.0825759,0.616
"250","Ctsa","hurdle",4.13028505099127e-24,-0.892547,0.1205901,1.0131371,0.616
"1063","Vamp2","hurdle",1.94581018149663e-21,-1.9692636,-0.7786649,1.1905987,0.615
"957","Tapbp","hurdle",4.40627748839812e-11,-0.1405427,0.5150663,0.655609,0.615
"554","Lrp10","hurdle",1.54010161716708e-11,-0.79703651,-0.05402101,0.7430155,0.615
"394","Gm4952","hurdle",1.61886425401659e-83,-3.300901,-0.747278,2.553623,0.615
"727","Ppp1r11","hurdle",2.30403729450509e-11,0.07274091,0.6857581,0.61301719,0.614
"301","Efhd2","hurdle",1.27913777821136e-11,-0.2198646,0.4306741,0.6505387,0.614
"801","Rnasel","hurdle",6.80911482401717e-14,-1.6245693,-0.7369656,0.8876037,0.613
"648","Nt5c3","hurdle",3.41610036025363e-18,-1.0933291,-0.1465332,0.9467959,0.613
"570","Man2a1","hurdle",8.21104847775218e-18,-1.307002,-0.3281067,0.9788953,0.613
"532","L1cam","hurdle",1.54215396804556e-20,-2.227973,-1.070759,1.157214,0.613
"871","Slc2a1","hurdle",1.50385714221928e-47,-2.6202217,-0.8658633,1.7543584,0.612
"572","Map1lc3a","hurdle",2.22769614522363e-14,-1.5586101,-0.5629362,0.9956739,0.612
"253","Cwh43","hurdle",4.87834912486227e-70,-3.259743,-1.123515,2.136228,0.612
"207","Chmp4b","hurdle",2.33817113760716e-10,1.008448,1.514203,0.505755,0.612
"1056","Ufm1","hurdle",2.51897272168233e-20,-0.6331216,0.3263603,0.9594819,0.61
"813","Rtn4","hurdle",2.77330074733653e-11,-0.9292745,-0.1533738,0.7759007,0.61
"451","Hmgcs1","hurdle",5.83331560563321e-32,-1.3038028,0.1318877,1.4356905,0.61
"306","Eif4a2","hurdle",5.28817045639258e-11,0.04095248,0.67807191,0.63711943,0.61
"189","Cdc42","hurdle",1.80465404632765e-10,1.00335,1.518514,0.515164,0.61
"107","Atp6v1d","hurdle",1.96946483574229e-20,-1.524018,-0.483209,1.040809,0.61
"32","Abhd2","hurdle",1.25510569444725e-23,-2.44404,-1.045088,1.398952,0.61
"582","Mea1","hurdle",8.88519196733005e-09,-0.09596781,0.43067413,0.52664194,0.609
"112","Atp9a","hurdle",5.0175340786151e-11,-0.82615782,-0.09953567,0.72662215,0.609
"778","Rassf7","hurdle",3.65419079838983e-11,-1.1413212,-0.3833286,0.7579926,0.608
"527","Krcc1","hurdle",2.5468731558252e-10,0.65912,1.18329,0.52417,0.608
"442","Hint3","hurdle",2.24499189900387e-12,-1.3813858,-0.5092982,0.8720876,0.608
"435","Hcfc1r1","hurdle",8.08934752062723e-12,0.01078568,0.61506211,0.60427643,0.608
"366","Gadd45g","hurdle",4.45284202098815e-18,-1.8580104,-0.7165594,1.141451,0.608
"350","Fdft1","hurdle",4.06265954841014e-16,-1.5267279,-0.4491414,1.0775865,0.608
"212","Cideb","hurdle",2.41368908079681e-12,-1.0425125,-0.2527136,0.7897989,0.608
"139","Bmp2","hurdle",5.35031165251061e-49,-3.104925,-1.235191,1.869734,0.608
"1054","Ubtd1","hurdle",7.24986558993249e-34,-2.866567,-1.340544,1.526023,0.607
"772","Rabgap1l","hurdle",1.53586792581315e-16,-1.718259,-0.666772,1.051487,0.607
"344","Fbxl21","hurdle",8.26442120141756e-51,-3.183997,-1.388162,1.795835,0.607
"149","Btbd16","hurdle",2.05082834762704e-87,-3.320752,-0.590522,2.73023,0.607
"124","Bak1","hurdle",1.7475268282258e-11,-0.5631234,0.1375035,0.7006269,0.607
"523","Klf4","hurdle",1.17823505983994e-16,-1.877335,-0.666772,1.210563,0.606
"470","Hspb11","hurdle",1.95005584829491e-15,-1.7499683,-0.7165594,1.0334089,0.606
"329","Fam188a","hurdle",1.18667540961525e-27,-2.34088,-0.9467401,1.3941399,0.606
"542","Leprot","hurdle",7.68420086058697e-12,-0.76809056,-0.04127628,0.72681428,0.605
"541","Lect2","hurdle",2.06198340339842e-34,-2.6015318,-0.5448344,2.0566974,0.605
"508","Jarid2","hurdle",3.45737497106266e-15,-1.9265879,-0.8885121,1.0380758,0.605
"705","Plek","hurdle",2.77234956858563e-72,-3.297426,-1.178272,2.119154,0.604
"688","Pigc","hurdle",5.76123250112217e-17,-1.9360129,-0.8435647,1.0924482,0.604
"347","Fbxo9","hurdle",5.49229647976356e-15,-1.4335126,-0.5005493,0.9329633,0.604
"158","Cacna2d2","hurdle",7.56537181248591e-67,-3.285902,-1.40439,1.881512,0.604
"50","Ahsa2","hurdle",5.44569670722722e-16,-1.8380992,-0.7999754,1.0381238,0.604
"1084","Zbp1","hurdle",9.14178908702467e-20,-1.8842694,-0.4918531,1.3924163,0.603
"514","Kctd13","hurdle",1.82624481252435e-22,-2.516255,-1.206451,1.309804,0.603
"509","Kalrn","hurdle",7.3726184632202e-54,-2.9495849,-0.7999754,2.1496095,0.603
"375","Gdpd1","hurdle",7.55158998589785e-12,-0.65983042,0.05682064,0.71665106,0.603
"258","Cyp51","hurdle",1.75255379813511e-15,-1.9247996,-0.8107499,1.1140497,0.603
"1003","Tmem9","hurdle",1.11473439208261e-12,-1.684582,-0.747278,0.937304,0.602
"964","Tcta","hurdle",8.05728386611673e-20,-2.261999,-1.045088,1.216911,0.602
"851","Shisa5","hurdle",1.87225304477493e-08,0.05585919,0.60293515,0.54707596,0.602
"752","Ptprc","hurdle",3.02310225934337e-67,-3.284755,-1.220749,2.064006,0.602
"309","Emc2","hurdle",1.16067318877134e-22,-1.118147,-0.1262036,0.9919434,0.602
"131","BC031181","hurdle",7.2923566968056e-11,0.4865191,1.0407276,0.5542085,0.602
"1073","Wbp2","hurdle",3.49476075148139e-13,-1.0664643,-0.2600781,0.8063862,0.601
"1072","Wbp1","hurdle",8.24097214153892e-09,-0.3751148,0.2192182,0.594333,0.601
"1042","Tuba4a","hurdle",9.51205227960751e-11,-0.83851996,-0.09953567,0.73898429,0.601
"837","Sema4a","hurdle",1.5242270516468e-11,-1.393083,-0.535868,0.857215,0.601
"795","Rilpl2","hurdle",4.21511243562463e-11,-0.68647479,0.06273576,0.74921055,0.601
"695","Pitpna","hurdle",1.34967383669668e-08,0.4129473,0.9318285,0.5188812,0.601
"440","Heph","hurdle",1.92323493335824e-21,-2.0391231,-0.7576646,1.2814585,0.601
"674","Pdcd10","hurdle",1.67415367037162e-12,-0.70093992,0.03291462,0.73385454,0.6
"460","Hotairm1","hurdle",1.19970706013912e-56,-3.244049,-1.325014,1.919035,0.6
"173","Car7","hurdle",1.5183412156401e-68,-3.293959,-0.8325433,2.4614157,0.6
"684","Pfkp","hurdle",3.19091656228042e-11,-1.424324,-0.535868,0.888456,0.599
"522","Kit","hurdle",2.1071298964545e-27,-2.863138,-1.437405,1.425733,0.599
"448","Hk1","hurdle",1.16177307227286e-49,-3.221922,-1.559298,1.662624,0.599
"118","B3gat3","hurdle",7.38870935025394e-14,-1.6238438,-0.6964378,0.927406,0.599
"919","Sra1","hurdle",1.07995127908867e-08,0.2165979,0.7310347,0.5144368,0.598
"653","Oas2","hurdle",1.07715401006369e-30,-2.941426,-1.388162,1.553264,0.598
"291","Dpysl2","hurdle",1.23991968177695e-44,-3.179725,-1.523408,1.656317,0.598
"163","Camk2d","hurdle",4.25052214729195e-10,-1.0261236,-0.2899177,0.7362059,0.598
"147","Bst2","hurdle",2.99145872307395e-10,0.9899628,1.675372,0.6854092,0.598
"106","Atp6v0d1","hurdle",6.50203713493316e-16,-1.5223269,-0.5538569,0.96847,0.598
"49","Ahnak2","hurdle",1.35357903473243e-68,-3.305547,-1.614864,1.690683,0.598
"428","H2-Ke6","hurdle",1.04427261769198e-09,-0.641174224,0.008605791,0.649780015,0.597
"421","Gstt1","hurdle",4.27559771176428e-09,-0.9407486,-0.2380965,0.7026521,0.597
"360","Fut2","hurdle",3.13219274788887e-60,-3.280175,-1.454201,1.825974,0.597
"290","Dpm2","hurdle",1.06690030878366e-08,-0.624569317,0.008605791,0.633175108,0.597
"166","Camkk2","hurdle",1.19632311540382e-19,-2.496863,-1.235191,1.261672,0.597
"661","Os9","hurdle",1.07491015771983e-11,-0.9216755,-0.1880723,0.7336032,0.596
"303","Egln2","hurdle",5.19014096900649e-08,-0.53642362,0.04491715,0.58134077,0.596
"62","Alkbh7","hurdle",3.4380350544773e-12,-1.1171256,-0.3515149,0.7656107,0.596
"48","Agt","hurdle",1.20902826409346e-43,-3.126344,-1.192293,1.934051,0.596
"1061","Ush1c","hurdle",1.47407763480758e-10,-0.7132346,-0.03494588,0.67828872,0.595
"1051","Ube2r2","hurdle",8.0209960789317e-09,-0.07090719,0.47570572,0.54661291,0.595
"953","Taf12","hurdle",2.15156458605115e-08,-1.1036602,-0.4746164,0.6290438,0.595
"929","St3gal6","hurdle",9.19542637282609e-09,-0.9502669,-0.2600781,0.6901888,0.595
"399","Gmfg","hurdle",2.53610657245374e-25,-2.8168,-1.388162,1.428638,0.595
"723","Pold4","hurdle",2.04961245695915e-13,-1.269072,-0.4158598,0.8532122,0.594
"1045","Tusc3","hurdle",7.95723885281732e-15,-1.4803522,-0.5448344,0.9355178,0.593
"1032","Tspan17","hurdle",3.64439634392854e-19,-2.44212,-1.206451,1.235669,0.593
"906","Sp100","hurdle",9.66914305516343e-14,-2.0118158,-0.9828394,1.0289764,0.593
"879","Slc4a2","hurdle",3.04313651780031e-15,-1.6494566,-0.6964378,0.9530188,0.593
"726","Pparg","hurdle",1.7294408418748e-30,-2.951404,-1.471194,1.48021,0.593
"529","Krt222","hurdle",6.4743968241745e-57,-3.280175,-1.471194,1.808981,0.593
"400","Gmpr","hurdle",5.42497881075008e-48,-3.213165,-1.30965,1.903515,0.593
"337","Fam57a","hurdle",1.26830434448457e-16,-2.414881,-1.264515,1.150366,0.593
"168","Cap1","hurdle",3.91122351055811e-15,-2.304965,-1.249778,1.055187,0.593
"1050","Ube2l6","hurdle",8.86125017214075e-18,-1.877768,-0.666772,1.210996,0.592
"260","Cyth2","hurdle",1.71112005644922e-09,-1.1509575,-0.4491414,0.7018161,0.592
"242","Crb3","hurdle",4.64971797717479e-09,0.01789285,0.5659304,0.54803755,0.592
"1031","Tspan15","hurdle",3.3881362407486e-09,-0.2364047,0.3263603,0.562765,0.591
"943","Sucnr1","hurdle",2.21400851303148e-65,-3.3009006,-0.9586731,2.3422275,0.591
"856","Sin3b","hurdle",2.55375334926937e-07,-0.6851497,-0.1061566,0.5789931,0.591
"677","Pde6d","hurdle",5.01768630774127e-13,-1.454967,-0.572073,0.882894,0.591
"571","Map1a","hurdle",1.23202687546638e-62,-3.303222,-1.614864,1.688358,0.591
"270","Dda1","hurdle",5.44215237048689e-10,-0.9277067,-0.2453865,0.6823202,0.591
"252","Cutal","hurdle",3.15492431387139e-44,-3.209895,-1.505792,1.704103,0.591
"181","Ccdc129","hurdle",9.33925280856522e-64,-3.304384,-1.614864,1.68952,0.591
"137","Bloc1s1","hurdle",6.50413732840743e-08,-0.7192277,-0.1329484,0.5862793,0.591
"24","A4galt","hurdle",1.6509609716697e-63,-3.303222,-1.437405,1.865817,0.591
"904","Sort1","hurdle",1.86609112663844e-08,-0.7634887,-0.112808,0.6506807,0.59
"751","Ptpra","hurdle",2.51985321994119e-11,-1.7468053,-0.8325433,0.914262,0.59
"577","Mapre2","hurdle",1.07029893398949e-17,-1.9013118,-0.8325433,1.0687685,0.59
"471","Htatip2","hurdle",9.06816346313915e-11,-1.1952699,-0.3753092,0.8199607,0.59
"336","Fam49b","hurdle",3.28960954967493e-07,-0.8387304,-0.2674803,0.5712501,0.59
"185","Ccser2","hurdle",2.20774854401732e-10,-1.5922769,-0.7369656,0.8553113,0.59
"170","Capn1","hurdle",4.96167949645694e-08,-0.9539095,-0.2974751,0.6564344,0.59
"138","Bloc1s2","hurdle",3.93079164598241e-08,-0.2190426,0.3312691,0.5503117,0.59
"886","Slmo2","hurdle",5.67092913526317e-09,0.07966139,0.67034454,0.59068315,0.589
"867","Slc25a24","hurdle",1.94936300677834e-14,-2.353454,-1.294447,1.059007,0.589
"707","Plekhb2","hurdle",2.54105781116432e-12,-0.74246757,0.01472151,0.75718908,0.589
"672","Pbxip1","hurdle",1.75815422486971e-10,-1.684204,-0.9828394,0.7013646,0.589
"603","Mrpl46","hurdle",5.39447642881723e-08,-0.2700649,0.291523,0.5615879,0.589
"472","Hyal2","hurdle",2.9956237617933e-10,-1.304384,-0.5448344,0.7595496,0.589
"16","4632411P08Rik","hurdle",1.47811729287119e-39,-3.154359,-1.488389,1.66597,0.589
"942","Stxbp3","hurdle",8.04749380186068e-14,-1.9532258,-0.9828394,0.9703864,0.588
"842","Serpini1","hurdle",8.89854706712309e-50,-3.261999,-1.523408,1.738591,0.588
"709","Plekho2","hurdle",2.9832608847611e-53,-3.280175,-1.614864,1.665311,0.588
"434","Hap1","hurdle",1.50977978204868e-33,-2.976192,-1.388162,1.58803,0.588
"385","Glyctk","hurdle",7.91454741552041e-29,-2.982688,-1.523408,1.45928,0.588
"282","Dmxl2","hurdle",1.84050679382759e-51,-3.273332,-1.672657,1.600675,0.588
"154","C2cd4b","hurdle",2.94132948789819e-31,-3.043482,-1.420803,1.622679,0.588
"719","Pnrc1","hurdle",1.5617423494549e-09,-0.68439311,-0.04127628,0.64311683,0.587
"628","Neat1","hurdle",1.04016963513765e-07,-0.6921674,-0.04127628,0.65089112,0.587
"473","Id2","hurdle",5.34893214082836e-11,-0.92793058,0.02081141,0.94874199,0.587
"387","Gm11496","hurdle",1.51260705076101e-55,-3.2882,-1.40439,1.88381,0.587
"240","Cpvl","hurdle",5.57809687249942e-44,-3.23405,-1.614864,1.619186,0.587
"1026","Tsc22d1","hurdle",1.10075614198944e-07,-0.2687884,0.3065564,0.5753448,0.586
"974","Tmbim4","hurdle",3.36700549076388e-09,-0.1802585,0.4533656,0.6336241,0.586
"959","Tbc1d1","hurdle",2.02110671192799e-10,-1.6868536,-0.8325433,0.8543103,0.586
"815","Rtp4","hurdle",1.90974414099214e-09,-0.6300224,0.1762136,0.806236,0.586
"580","Marveld3","hurdle",7.2754375394897e-15,-1.3682633,-0.5269569,0.8413064,0.586
"466","Hrsp12","hurdle",6.10603213205099e-07,-0.8236564,-0.2380965,0.5855599,0.586
"254","Cyb561","hurdle",2.227309602657e-09,-0.7555201,-0.1061566,0.6493635,0.586
"215","Ckap4","hurdle",4.26509663314328e-30,-3.024208,-1.454201,1.570007,0.586
"201","Cfb","hurdle",3.1207273844998e-18,-1.555148,-0.637704,0.917444,0.586
"1010","Tppp3","hurdle",1.12648118474255e-33,-2.9845499,-0.9707057,2.0138442,0.585
"920","Srebf2","hurdle",4.84890817572729e-08,-1.4705357,-0.7892808,0.6812549,0.585
"718","Pnpla6","hurdle",4.07635294640757e-25,-2.2535575,-0.8107499,1.4428076,0.585
"696","Pklr","hurdle",7.2229727108697e-09,-1.553075,-0.747278,0.805797,0.585
"228","Col15a1","hurdle",2.06938863249269e-58,-3.303222,-1.559298,1.743924,0.585
"199","Ceacam2","hurdle",2.44697365423648e-44,-3.242935,-1.596103,1.646832,0.585
"999","Tmem65","hurdle",3.06404768365515e-15,-2.360084,-1.249778,1.110306,0.584
"780","Rbpms","hurdle",9.76516081293728e-49,-3.268788,-1.471194,1.797594,0.584
"768","Rab3ip","hurdle",2.51648975571899e-06,-0.6633671,-0.1262036,0.5371635,0.584
"548","Lman2l","hurdle",4.93358699119012e-12,-2.200669,-1.249778,0.950891,0.584
"520","Kif5b","hurdle",3.7865692631159e-07,0.4056815,0.9155781,0.5098966,0.584
"501","Itgb4","hurdle",8.27862864174318e-09,-1.7147788,-0.9586731,0.7561057,0.584
"437","Hdac1","hurdle",2.54443988751885e-07,-0.9545935,-0.3436699,0.6109236,0.584
"209","Chmp6","hurdle",2.62586389056307e-07,-0.54773222,0.03892837,0.58666059,0.584
"1078","Xaf1","hurdle",1.44416697872349e-09,-1.3278239,-0.4746164,0.8532075,0.583
"1015","Trappc2l","hurdle",1.29507159852162e-06,-0.1375624,0.3651709,0.5027333,0.583
"1012","Tradd","hurdle",5.26025538873481e-08,-0.9150035,-0.2749207,0.6400828,0.583
"935","Stk38","hurdle",1.49781259689515e-08,-1.240709,-0.535868,0.704841,0.583
"912","Spint1","hurdle",1.63739203867067e-06,-0.45884336,0.05682064,0.515664,0.583
"800","Rmdn1","hurdle",9.25419868143293e-17,-2.032368,-0.9586731,1.0736949,0.583
"717","Pnpla3","hurdle",2.66970372718098e-54,-3.292805,-1.672657,1.620148,0.583
"608","Mthfsl","hurdle",9.18588717457314e-15,-1.238208,-0.3995025,0.8387055,0.583
"606","Msmo1","hurdle",3.0586811172644e-16,-1.9017515,-0.6473284,1.2544231,0.583
"592","Mid1ip1","hurdle",1.05140768170199e-07,-1.307002,-0.581268,0.725734,0.583
"463","Hoxaas3","hurdle",1.9193357667624e-29,-3.05029,-1.541241,1.509049,0.583
"245","Crot","hurdle",6.3223285806391e-10,-1.6879906,-0.8546709,0.8333197,0.583
"1088","Zfand3","hurdle",3.03986467905999e-09,-1.6223939,-0.8546709,0.767723,0.582
"1077","Wwp2","hurdle",1.03576113132983e-09,-1.896923,-1.057866,0.839057,0.582
"878","Slc44a4","hurdle",3.00110772643192e-19,-2.0004708,-0.8658633,1.1346075,0.582
"829","Sdcbp","hurdle",1.16256777147645e-09,0.1858924,0.7640833,0.5781909,0.582
"799","Rit1","hurdle",1.12316976891923e-09,-1.933314,-1.096896,0.836418,0.582
"681","Pet100","hurdle",1.57133463161007e-07,-0.45013589,0.09772603,0.54786192,0.582
"555","Lrpap1","hurdle",1.05660706941996e-11,-1.2006692,-0.4324046,0.7682646,0.582
"547","Litaf","hurdle",3.72535296520144e-10,-0.8569444,-0.1602471,0.6966973,0.582
"263","Dapk3","hurdle",1.21375112526378e-06,-1.0913219,-0.5092982,0.5820237,0.582
"208","Chmp5","hurdle",2.28364082927831e-09,-0.3166424,0.2814129,0.5980553,0.582
"88","Arl8a","hurdle",5.63033311153409e-13,-2.360084,-1.325014,1.03507,0.582
"1027","Tsc22d4","hurdle",3.76477633045159e-07,-0.63239178,-0.07985331,0.55253847,0.581
"738","Prom1","hurdle",1.25938426931698e-06,-0.4619196,0.12625,0.5881696,0.581
"632","Nek8","hurdle",4.77314456337961e-23,-2.969724,-1.672657,1.297067,0.581
"458","Hopx","hurdle",4.99088379648623e-11,-2.015617,-1.083768,0.931849,0.581
"455","Hmx3","hurdle",1.2310332579999e-56,-3.307876,-1.732861,1.575015,0.581
"1046","Txndc16","hurdle",1.30550782125498e-15,-2.610846,-1.471194,1.139652,0.58
"1011","Tprgl","hurdle",3.56745790199941e-07,-0.8501402,-0.2749207,0.5752195,0.58
"882","Slc6a6","hurdle",2.11347605950205e-06,-0.8997741,-0.3281067,0.5716674,0.58
"481","Igsf5","hurdle",1.08115541818182e-07,-1.589087,-0.934905,0.654182,0.58
"325","Fam101a","hurdle",2.48635948043738e-51,-3.2882,-1.672657,1.615543,0.58
"850","Shf","hurdle",7.15152098236771e-14,-2.559304,-1.523408,1.035896,0.579
"482","Igsf8","hurdle",3.01355403189338e-08,-1.6029609,-0.8546709,0.74829,0.579
"441","Herpud1","hurdle",8.75145507293719e-06,-0.776129,-0.2527136,0.5234154,0.579
"383","Gimap9","hurdle",1.3979487636914e-15,-2.388762,-1.264515,1.124247,0.579
"167","Camta2","hurdle",9.85435089149125e-12,-2.20935,-1.249778,0.959572,0.579
"75","Apol9b","hurdle",5.07032622505233e-17,-2.0873158,-0.8999712,1.1873446,0.579
"39","Ackr4","hurdle",1.39092723614606e-58,-3.304384,-1.861376,1.443008,0.579
"18","4833439L19Rik","hurdle",7.89189179799541e-06,-0.813487,-0.2899177,0.5235693,0.579
"933","Stard5","hurdle",1.31289239366073e-17,-1.941426,-0.911522,1.029904,0.578
"880","Slc4a8","hurdle",2.13859704656926e-50,-3.296269,-1.77444,1.521829,0.578
"589","Mgll","hurdle",3.58734768112733e-30,-3.140802,-1.692447,1.448355,0.578
"430","H2-T22","hurdle",1.76980983461811e-17,-1.3971059,-0.4746164,0.9224895,0.578
"422","Gtf2b","hurdle",1.24462054846537e-07,-1.5437813,-0.8435647,0.7002166,0.578
"141","Bnip3","hurdle",1.46218334065951e-27,-2.990149,-1.559298,1.430851,0.578
"1081","Ypel2","hurdle",1.40189316165486e-23,-2.855453,-1.488389,1.367064,0.577
"966","Tgoln1","hurdle",1.11367535058162e-06,-1.20094,-0.572073,0.628867,0.577
"623","Ncstn","hurdle",2.4258561368574e-07,-1.1823934,-0.5181005,0.6642929,0.577
"537","Larp1b","hurdle",1.36734596584318e-07,-0.714972,-0.1061566,0.6088154,0.577
"278","Dhx32","hurdle",1.15318591663872e-09,-1.1725456,-0.4660747,0.7064709,0.577
"84","Arhgef28","hurdle",2.91974139508962e-11,-2.193654,-1.235191,0.958463,0.577
"76","Arf3","hurdle",1.55264283054612e-06,-1.0149038,-0.4158598,0.599044,0.577
"1016","Trappc6b","hurdle",1.05798974545158e-07,-0.6424595,-0.092945,0.5495145,0.576
"881","Slc50a1","hurdle",4.05154639241961e-06,-0.65871537,-0.08638431,0.57233106,0.576
"769","Rab4a","hurdle",7.75671850000176e-07,-1.0061321,-0.4241085,0.5820236,0.576
"652","Oas1g","hurdle",2.05027263194738e-13,-2.27618,-1.235191,1.040989,0.576
"335","Fam49a","hurdle",3.97978694566224e-25,-3.05713,-1.692447,1.364683,0.576
"328","Fam174a","hurdle",7.50218379212933e-08,-1.4145669,-0.7369656,0.6776013,0.576
"236","Cpm","hurdle",1.10562620395919e-14,-2.587318,-1.40439,1.182928,0.576
"54","Akirin1","hurdle",2.69908296666547e-07,-1.684961,-1.019865,0.665096,0.576
"36","Acacb","hurdle",2.14304400176002e-22,-2.996709,-1.732861,1.263848,0.576
"1089","Zfand5","hurdle",2.37712184365106e-05,-0.47445428,0.03291462,0.5073689,0.575
"877","Slc44a3","hurdle",1.01274717977108e-06,-1.5314826,-0.8771433,0.6543393,0.575
"864","Slc22a18","hurdle",3.1071260435088e-08,-1.802362,-1.007417,0.794945,0.575
"775","Rap1b","hurdle",3.14943715216927e-07,-0.9559625,-0.3515149,0.6044476,0.575
"698","Pkp1","hurdle",8.57881859194129e-09,-1.840204,-1.007417,0.832787,0.575
"669","Palld","hurdle",1.96103121801339e-12,-2.52368,-1.523408,1.000272,0.575
"568","Madd","hurdle",2.84948462552774e-11,-2.302641,-1.356242,0.946399,0.575
"74","Apol9a","hurdle",4.74990125533319e-14,-1.9292745,-0.6964378,1.2328367,0.575
"56","Akr1b3","hurdle",1.83537087713797e-10,-2.333151,-1.437405,0.895746,0.575
"1040","Ttll8","hurdle",5.1233251634711e-34,-3.218632,-1.732861,1.485771,0.574
"1029","Tspan1","hurdle",5.89662266876403e-06,-0.61156547,-0.02864314,0.58292233,0.574
"1001","Tmem86a","hurdle",7.23602797171975e-07,-1.4892445,-0.8107499,0.6784946,0.574
"968","Tlcd2","hurdle",7.11545257539828e-16,-2.699793,-1.692447,1.007346,0.574
"586","Mfn2","hurdle",1.50365430830572e-09,-1.7405,-0.934905,0.805595,0.574
"535","Lamtor3","hurdle",1.17550466846878e-06,-0.8769031,-0.2823997,0.5945034,0.574
"246","Cryba2","hurdle",9.83358321207798e-30,-3.111012,-1.753501,1.357511,0.574
"223","Cmip","hurdle",2.59856563107381e-06,-0.9667315,-0.407658,0.5590735,0.574
"172","Car2","hurdle",9.46413098220949e-27,-2.800312,-1.178272,1.62204,0.574
"37","Acad12","hurdle",1.66151116839806e-18,-2.792953,-1.559298,1.233655,0.574
"3","1110059E24Rik","hurdle",1.02847050175928e-05,-0.9161134,-0.3913929,0.5247205,0.574
"917","Sqle","hurdle",5.06617144764504e-12,-2.182393,-1.123515,1.058878,0.573
"386","Glyr1","hurdle",2.01582401541461e-06,-0.9241296,-0.3753092,0.5488204,0.573
"287","Dnm2","hurdle",3.45818496315336e-06,-1.4236929,-0.8216054,0.6020875,0.573
"1071","Vta1","hurdle",3.81039148139749e-07,-1.303222,-0.637704,0.665518,0.572
"962","Tbx3","hurdle",2.55643830283245e-08,-1.811834,-1.220749,0.591085,0.572
"889","Smim12","hurdle",2.2639768513824e-06,-0.9665015,-0.3913929,0.5751086,0.572
"566","Lzts2","hurdle",1.46352207476262e-05,-1.1325227,-0.5629362,0.5695865,0.572
"489","Il25","hurdle",2.35620493735896e-53,-3.313714,-1.732861,1.580853,0.572
"370","Gch1","hurdle",8.29978183878344e-09,-2.062035,-1.235191,0.826844,0.572
"214","Cited4","hurdle",1.00855762139977e-07,-1.2847552,-0.5448344,0.7399208,0.572
"164","Camk2n1","hurdle",1.21220452453693e-09,-0.71034362,-0.09953567,0.61080795,0.572
"148","Btbd1","hurdle",1.65002793003504e-05,-0.9085832,-0.3753092,0.533274,0.572
"14","2310001H17Rik","hurdle",1.56330413069375e-06,-1.3125447,-0.6473284,0.6652163,0.572
"1057","Umad1","hurdle",1.86505499909268e-05,-2.650934,-1.965881,0.685053,0.571
"874","Slc37a1","hurdle",3.48587137568106e-07,-1.845269,-1.13701,0.708259,0.571
"763","Rab18","hurdle",5.20437994017055e-06,-0.7101511,-0.1810656,0.5290855,0.571
"271","Ddah1","hurdle",7.21707007765865e-23,-3.076852,-1.77444,1.302412,0.571
"194","Cdk2","hurdle",4.33541210339872e-08,-1.5065265,-0.7786649,0.7278616,0.571
"190","Cdc42se1","hurdle",9.62515829941429e-07,-0.9412005,-0.3753092,0.5658913,0.571
"805","Rogdi","hurdle",6.39578826595537e-12,-2.60941,-1.633872,0.975538,0.57
"739","Prorsd1","hurdle",7.9419461580908e-06,-1.4803522,-0.8999712,0.580381,0.57
"378","Gga2","hurdle",6.18866539880851e-14,-2.245165,-1.249778,0.995387,0.57
"298","Dyrk4","hurdle",2.43185108975556e-49,-3.298583,-1.123515,2.175068,0.57
"202","Cflar","hurdle",8.03190169302142e-08,-1.934213,-1.178272,0.755941,0.57
"155","C77080","hurdle",4.98490961509019e-05,-1.0649864,-0.5629362,0.5020502,0.57
"82","Arhgap8","hurdle",3.2202453040883e-10,-2.164874,-1.279403,0.885471,0.57
"12","2210013O21Rik","hurdle",2.08562415881344e-05,-1.2219218,-0.6473284,0.5745934,0.57
"1023","Trmt13","hurdle",1.10010177197991e-09,-2.211529,-1.340544,0.870985,0.569
"1019","Trim31","hurdle",1.28659377421776e-07,-1.487594,-0.747278,0.740316,0.569
"804","Rnf181","hurdle",2.37760036411319e-05,-1.014666,-0.5092982,0.5053678,0.569
"710","Plekhs1","hurdle",1.25455899210762e-40,-3.284755,-1.817253,1.467502,0.569
"401","Gna13","hurdle",6.49564523502741e-06,-0.7664882,-0.2308431,0.5356451,0.569
"45","Adprh","hurdle",5.81723553748357e-07,-1.6906472,-0.9950761,0.6955711,0.569
"1014","Trappc2","hurdle",1.70129453603356e-22,-2.91456,-1.672657,1.241903,0.568
"888","Smg7","hurdle",4.32503294447048e-09,-2.054683,-1.235191,0.819492,0.568
"811","Rsph9","hurdle",4.37548616290817e-34,-3.254119,-1.977974,1.276145,0.568
"701","Plcb2","hurdle",2.41866600329284e-45,-3.304384,-1.906891,1.397493,0.568
"408","Golgb1","hurdle",7.59108198969824e-06,-0.8215752,-0.3050722,0.516503,0.568
"265","Dcaf11","hurdle",9.92078659847554e-07,-0.59494046,-0.06687934,0.52806112,0.568
"227","Cnksr1","hurdle",6.33711978567185e-11,-2.544811,-1.596103,0.948708,0.568
"130","BC029214","hurdle",3.01995488125458e-06,-1.68307,-1.045088,0.637982,0.568
"790","Rgs19","hurdle",8.28881528153635e-14,-2.790508,-1.732861,1.057647,0.567
"706","Plekha6","hurdle",8.85338004040827e-06,-1.047855,-0.4660747,0.5817803,0.567
"635","Nfatc1","hurdle",9.43110823500021e-21,-3.008971,-1.817253,1.191718,0.567
"340","Fam83e","hurdle",7.02493015592112e-06,-1.4679292,-0.8435647,0.6243645,0.567
"286","Dnase1l1","hurdle",7.04049452241187e-10,-2.502853,-1.633872,0.868981,0.567
"95","Atat1","hurdle",7.91352819897255e-08,-2.05029,-1.249778,0.800512,0.567
"79","Arhgap1","hurdle",6.5115922682629e-06,-1.4889142,-0.8771433,0.6117709,0.567
"26","Abca3","hurdle",9.83191862234365e-11,-2.027562,-1.150634,0.876928,0.567
"925","Ssbp4","hurdle",7.64414906126231e-05,-0.7246623,-0.223626,0.5010363,0.566
"612","Mxd1","hurdle",4.25884036160225e-09,-1.947768,-1.279403,0.668365,0.566
"518","Kdm7a","hurdle",8.07490073912162e-09,-2.196348,-1.356242,0.840106,0.566
"476","Ifit1","hurdle",4.37719172569252e-15,-2.551694,-0.6186456,1.9330484,0.566
"424","Gyg","hurdle",7.1774453273629e-09,-1.847809,-1.045088,0.802721,0.566
"372","Gcnt1","hurdle",1.19480176760799e-46,-3.309042,-1.883954,1.425088,0.566
"127","BC016579","hurdle",3.86282194276186e-13,-2.773512,-1.753501,1.020011,0.566
"65","Ampd3","hurdle",4.33578880685013e-15,-2.7711,-1.672657,1.098443,0.566
"41","Actr2","hurdle",1.0774919600197e-07,-1.216716,-0.5998358,0.6168802,0.566
"15","3830406C13Rik","hurdle",2.6990571898642e-07,-1.6665389,-0.9467401,0.7197988,0.566
"2","1110032A03Rik","hurdle",6.73648670511714e-06,-1.714393,-1.096896,0.617497,0.566
"1094","Zfp710","hurdle",3.66566276904408e-11,-2.423062,-1.437405,0.985657,0.565
"1036","Tstd3","hurdle",3.27313547223387e-12,-2.726024,-1.712513,1.013511,0.565
"1028","Tslp","hurdle",9.69090318339765e-37,-3.221922,-1.505792,1.71613,0.565
"798","Ripk3","hurdle",1.16059401834529e-12,-1.7213603,-0.8771433,0.844217,0.565
"777","Rassf6","hurdle",1.23937538001099e-13,-2.603676,-1.541241,1.062435,0.565
"771","Rabgap1","hurdle",2.31898822136027e-07,-2.153835,-1.454201,0.699634,0.565
"524","Klf7","hurdle",3.09765681381156e-07,-2.017045,-1.372114,0.644931,0.565
"499","Itfg1","hurdle",3.20507985988871e-06,-1.873019,-1.220749,0.65227,0.565
"485","Il11ra1","hurdle",2.09515881227508e-11,-2.388762,-1.420803,0.967959,0.565
"356","Fnbp1","hurdle",3.11672594478344e-19,-2.8908,-1.692447,1.198353,0.565
"269","Dcxr","hurdle",1.61619185636886e-05,-1.255523,-0.666772,0.588751,0.565
"114","Atxn10","hurdle",7.90360102502582e-06,-1.5321631,-0.8999712,0.6321919,0.565
"68","Ankrd12","hurdle",2.75609188927567e-08,-2.173342,-1.356242,0.8171,0.565
"1093","Zfp652","hurdle",2.21971094800995e-05,-1.5582635,-0.9707057,0.5875578,0.564
"938","Stra6l","hurdle",1.56065512028179e-07,-2.14184,-1.356242,0.785598,0.564
"844","Sez6l2","hurdle",8.75624395542884e-30,-3.246281,-2.078551,1.16773,0.564
"784","Ren1","hurdle",2.72848155410855e-47,-3.314885,-1.839146,1.475739,0.564
"765","Rab27a","hurdle",2.64632683893175e-20,-3.064002,-1.712513,1.351489,0.564
"679","Pde9a","hurdle",1.06967639075851e-06,-2.014666,-1.30965,0.705016,0.564
"634","Neurl1a","hurdle",9.44681264443333e-44,-3.310208,-2.10483,1.205378,0.564
"521","Kirrel3","hurdle",4.45724659004107e-44,-3.310208,-1.977974,1.332234,0.564
"505","Iyd","hurdle",4.69153354207083e-14,-2.786443,-1.653134,1.133309,0.564
"411","Gpr108","hurdle",5.97852511755921e-06,-1.3281193,-0.7369656,0.5911537,0.564
"241","Cr1l","hurdle",3.16492208777937e-09,-1.0883162,-0.4491414,0.6391748,0.564
"238","Cpne5","hurdle",9.46474709877332e-43,-3.302061,-1.953888,1.348173,0.564
"97","Atg3","hurdle",0.000140017579281113,-1.1384688,-0.6281433,0.5103255,0.564
"1017","Trim12a","hurdle",1.38839061285378e-08,-2.392465,-1.541241,0.851224,0.563
"941","Stx8","hurdle",7.96129625501769e-05,-1.266522,-0.747278,0.519244,0.563
"595","Mkrn2os","hurdle",7.20198032358804e-05,-0.9243529,-0.3913929,0.53296,0.563
"396","Gm7676","hurdle",2.5465747329946e-31,-3.220824,-1.861376,1.359448,0.563
"86","Arl3","hurdle",1.51361447982728e-09,-2.169631,-1.30965,0.859981,0.563
"33","Abhd5","hurdle",1.55891218036702e-22,-2.585904,-1.40439,1.181514,0.563
"1076","Wsb2","hurdle",8.26520431443573e-05,-1.3866068,-0.8325433,0.5540635,0.562
"918","Sqstm1","hurdle",8.13785405092848e-06,-1.854602,-1.178272,0.67633,0.562
"743","Prss30","hurdle",9.36627520908094e-17,-2.848656,-1.488389,1.360267,0.562
"714","Plpp6","hurdle",6.55182628241205e-07,-1.687233,-1.019865,0.667368,0.562
"703","Pld2","hurdle",2.64124490625258e-11,-2.728362,-1.77444,0.953922,0.562
"642","Nradd","hurdle",3.08989030349864e-08,-2.285902,-1.420803,0.865099,0.562
"444","Hist1h1c","hurdle",9.02927195375281e-05,-1.2118014,-0.6281433,0.5836581,0.562
"988","Tmem236","hurdle",3.1735631376422e-09,-2.155407,-1.325014,0.830393,0.561
"981","Tmem150b","hurdle",2.34745779297989e-08,-2.453677,-1.633872,0.819805,0.561
"950","Syne2","hurdle",6.28103046561352e-05,-1.618414,-1.057866,0.560548,0.561
"854","Sigirr","hurdle",1.65883979130778e-06,-2.143399,-1.454201,0.689198,0.561
"745","Psd3","hurdle",1.67954956150178e-08,-2.416136,-1.577583,0.838553,0.561
"646","Nsf","hurdle",3.49605653274844e-06,-2.040091,-1.356242,0.683849,0.561
"557","Lrrk1","hurdle",2.16363284134183e-05,-1.81266,-1.206451,0.606209,0.561
"380","Gimap3","hurdle",8.00030058460444e-35,-3.280175,-1.795688,1.484487,0.561
"183","Ccdc92","hurdle",1.62673632089842e-28,-3.241821,-1.977974,1.263847,0.561
"992","Tmem42","hurdle",2.48821549042696e-05,-1.759499,-1.150634,0.608865,0.56
"519","Kif21b","hurdle",2.76289544540045e-10,-2.696738,-1.795688,0.90105,0.56
"374","Gdi1","hurdle",1.35157213725589e-06,-1.920784,-1.235191,0.685593,0.56
"280","Dio1","hurdle",3.92130637446265e-09,-2.404252,-1.505792,0.89846,0.56
"78","Arfgap3","hurdle",7.83766268780445e-05,-1.2942475,-0.7576646,0.5365829,0.56
"969","Tle3","hurdle",4.06038562505564e-05,-1.727582,-1.206451,0.521131,0.559
"843","Sertad1","hurdle",1.370400639357e-05,-1.891673,-1.235191,0.656482,0.559
"588","Mgat3","hurdle",1.20664968581171e-06,-2.14236,-1.505792,0.636568,0.559
"339","Fam83d","hurdle",4.61231343393244e-08,-2.327233,-1.420803,0.90643,0.559
"305","Eid1","hurdle",1.10468970143188e-08,-2.534547,-1.732861,0.801686,0.559
"94","Aspa","hurdle",3.83953960830023e-17,-2.684582,-1.40439,1.280192,0.559
"4","1700011H14Rik","hurdle",3.50629563474139e-25,-3.134588,-1.437405,1.697183,0.559
"1055","Uckl1","hurdle",3.61176728819388e-05,-1.731094,-1.13701,0.594084,0.558
"839","Sept8","hurdle",2.99193294314592e-12,-2.695213,-1.712513,0.9827,0.558
"574","Map4k4","hurdle",7.59988273341768e-05,-1.72369,-1.13701,0.58668,0.558
"450","Hmgcr","hurdle",3.93884783517315e-06,-2.124804,-1.437405,0.687399,0.558
"446","Hivep2","hurdle",2.92949328231359e-14,-2.763089,-1.712513,1.050576,0.558
"85","Arl14","hurdle",6.37286871441429e-06,-1.3373075,-0.6964378,0.6408697,0.558
"80","Arhgap31","hurdle",1.7822053271309e-12,-2.7711,-1.77444,0.99666,0.558
"1075","Wdr83","hurdle",0.000280005743849388,-1.577451,-1.070759,0.506692,0.557
"885","Slfn2","hurdle",2.42173604602041e-12,-2.440203,-1.388162,1.052041,0.557
"872","Slc35a2","hurdle",1.47974859858728e-05,-1.906155,-1.279403,0.626752,0.557
"812","Rtkn","hurdle",2.60711513845675e-06,-1.4728202,-0.8546709,0.6181493,0.557
"729","Ppp1r9b","hurdle",2.50254379604351e-09,-2.572543,-1.672657,0.899886,0.557
"704","Pld3","hurdle",2.89549748267293e-08,-2.322517,-1.523408,0.799109,0.557
"613","Myadm","hurdle",9.09742158065216e-06,-1.961452,-1.30965,0.651802,0.557
"507","Jade1","hurdle",0.00010524731914013,-1.641725,-1.083768,0.557957,0.557
"31","Abhd18","hurdle",1.11873076760064e-09,-2.70669,-1.817253,0.889437,0.557
"1022","Trip12","hurdle",0.000337868064160047,-1.51155,-1.007417,0.504133,0.556
"956","Tank","hurdle",1.13776269551633e-05,-2.062035,-1.40439,0.657645,0.556
"949","Svil","hurdle",2.12271257643138e-06,-2.242935,-1.523408,0.719527,0.556
"873","Slc35a3","hurdle",3.19878132863574e-05,-1.2942475,-0.7576646,0.5365829,0.556
"862","Slc16a6","hurdle",2.0746554646969e-06,-2.270491,-1.577583,0.692908,0.556
"834","Sec23b","hurdle",0.000258894552149538,-1.624932,-1.096896,0.528036,0.556
"803","Rnf14","hurdle",2.63483826402974e-05,-2.055661,-1.454201,0.60146,0.556
"786","Rgl2","hurdle",1.97985041838847e-05,-1.995301,-1.356242,0.639059,0.556
"722","Polb","hurdle",0.000130600829162213,-1.674405,-1.110144,0.564261,0.556
"565","Lyrm1","hurdle",3.76312293815653e-08,-2.40737,-1.596103,0.811267,0.556
"447","Hivep3","hurdle",1.15454700765039e-19,-3.152265,-2.027386,1.124879,0.556
"433","Hacd3","hurdle",0.000270209397803653,-1.3949381,-0.8885121,0.506426,0.556
"225","Cmtm8","hurdle",3.70794568139106e-16,-2.966042,-1.77444,1.191602,0.556
"146","Bscl2","hurdle",7.61335783937813e-05,-1.338795,-0.7892808,0.5495142,0.556
"982","Tmem151a","hurdle",2.36957815420038e-35,-3.302061,-1.953888,1.348173,0.555
"792","Rgs22","hurdle",5.88597796301615e-39,-3.311376,-2.10483,1.206546,0.555
"655","Oasl1","hurdle",8.46191807306043e-09,-2.279032,-1.220749,1.058283,0.555
"395","Gm609","hurdle",3.87597769239139e-17,-3.111012,-2.027386,1.083626,0.555
"393","Gm17660","hurdle",4.64294717329871e-42,-3.317229,-2.052741,1.264488,0.555
"313","Enpp5","hurdle",4.36522070890298e-15,-2.673279,-1.653134,1.020145,0.555
"272","Ddah2","hurdle",6.48633284890061e-15,-3.043482,-1.977974,1.065508,0.555
"255","Cyb561d2","hurdle",0.00030540870093367,-1.361293,-0.8325433,0.5287497,0.555
"247","Cryzl1","hurdle",3.361789718615e-05,-1.1133019,-0.5998358,0.5134661,0.555
"19","4930427A07Rik","hurdle",3.30742125318223e-05,-1.991552,-1.388162,0.60339,0.555
"1002","Tmem86b","hurdle",1.04973491881541e-05,-2.039123,-1.30965,0.729473,0.554
"802","Rnf103","hurdle",2.49298114350533e-07,-2.333151,-1.559298,0.773853,0.554
"754","Ptprj","hurdle",1.51977178832736e-08,-2.660574,-1.817253,0.843321,0.554
"540","Ldlr","hurdle",6.43467080574115e-05,-1.923906,-1.325014,0.598892,0.554
"500","Itgb1bp1","hurdle",3.53151199812156e-06,-2.015142,-1.325014,0.690128,0.554
"469","Hspa4l","hurdle",3.30704597789068e-05,-2.003299,-1.356242,0.647057,0.554
"407","Gnptg","hurdle",0.000122020247201814,-1.917224,-1.356242,0.560982,0.554
"390","Gm15658","hurdle",3.14216034503739e-16,-2.927931,-1.795688,1.132243,0.554
"346","Fbxo8","hurdle",0.000130210041390204,-1.859718,-1.294447,0.565271,0.554
"174","Card10","hurdle",2.25269998288334e-06,-2.304384,-1.577583,0.726801,0.554
"132","BC048546","hurdle",1.73524114661685e-28,-3.266522,-1.977974,1.288548,0.554
"61","Alkbh5","hurdle",0.000315889650099613,-1.710921,-1.206451,0.50447,0.554
"1068","Vmn2r26","hurdle",1.70217075293261e-39,-3.317229,-2.215013,1.102216,0.553
"1039","Ttll7","hurdle",5.14181187360019e-19,-3.182928,-2.131597,1.051331,0.553
"975","Tmc6","hurdle",0.000101521318413933,-1.98455,-1.420803,0.563747,0.553
"936","Stk40","hurdle",5.32178566315142e-05,-1.982688,-1.372114,0.610574,0.553
"821","Samd10","hurdle",5.44486076357161e-05,-2.068931,-1.471194,0.597737,0.553
"797","Riok3","hurdle",0.00011430818114398,-1.629658,-1.083768,0.54589,0.553
"762","Rab13","hurdle",1.69234866428146e-05,-2.197967,-1.577583,0.620384,0.553
"721","Pofut2","hurdle",0.000275073969640462,-1.801542,-1.264515,0.537027,0.553
"587","Mfsd6","hurdle",9.38682109010446e-06,-2.153311,-1.471194,0.682117,0.553
"429","H2-Q7","hurdle",2.50356571815297e-06,-1.0316461,-0.3833286,0.6483175,0.553
"275","Ddx58","hurdle",3.66645204364959e-06,-2.330189,-1.633872,0.696317,0.553
"239","Cptp","hurdle",0.000146864362063232,-1.903952,-1.340544,0.563408,0.553
"53","Ak7","hurdle",4.51159703463486e-17,-2.954137,-1.839146,1.114991,0.553
"52","Aip","hurdle",0.000165714366023137,-1.886878,-1.325014,0.561864,0.553
"1095","Zfp87","hurdle",5.49196245413016e-07,-2.464028,-1.712513,0.751515,0.552
"671","Parp12","hurdle",0.00024338667497426,-1.850777,-1.279403,0.571374,0.552
"622","Ncoa1","hurdle",5.03380229729918e-05,-2.086816,-1.471194,0.615622,0.552
"609","Mtmr11","hurdle",6.00266001521457e-14,-2.968803,-1.906891,1.061912,0.552
"334","Fam3b","hurdle",1.03433094063514e-07,-2.570444,-1.712513,0.857931,0.552
"284","Dnajb9","hurdle",7.78917382656337e-10,-2.222471,-1.30965,0.912821,0.552
"273","Ddhd2","hurdle",1.76600162753043e-05,-2.066957,-1.541241,0.525716,0.552
"264","Dapp1","hurdle",5.82322378299453e-07,-2.527745,-1.77444,0.753305,0.552
"23","9130230L23Rik","hurdle",2.11420223449954e-05,-2.229076,-1.614864,0.614212,0.552
"924","Srpx2","hurdle",9.18795436706989e-36,-3.310208,-2.131597,1.178611,0.551
"852","Shkbp1","hurdle",8.5658680072121e-06,-2.286476,-1.614864,0.671612,0.551
"809","Rprml","hurdle",6.97321250318188e-18,-3.11203,-1.77444,1.33759,0.551
"755","Pxmp4","hurdle",9.10391586870793e-05,-1.651673,-1.096896,0.554777,0.551
"683","Pfkl","hurdle",1.29882472634325e-06,-1.4440398,-0.8435647,0.6004751,0.551
"663","Otud7b","hurdle",2.02787444831064e-05,-2.260307,-1.614864,0.645443,0.551
"649","Nudt7","hurdle",2.2792030647824e-05,-2.290501,-1.653134,0.637367,0.551
"410","Gpcpd1","hurdle",1.20017554594378e-08,-2.764688,-1.930198,0.83449,0.551
"338","Fam63b","hurdle",2.66645847344727e-05,-2.254119,-1.614864,0.639255,0.551
"316","Erlec1","hurdle",0.000360731235784289,-1.4398835,-0.8885121,0.5513714,0.551
"295","Dvl1","hurdle",0.00022050133908276,-1.969264,-1.437405,0.531859,0.551
"126","Baz2a","hurdle",4.8658011628589e-06,-1.5848448,-0.9828394,0.6020054,0.551
"923","Srpk2","hurdle",3.44953795704526e-05,-2.252436,-1.633872,0.618564,0.55
"876","Slc41a3","hurdle",2.90019171490864e-24,-3.268788,-2.186668,1.08212,0.55
"770","Rab5b","hurdle",3.18308617660195e-10,-2.16593,-1.420803,0.745127,0.55
"740","Prox1","hurdle",2.55505298179004e-15,-3.106951,-2.052741,1.05421,0.55
"654","Oas3","hurdle",4.15823893568035e-07,-2.272764,-1.420803,0.851961,0.55
"551","Lmo2","hurdle",3.76467833745973e-27,-3.272195,-1.977974,1.294221,0.55
"475","Ifih1","hurdle",2.21673932046494e-05,-2.279032,-1.633872,0.64516,0.55
"398","Gm9917","hurdle",1.07525470560429e-16,-3.107966,-2.078551,1.029415,0.55
"224","Cmtm3","hurdle",9.23081313954847e-16,-3.148086,-2.15887,0.989216,0.55
"200","Cfap36","hurdle",6.2287950068596e-05,-2.187745,-1.577583,0.610162,0.55
"157","Cabp1","hurdle",1.00322375974693e-25,-3.277891,-2.30355,0.974341,0.55
"99","Atp13a2","hurdle",4.31127426740233e-07,-2.374047,-1.633872,0.740175,0.55
"55","Akr1b10","hurdle",4.33054694975283e-06,-2.393701,-1.672657,0.721044,0.55
"947","Susd3","hurdle",1.49776044600991e-30,-3.302061,-2.27343,1.028631,0.549
"746","Pstpip1","hurdle",5.13979824387129e-31,-3.304384,-2.10483,1.199554,0.549
"641","Nptn","hurdle",2.74189024613432e-06,-1.40581,-0.8325433,0.5732667,0.549
"478","Ifnar2","hurdle",1.00625456037854e-10,-2.231837,-1.437405,0.794432,0.549
"418","Grk6","hurdle",0.000251493418941075,-1.584845,-1.045088,0.539757,0.549
"902","Socs1","hurdle",6.87583051370755e-10,-2.857158,-1.817253,1.039905,0.548
"838","Sema7a","hurdle",6.93478785404395e-05,-2.002355,-1.372114,0.630241,0.548
"660","Orai2","hurdle",7.03857002642101e-06,-2.462082,-1.839146,0.622936,0.548
"406","Gngt2","hurdle",4.51262499683408e-09,-2.787255,-1.906891,0.880364,0.548
"392","Gm17322","hurdle",3.43879550643757e-08,-2.767089,-1.930198,0.836891,0.548
"43","Adgrg2","hurdle",3.15574795867276e-29,-3.299741,-2.27343,1.026311,0.548
"1059","Unc5b","hurdle",4.31683584116606e-10,-2.970647,-2.10483,0.865817,0.547
"1024","Trp53inp2","hurdle",5.64124216052749e-07,-2.642092,-1.953888,0.688204,0.547
"1007","Tnik","hurdle",2.70271025894527e-05,-2.374657,-1.77444,0.600217,0.547
"870","Slc29a3","hurdle",1.21550925615097e-07,-2.77754,-2.002468,0.775072,0.547
"868","Slc25a33","hurdle",0.000174793786083961,-2.120704,-1.523408,0.597296,0.547
"827","Scd2","hurdle",1.09013562292223e-05,-2.333744,-1.633872,0.699872,0.547
"720","Pof1b","hurdle",5.3553941162509e-09,-2.67779,-1.861376,0.816414,0.547
"419","Gskip","hurdle",0.00104525784876722,-1.844001,-1.340544,0.503457,0.547
"354","Fig4","hurdle",4.76272843840447e-07,-2.610128,-1.861376,0.748752,0.547
"91","Armcx3","hurdle",5.15601812416003e-16,-3.146001,-2.186668,0.959333,0.547
"83","Arhgef2","hurdle",1.94344114026785e-06,-2.560691,-1.817253,0.743438,0.547
"72","Apba3","hurdle",0.000114786734663314,-2.229628,-1.633872,0.595756,0.547
"1009","Tpk1","hurdle",2.56894020487933e-07,-2.342073,-1.614864,0.727209,0.546
"767","Rab3d","hurdle",0.000196375925612789,-1.5551479,-0.9950761,0.5600718,0.546
"736","Prmt2","hurdle",1.38569796941115e-09,-2.906596,-2.052741,0.853855,0.546
"716","Pmel","hurdle",2.22768092157898e-17,-3.17016,-2.10483,1.06533,0.546
"657","Ogg1","hurdle",1.12582575485852e-05,-1.753138,-1.164387,0.588751,0.546
"516","Kdelr3","hurdle",1.48955550352391e-13,-3.106951,-2.215013,0.891938,0.546
"490","Il4ra","hurdle",1.51438300520608e-05,-2.45755,-1.77444,0.68311,0.546
"197","Cds2","hurdle",0.000897710360273915,-1.802362,-1.294447,0.507915,0.546
"857","Sipa1l3","hurdle",0.000335756003705226,-1.930171,-1.372114,0.558057,0.545
"785","Rfesd","hurdle",9.33062925768931e-05,-2.374047,-1.77444,0.599607,0.545
"776","Rap2a","hurdle",5.03762769391024e-06,-2.474454,-1.77444,0.700014,0.545
"759","Rab10os","hurdle",7.70815692259867e-10,-1.840626,-1.150634,0.689992,0.545
"708","Plekhg5","hurdle",7.81462580824632e-10,-2.820951,-1.930198,0.890753,0.545
"585","Mfap1b","hurdle",8.2116251279256e-05,-2.042513,-1.454201,0.588312,0.545
"483","Igtp","hurdle",0.000974418552852732,-1.899994,-1.340544,0.55945,0.545
"457","Homer3","hurdle",2.66953218311117e-10,-2.986414,-2.10483,0.881584,0.545
"312","Enpp4","hurdle",2.71859500627676e-10,-2.813487,-1.906891,0.906596,0.545
"310","Enc1","hurdle",1.47657920271696e-08,-2.78158,-1.953888,0.827692,0.545
"232","Coq3","hurdle",0.000304671404064365,-1.848656,-1.30965,0.539006,0.545
"1018","Trim15","hurdle",4.47901301001786e-12,-3.080829,-2.078551,1.002278,0.544
"1008","Tor1aip1","hurdle",0.000360029455860334,-2.086316,-1.523408,0.562908,0.544
"960","Tbc1d10b","hurdle",0.000869082671842264,-1.886443,-1.356242,0.530201,0.544
"945","Sufu","hurdle",8.91752942434736e-07,-2.768692,-2.052741,0.715951,0.544
"685","Pgm2l1","hurdle",7.38457725283226e-07,-2.408619,-1.653134,0.755485,0.544
"597","Mllt11","hurdle",8.06698628072719e-06,-2.623119,-1.977974,0.645145,0.544
"559","Ltb","hurdle",3.48988677634063e-16,-3.157505,-2.052741,1.104764,0.544
"381","Gimap5","hurdle",2.31282639369379e-06,-2.295114,-1.596103,0.699011,0.544
"331","Fam216a","hurdle",6.66851808799948e-05,-2.451101,-1.839146,0.611955,0.544
"176","Cbr3","hurdle",4.56132202773094e-16,-3.168043,-2.131597,1.036446,0.544
"60","Aldoc","hurdle",4.67409103257949e-10,-2.841047,-1.930198,0.910849,0.544
"977","Tmem106a","hurdle",0.000300116424847353,-2.193116,-1.596103,0.597013,0.543
"899","Snrnp35","hurdle",1.47094889284582e-05,-2.398036,-1.732861,0.665175,0.543
"761","Rab11fip4","hurdle",9.08298590322776e-17,-3.200128,-2.215013,0.985115,0.543
"639","Nol4l","hurdle",0.000451599046673554,-2.260307,-1.712513,0.547794,0.543
"630","Necap1","hurdle",4.31164812424992e-05,-2.266522,-1.653134,0.613388,0.543
"619","Myzap","hurdle",3.32457645074405e-08,-2.882099,-2.027386,0.854713,0.543
"607","Mta3","hurdle",0.000871067256439438,-1.797445,-1.294447,0.502998,0.543
"601","Mospd3","hurdle",5.46113430298306e-08,-1.802773,-1.178272,0.624501,0.543
"550","Lmf1","hurdle",9.92442711982542e-06,-2.05029,-1.437405,0.612885,0.543
"414","Gprc5a","hurdle",9.19686524010123e-16,-3.07884,-2.334312,0.744528,0.543
"1035","Tspo2","hurdle",1.91363075276758e-19,-3.191502,-2.078551,1.112951,0.542
"907","Sp110","hurdle",2.31101585316783e-07,-2.684582,-1.930198,0.754384,0.542
"849","Sh3kbp1","hurdle",2.88907551383064e-17,-3.239597,-2.30355,0.936047,0.542
"637","Nipal3","hurdle",8.29993692865841e-05,-2.2882,-1.653134,0.635066,0.542
"515","Kctd15","hurdle",2.61563226862066e-08,-2.954137,-2.243926,0.710211,0.542
"480","Igfbpl1","hurdle",9.80004778769918e-23,-3.28935,-2.430742,0.858608,0.542
"456","Homer1","hurdle",9.37155773181735e-08,-2.857158,-2.078551,0.778607,0.542
"443","Hip1r","hurdle",0.00123196178592344,-1.789695,-1.279403,0.510292,0.542
"285","Dnajc17","hurdle",0.00130575693079376,-1.896047,-1.372114,0.523933,0.542
"203","Chat","hurdle",9.02331507689958e-30,-3.314885,-2.334312,0.980573,0.542
"142","Borcs5","hurdle",6.90158763805466e-06,-2.135622,-1.523408,0.612214,0.542
"104","Atp6v0a1","hurdle",1.57768965127899e-05,-2.630387,-1.977974,0.652413,0.542
"38","Acer3","hurdle",2.00485425310115e-05,-2.636959,-2.002468,0.634491,0.542
"965","Terf2","hurdle",0.000107532019436074,-2.179192,-1.596103,0.583089,0.541
"915","Spsb2","hurdle",0.000375848238500209,-2.326053,-1.753501,0.572552,0.541
"840","Serinc1","hurdle",0.000288347053486679,-1.732657,-1.220749,0.511908,0.541
"814","Rtn4ip1","hurdle",2.26562570740079e-09,-2.518951,-1.712513,0.806438,0.541
"667","Pacs2","hurdle",0.000151248169501582,-2.180792,-1.596103,0.584689,0.541
"638","Nmrk1","hurdle",0.00129385834608207,-2.008498,-1.488389,0.520109,0.541
"533","Lactb","hurdle",6.81096250535906e-06,-2.603676,-1.906891,0.696785,0.541
"425","H1fx","hurdle",0.000245441031271933,-2.309625,-1.692447,0.617178,0.541
"322","Etos1","hurdle",5.20117273128361e-31,-3.319577,-2.334312,0.985265,0.541
"293","Dtnb","hurdle",6.07118775233204e-05,-2.483639,-1.839146,0.644493,0.541
"257","Cyp20a1","hurdle",0.000360121739651606,-2.242935,-1.672657,0.570278,0.541
"152","C1qtnf4","hurdle",2.315496167232e-07,-2.67779,-1.906891,0.770899,0.541
"1038","Ttll11","hurdle",1.36783212913905e-27,-3.313714,-2.365744,0.94797,0.54
"928","St3gal2","hurdle",1.91165116149368e-17,-3.256366,-2.397877,0.858489,0.54
"900","Snx11","hurdle",8.49639270455565e-05,-2.576749,-1.953888,0.622861,0.54
"676","Pde4dip","hurdle",0.00173153043380839,-2.064002,-1.559298,0.504704,0.54
"584","Mef2d","hurdle",0.000615928686766721,-2.041543,-1.505792,0.535751,0.54
"561","Ltf","hurdle",8.42546366123396e-16,-3.23405,-2.27343,0.96062,0.54
"304","Ehbp1l1","hurdle",2.99255891788287e-05,-2.623844,-1.977974,0.64587,0.54
"294","Dusp14","hurdle",4.25411355979327e-14,-3.190428,-2.30355,0.886878,0.54
"143","Borcs6","hurdle",5.46626852579573e-06,-2.65983,-1.953888,0.705942,0.54
"87","Arl5a","hurdle",3.23475494831022e-05,-2.512893,-1.883954,0.628939,0.54
"967","Tiparp","hurdle",5.02957010631305e-06,-2.63989,-1.930198,0.709692,0.539
"909","Spats2","hurdle",5.81240287456868e-06,-2.373437,-1.732861,0.640576,0.539
"620","Narf","hurdle",9.17312132828778e-05,-2.613005,-2.002468,0.610537,0.539
"583","Mecp2","hurdle",3.08477834067768e-05,-1.836838,-1.264515,0.572323,0.539
"420","Gstm7","hurdle",0.00187355580380248,-2.135622,-1.614864,0.520758,0.539
"391","Gm15972","hurdle",1.07950928706192e-07,-2.983619,-2.30355,0.680069,0.539
"66","Angptl8","hurdle",4.23858358832199e-07,-2.773512,-2.002468,0.771044,0.539
"46","Aebp2","hurdle",8.68033890324787e-06,-1.5098738,-0.9828394,0.5270344,0.539
"7","1700112E06Rik","hurdle",6.42331934554086e-08,-2.983619,-2.243926,0.739693,0.539
"892","Smpd1","hurdle",5.29200397713881e-06,-2.856305,-2.186668,0.669637,0.538
"737","Prnp","hurdle",1.84978823829126e-11,-3.117126,-2.186668,0.930458,0.538
"664","P2rx1","hurdle",4.34592205980985e-27,-3.316056,-2.397877,0.918179,0.538
"512","Kcnj16","hurdle",1.3006558812971e-26,-3.314885,-2.365744,0.949141,0.538
"307","Ell2","hurdle",0.000240900933869793,-2.516929,-1.930198,0.586731,0.538
"67","Ank2","hurdle",2.630603884738e-26,-3.312545,-2.27343,1.039115,0.538
"1090","Zfhx2","hurdle",1.03661324030089e-07,-2.835997,-2.10483,0.731167,0.537
"1085","Zbtb4","hurdle",3.68728390317548e-06,-2.843579,-2.131597,0.711982,0.537
"1074","Wdfy1","hurdle",0.00105421811906442,-2.010393,-1.488389,0.522004,0.537
"972","Tm7sf2","hurdle",4.555717819623e-05,-2.536594,-1.906891,0.629703,0.537
"927","St18","hurdle",1.21217067343047e-18,-3.281319,-2.365744,0.915575,0.537
"825","Sbsn","hurdle",0.000181388289778789,-2.630387,-2.027386,0.603001,0.537
"713","Plod3","hurdle",5.03531664726399e-06,-2.293382,-1.672657,0.620725,0.537
"618","Myrfl","hurdle",0.00108994932087516,-2.388762,-1.861376,0.527386,0.537
"525","Klhdc1","hurdle",1.82498768393002e-07,-2.837678,-2.10483,0.732848,0.537
"465","Hps5","hurdle",0.000148481311104446,-2.664299,-2.078551,0.585748,0.537
"397","Gm9530","hurdle",4.93667517268443e-26,-3.220824,-2.027386,1.193438,0.537
"51","AI846148","hurdle",9.1506929124901e-07,-2.884704,-2.131597,0.753107,0.537
"11","2210011C24Rik","hurdle",2.23502248004052e-11,-3.131491,-2.334312,0.797179,0.537
"914","Spire2","hurdle",3.2415907129067e-05,-2.252996,-1.672657,0.580339,0.536
"730","Ppp2r3c","hurdle",0.00203264109440757,-2.256366,-1.732861,0.523505,0.536
"694","Pir","hurdle",8.00553827347215e-06,-2.858864,-2.186668,0.672196,0.536
"668","Padi1","hurdle",1.50140679970529e-21,-3.304384,-2.464372,0.840012,0.536
"659","Optn","hurdle",0.00302047114777546,-2.119169,-1.596103,0.523066,0.536
"631","Nek7","hurdle",3.84458686984129e-05,-2.689129,-2.052741,0.636388,0.536
"492","Inafm2","hurdle",1.58655465835606e-06,-2.559997,-1.906891,0.653106,0.536
"327","Fam167a","hurdle",2.35688143852536e-24,-3.304384,-2.534081,0.770303,0.536
"47","Agbl3","hurdle",9.33438531470946e-08,-3.030925,-2.30355,0.727375,0.536
"863","Slc1a4","hurdle",5.38801030173911e-06,-2.770297,-2.052741,0.717556,0.535
"742","Prr15","hurdle",0.000123400768367528,-2.700557,-2.131597,0.56896,0.535
"355","Fkbp9","hurdle",2.30732448978177e-06,-2.961452,-2.30355,0.657902,0.535
"326","Fam105a","hurdle",1.65497566860861e-08,-3.044453,-2.243926,0.800527,0.535
"96","Atg14","hurdle",1.38741982504198e-05,-2.713621,-2.052741,0.66088,0.535
"932","Stambpl1","hurdle",0.000195450582793976,-2.725246,-2.186668,0.538578,0.534
"916","Sptb","hurdle",3.18248071117622e-22,-3.312545,-2.498806,0.813739,0.534
"753","Ptpre","hurdle",1.26529339327288e-07,-3.073877,-2.365744,0.708133,0.534
"643","Nrbp2","hurdle",2.95276769196321e-06,-2.927035,-2.243926,0.683109,0.534
"610","Mtmr7","hurdle",0.00125897571244918,-2.446603,-1.906891,0.539712,0.534
"558","Lsm14b","hurdle",0.000455812007467584,-2.641358,-2.131597,0.509761,0.534
"549","Lmbr1","hurdle",0.000679582465805797,-2.605823,-2.10483,0.500993,0.534
"503","Itpkb","hurdle",6.97884349254656e-07,-3.022294,-2.334312,0.687982,0.534
"10","2010005H15Rik","hurdle",1.06184963505569e-21,-3.309042,-2.243926,1.065116,0.534
"998","Tmem62","hurdle",3.68840016265751e-06,-2.998589,-2.365744,0.632845,0.533
"724","Pot1a","hurdle",0.000697983021972741,-2.665045,-2.131597,0.533448,0.533
"510","Kat2b","hurdle",0.000706622764507381,-2.671029,-2.15887,0.512159,0.533
"417","Grasp","hurdle",7.80202608275269e-06,-2.8908,-2.215013,0.675787,0.533
"341","Fam83h","hurdle",0.00010902498028768,-2.207175,-1.633872,0.573303,0.533
"234","Cpeb2","hurdle",8.11929944564908e-06,-2.944141,-2.30355,0.640591,0.533
"113","Atxn1","hurdle",6.29455207477169e-05,-2.610128,-1.977974,0.632154,0.533
"111","Atp8a1","hurdle",0.00226182108221571,-2.278461,-1.77444,0.504021,0.533
"71","Ap1s2","hurdle",6.65394772365595e-15,-3.273332,-2.570241,0.703091,0.533
"1083","Ypel5","hurdle",0.000294154755013458,-2.763089,-2.186668,0.576421,0.532
"976","Tmc8","hurdle",3.82839886926775e-05,-2.865709,-2.243926,0.621783,0.532
"954","Taf9b","hurdle",2.88674556865035e-13,-3.246281,-2.498806,0.747475,0.532
"817","Rusc1","hurdle",5.78092306379504e-11,-2.599391,-1.906891,0.6925,0.532
"573","Map2","hurdle",1.29086909584266e-18,-3.304384,-2.430742,0.873642,0.532
"567","Macrod2","hurdle",5.42695317328633e-08,-1.841891,-1.264515,0.577376,0.532
"376","Gdpd5","hurdle",0.000340234098529031,-2.772707,-2.215013,0.557694,0.532
"320","Esyt1","hurdle",0.000935315225208802,-2.643562,-2.078551,0.565011,0.532
"89","Armc7","hurdle",2.02915662230938e-06,-3.034777,-2.430742,0.604035,0.532
"846","Sgk3","hurdle",2.68253189361542e-07,-3.045424,-2.365744,0.67968,0.531
"806","Rom1","hurdle",5.83824780900263e-07,-3.103913,-2.464372,0.639541,0.531
"506","Izumo4","hurdle",0.000202552962195878,-2.187745,-1.672657,0.515088,0.531
"453","Hmox1","hurdle",3.71714616638752e-17,-3.297426,-2.430742,0.866684,0.531
"283","Dnajb2","hurdle",0.000886407809558489,-2.55584,-2.027386,0.528454,0.531
"27","Abcb9","hurdle",0.000265647554635115,-2.792138,-2.186668,0.60547,0.531
"1086","Zdhhc17","hurdle",1.71958406200432e-07,-2.869144,-2.215013,0.654131,0.53
"691","Pilrb2","hurdle",1.7547154832212e-22,-3.318402,-2.498806,0.819596,0.53
"599","Mn1","hurdle",1.04339335805862e-21,-3.318402,-2.534081,0.784321,0.53
"511","Kcnd3","hurdle",6.17236474417618e-21,-3.317229,-2.645398,0.671831,0.53
"389","Gm14295","hurdle",8.20351527796018e-08,-3.13046,-2.430742,0.699718,0.53
"279","Dhx58","hurdle",0.003590317165297,-2.471188,-1.953888,0.5173,0.53
"128","BC017643","hurdle",6.02250088351404e-05,-2.45755,-1.906891,0.550659,0.53
"123","Bahd1","hurdle",0.000825803419184963,-2.744043,-2.215013,0.52903,0.53
"1096","Zswim8","hurdle",0.0018400780524448,-2.496863,-1.977974,0.518889,0.529
"963","Tcf7l1","hurdle",2.41839720099764e-17,-3.303222,-2.60733,0.695892,0.529
"860","Slc16a2","hurdle",6.48655018763934e-08,-3.168043,-2.498806,0.669237,0.529
"845","Sfxn3","hurdle",0.000812217696048685,-2.801952,-2.27343,0.528522,0.529
"598","Mmp23","hurdle",3.83036675911683e-11,-3.245165,-2.534081,0.711084,0.529
"591","Micall1","hurdle",0.000480725751022889,-2.758304,-2.186668,0.571636,0.529
"526","Klhl18","hurdle",1.61583677350857e-06,-2.771903,-2.131597,0.640306,0.529
"488","Il18bp","hurdle",8.99627273184759e-09,-2.93962,-2.15887,0.78075,0.529
"180","Ccdc126","hurdle",1.25414920723118e-05,-3.054194,-2.464372,0.589822,0.529
"151","C030034I22Rik","hurdle",0.00115070788200729,-2.763089,-2.243926,0.519163,0.529
"90","Armcx1","hurdle",1.12979107122409e-08,-2.990149,-2.215013,0.775136,0.529
"1079","Xkr9","hurdle",2.74755940660152e-06,-3.09082,-2.498806,0.592014,0.528
"1037","Ttc22","hurdle",0.000954963810469163,-2.788881,-2.27343,0.515451,0.528
"789","Rgs14","hurdle",9.23558599052906e-12,-3.271059,-2.60733,0.663729,0.528
"575","Mapk1ip1","hurdle",0.000282316452571887,-2.797855,-2.243926,0.553929,0.528
"493","Inhbc","hurdle",1.24313086475755e-21,-3.320752,-2.684498,0.636254,0.528
"369","Gbp7","hurdle",0.000540491092312067,-2.847809,-2.30355,0.544259,0.528
"302","Efnb2","hurdle",8.09901154488726e-05,-2.850352,-2.186668,0.663684,0.528
"261","D6Wsu163e","hurdle",0.000323304005550694,-2.921675,-2.397877,0.523798,0.528
"1000","Tmem74b","hurdle",3.98781363100299e-12,-3.284755,-2.645398,0.639357,0.527
"937","Stox2","hurdle",2.69181771056817e-06,-3.114066,-2.498806,0.61526,0.527
"901","Snx32","hurdle",1.97780164691828e-17,-3.311376,-2.498806,0.81257,0.527
"853","Siae","hurdle",0.000250934813656794,-2.715165,-2.15887,0.556295,0.527
"781","Rdx","hurdle",1.7258696635329e-13,-3.293959,-2.60733,0.686629,0.527
"744","Prss53","hurdle",2.2583118754903e-14,-3.297426,-2.60733,0.690096,0.527
"449","Hk1os","hurdle",3.18323846149003e-09,-3.235158,-2.645398,0.58976,0.527
"412","Gpr18","hurdle",1.2341048448369e-17,-3.306711,-2.684498,0.622213,0.527
"135","Bicd1","hurdle",1.4531972957512e-06,-2.716711,-2.131597,0.585114,0.527
"28","Abcc10","hurdle",0.000153183582592499,-2.730703,-2.186668,0.544035,0.527
"1044","Tubg2","hurdle",1.09388560780641e-12,-3.282463,-2.60733,0.675133,0.526
"934","Stat2","hurdle",0.00141665365854169,-2.51088,-1.977974,0.532906,0.526
"810","Rsad2","hurdle",1.69892593885983e-07,-3.043482,-1.633872,1.40961,0.526
"734","Prdm13","hurdle",5.58658520806692e-20,-3.320752,-2.570241,0.750511,0.526
"673","Pcdh20","hurdle",1.6419645494215e-19,-3.316056,-2.684498,0.631558,0.526
"288","Dock8","hurdle",0.000398920126024509,-2.876903,-2.30355,0.573353,0.526
"281","Dmkn","hurdle",3.12191580371265e-11,-3.257491,-2.570241,0.68725,0.526
"129","BC022687","hurdle",2.19153684714775e-07,-3.199047,-2.645398,0.553649,0.526
"102","Atp2b2","hurdle",2.71654924644046e-18,-3.318402,-2.724687,0.593715,0.526
"35","Ablim3","hurdle",4.68123486527863e-19,-3.319577,-2.684498,0.635079,0.526
"34","Abi3","hurdle",7.54719436349393e-06,-2.789695,-2.215013,0.574682,0.526
"1047","U90926","hurdle",3.96017292936802e-17,-3.311376,-2.215013,1.096363,0.525
"865","Slc25a12","hurdle",0.000396857435657841,-2.72136,-2.215013,0.506347,0.525
"774","Rac3","hurdle",0.000427271287723726,-2.968803,-2.430742,0.538061,0.525
"687","Phldb3","hurdle",1.14528311952557e-05,-2.972493,-2.365744,0.606749,0.525
"658","Opn3","hurdle",6.35873373902566e-06,-3.138728,-2.60733,0.531398,0.525
"462","Hoxa5","hurdle",3.19153927222012e-09,-3.249635,-2.684498,0.565137,0.525
"388","Gm12976","hurdle",3.50308830577607e-13,-3.300901,-2.684498,0.616403,0.525
"235","Cpeb4","hurdle",3.09550770968061e-05,-3.077846,-2.570241,0.507605,0.525
"229","Col9a3","hurdle",4.83910685478349e-12,-3.292805,-2.684498,0.608307,0.525
"177","Ccbe1","hurdle",8.88313381600149e-06,-3.133555,-2.570241,0.563314,0.525
"1058","Unc13d","hurdle",2.74362813245238e-07,-3.224119,-2.684498,0.539621,0.524
"883","Slc6a9","hurdle",6.45483448426005e-05,-3.095842,-2.570241,0.525601,0.524
"165","Camkk1","hurdle",4.66354233455305e-10,-3.272195,-2.684498,0.587697,0.524
"875","Slc39a13","hurdle",1.4702011646274e-05,-3.018475,-2.464372,0.554103,0.523
"787","Rgma","hurdle",3.79759850946517e-14,-3.310208,-2.766028,0.54418,0.523
"782","Reep1","hurdle",1.82896711677924e-11,-3.296269,-2.766028,0.530241,0.523
"735","Prkcb","hurdle",4.60362496638451e-15,-3.314885,-2.766028,0.548857,0.523
"715","Plvap","hurdle",9.7055907871616e-13,-3.306711,-2.766028,0.540683,0.523
"666","P4ha1","hurdle",2.21793390013888e-06,-3.193654,-2.684498,0.509156,0.523
"636","Nfe2l3","hurdle",9.7112329796791e-08,-3.231837,-2.60733,0.624507,0.523
"546","Lipo1","hurdle",0.000652127325346406,-2.81266,-2.30355,0.50911,0.523
"461","Hoxa4","hurdle",1.17430751096181e-07,-3.242935,-2.684498,0.558437,0.523
"459","Hopxos","hurdle",2.28490374462015e-05,-3.135622,-2.60733,0.528292,0.523
"413","Gpr27","hurdle",1.05272888253361e-16,-3.318402,-2.684498,0.633904,0.523
"382","Gimap8","hurdle",3.51452625740677e-12,-3.299741,-2.684498,0.615243,0.523
"289","Dok2","hurdle",1.28499470102884e-11,-3.298583,-2.684498,0.614085,0.523
"226","Cnih3","hurdle",1.29619717262933e-15,-3.316056,-2.724687,0.591369,0.523
"136","Bik","hurdle",9.35415090834409e-05,-2.943235,-2.365744,0.577491,0.523
"116","Azin2","hurdle",5.38609514896287e-08,-3.246281,-2.724687,0.521594,0.523
"100","Atp1a2","hurdle",7.50370342493007e-17,-3.318402,-2.60733,0.711072,0.523
"81","Arhgap4","hurdle",6.64248004810567e-08,-3.248516,-2.724687,0.523829,0.523
"796","Rinl","hurdle",5.99748780398177e-10,-3.287051,-2.724687,0.562364,0.522
"712","Plod1","hurdle",1.88019390936832e-08,-3.228525,-2.60733,0.621195,0.522
"678","Pde8a","hurdle",7.70166108125233e-08,-3.229628,-2.645398,0.58423,0.522
"644","Nrep","hurdle",4.875209908879e-06,-3.140802,-2.534081,0.606721,0.522
"538","Lca5","hurdle",7.79464419644249e-05,-3.146001,-2.645398,0.500603,0.522
"416","Gpt2","hurdle",1.54827296977737e-06,-3.209895,-2.645398,0.564497,0.522
"368","Gbp3","hurdle",7.20883258126297e-05,-2.824281,-2.243926,0.580355,0.522
"21","5033430I15Rik","hurdle",0.000453772987972055,-2.986414,-2.464372,0.522042,0.522
"1091","Zfp385b","hurdle",1.96625555212052e-08,-3.263129,-2.60733,0.655799,0.521
"1070","Vsig2","hurdle",0.00431031631021645,-2.806061,-2.243926,0.562135,0.521
"757","Pzp","hurdle",5.00288510077709e-15,-3.311376,-2.808589,0.502787,0.521
"650","Nxpe2","hurdle",3.64671516679767e-17,-3.319577,-2.724687,0.59489,0.521
"364","Gabra1","hurdle",4.03728778551428e-13,-3.313714,-2.808589,0.505125,0.521
"230","Colq","hurdle",4.57634298093976e-15,-3.318402,-2.766028,0.552374,0.521
"159","Cacnb4","hurdle",3.92153646211751e-12,-3.310208,-2.808589,0.501619,0.521
"17","4833423E24Rik","hurdle",1.06861710398506e-15,-3.318402,-2.645398,0.673004,0.521
"955","Tanc2","hurdle",2.54811288917284e-05,-3.166986,-2.645398,0.521588,0.52
"747","Ptgis","hurdle",1.38411159276141e-06,-3.229628,-2.684498,0.54513,0.52
"686","Phf1","hurdle",0.00148731344940254,-2.942331,-2.430742,0.511589,0.52
"6","1700088E04Rik","hurdle",5.14176449535128e-05,-3.150174,-2.645398,0.504776,0.52
"477","Ifit1bl1","hurdle",1.90350338249103e-05,-2.689888,-1.249778,1.44011,0.519
"217","Cldn14","hurdle",2.71517472937843e-12,-3.314885,-2.766028,0.548857,0.519
"216","Clca2","hurdle",1.19989928811789e-12,-3.316056,-2.724687,0.591369,0.519
"1006","Tnc","hurdle",5.1744049286468e-11,-3.310208,-2.808589,0.501619,0.517
"330","Fam19a1","hurdle",7.47259705518793e-11,-3.314885,-2.766028,0.548857,0.517
"134","Bfsp2","hurdle",3.96361456595465e-15,-3.321928,-2.808589,0.513339,0.517
"859","Slamf9","hurdle",2.34848498541889e-09,-3.295114,-2.645398,0.649716,0.516
"119","B3gnt6","hurdle",1.60855963194661e-07,-3.2882,-2.766028,0.522172,0.516
"693","Pip5kl1","hurdle",6.99230831708161e-11,-3.319577,-2.684498,0.635079,0.515
"314","Epgn","hurdle",4.55718256825309e-07,-3.317229,-2.766028,0.551201,0.511
